--
-- PostgreSQL database dump
--

-- Dumped from database version 14.10 (Ubuntu 14.10-0ubuntu0.22.04.1)
-- Dumped by pg_dump version 14.10 (Ubuntu 14.10-0ubuntu0.22.04.1)

SET statement_timeout = 0;
SET lock_timeout = 0;
SET idle_in_transaction_session_timeout = 0;
SET client_encoding = 'UTF8';
SET standard_conforming_strings = on;
SELECT pg_catalog.set_config('search_path', '', false);
SET check_function_bodies = false;
SET xmloption = content;
SET client_min_messages = warning;
SET row_security = off;

SET default_tablespace = '';

SET default_table_access_method = heap;

--
-- Name: auth_group; Type: TABLE; Schema: public; Owner: pi
--

CREATE TABLE public.auth_group (
    id integer NOT NULL,
    name character varying(150) NOT NULL
);


ALTER TABLE public.auth_group OWNER TO pi;

--
-- Name: auth_group_id_seq; Type: SEQUENCE; Schema: public; Owner: pi
--

ALTER TABLE public.auth_group ALTER COLUMN id ADD GENERATED BY DEFAULT AS IDENTITY (
    SEQUENCE NAME public.auth_group_id_seq
    START WITH 1
    INCREMENT BY 1
    NO MINVALUE
    NO MAXVALUE
    CACHE 1
);


--
-- Name: auth_group_permissions; Type: TABLE; Schema: public; Owner: pi
--

CREATE TABLE public.auth_group_permissions (
    id bigint NOT NULL,
    group_id integer NOT NULL,
    permission_id integer NOT NULL
);


ALTER TABLE public.auth_group_permissions OWNER TO pi;

--
-- Name: auth_group_permissions_id_seq; Type: SEQUENCE; Schema: public; Owner: pi
--

ALTER TABLE public.auth_group_permissions ALTER COLUMN id ADD GENERATED BY DEFAULT AS IDENTITY (
    SEQUENCE NAME public.auth_group_permissions_id_seq
    START WITH 1
    INCREMENT BY 1
    NO MINVALUE
    NO MAXVALUE
    CACHE 1
);


--
-- Name: auth_permission; Type: TABLE; Schema: public; Owner: pi
--

CREATE TABLE public.auth_permission (
    id integer NOT NULL,
    name character varying(255) NOT NULL,
    content_type_id integer NOT NULL,
    codename character varying(100) NOT NULL
);


ALTER TABLE public.auth_permission OWNER TO pi;

--
-- Name: auth_permission_id_seq; Type: SEQUENCE; Schema: public; Owner: pi
--

ALTER TABLE public.auth_permission ALTER COLUMN id ADD GENERATED BY DEFAULT AS IDENTITY (
    SEQUENCE NAME public.auth_permission_id_seq
    START WITH 1
    INCREMENT BY 1
    NO MINVALUE
    NO MAXVALUE
    CACHE 1
);


--
-- Name: auth_user; Type: TABLE; Schema: public; Owner: pi
--

CREATE TABLE public.auth_user (
    id integer NOT NULL,
    password character varying(128) NOT NULL,
    last_login timestamp with time zone,
    is_superuser boolean NOT NULL,
    username character varying(150) NOT NULL,
    first_name character varying(150) NOT NULL,
    last_name character varying(150) NOT NULL,
    email character varying(254) NOT NULL,
    is_staff boolean NOT NULL,
    is_active boolean NOT NULL,
    date_joined timestamp with time zone NOT NULL
);


ALTER TABLE public.auth_user OWNER TO pi;

--
-- Name: auth_user_groups; Type: TABLE; Schema: public; Owner: pi
--

CREATE TABLE public.auth_user_groups (
    id bigint NOT NULL,
    user_id integer NOT NULL,
    group_id integer NOT NULL
);


ALTER TABLE public.auth_user_groups OWNER TO pi;

--
-- Name: auth_user_groups_id_seq; Type: SEQUENCE; Schema: public; Owner: pi
--

ALTER TABLE public.auth_user_groups ALTER COLUMN id ADD GENERATED BY DEFAULT AS IDENTITY (
    SEQUENCE NAME public.auth_user_groups_id_seq
    START WITH 1
    INCREMENT BY 1
    NO MINVALUE
    NO MAXVALUE
    CACHE 1
);


--
-- Name: auth_user_id_seq; Type: SEQUENCE; Schema: public; Owner: pi
--

ALTER TABLE public.auth_user ALTER COLUMN id ADD GENERATED BY DEFAULT AS IDENTITY (
    SEQUENCE NAME public.auth_user_id_seq
    START WITH 1
    INCREMENT BY 1
    NO MINVALUE
    NO MAXVALUE
    CACHE 1
);


--
-- Name: auth_user_user_permissions; Type: TABLE; Schema: public; Owner: pi
--

CREATE TABLE public.auth_user_user_permissions (
    id bigint NOT NULL,
    user_id integer NOT NULL,
    permission_id integer NOT NULL
);


ALTER TABLE public.auth_user_user_permissions OWNER TO pi;

--
-- Name: auth_user_user_permissions_id_seq; Type: SEQUENCE; Schema: public; Owner: pi
--

ALTER TABLE public.auth_user_user_permissions ALTER COLUMN id ADD GENERATED BY DEFAULT AS IDENTITY (
    SEQUENCE NAME public.auth_user_user_permissions_id_seq
    START WITH 1
    INCREMENT BY 1
    NO MINVALUE
    NO MAXVALUE
    CACHE 1
);


--
-- Name: dashboard_agents; Type: TABLE; Schema: public; Owner: pi
--

CREATE TABLE public.dashboard_agents (
    id bigint NOT NULL,
    name character varying(200),
    street character varying(200),
    zip_code character varying(200),
    city character varying(200),
    email character varying(200),
    tax_num character varying(200),
    sales_tax character varying(200),
    account_name character varying(200),
    bank_name character varying(200),
    iban character varying(200),
    bic character varying(200),
    phone character varying(200),
    passive_mins character varying(200),
    active_mins character varying(200),
    status boolean NOT NULL,
    date_created timestamp with time zone,
    pin character varying(200)
);


ALTER TABLE public.dashboard_agents OWNER TO pi;

--
-- Name: dashboard_agents_id_seq; Type: SEQUENCE; Schema: public; Owner: pi
--

ALTER TABLE public.dashboard_agents ALTER COLUMN id ADD GENERATED BY DEFAULT AS IDENTITY (
    SEQUENCE NAME public.dashboard_agents_id_seq
    START WITH 1
    INCREMENT BY 1
    NO MINVALUE
    NO MAXVALUE
    CACHE 1
);


--
-- Name: dashboard_callstat; Type: TABLE; Schema: public; Owner: pi
--

CREATE TABLE public.dashboard_callstat (
    id bigint NOT NULL,
    number character varying(200),
    name character varying(200),
    total_time character varying(200),
    date_created timestamp with time zone
);


ALTER TABLE public.dashboard_callstat OWNER TO pi;

--
-- Name: dashboard_callstat_destination; Type: TABLE; Schema: public; Owner: pi
--

CREATE TABLE public.dashboard_callstat_destination (
    id bigint NOT NULL,
    callstat_id bigint NOT NULL,
    destinations_id bigint NOT NULL
);


ALTER TABLE public.dashboard_callstat_destination OWNER TO pi;

--
-- Name: dashboard_callstat_destination_id_seq; Type: SEQUENCE; Schema: public; Owner: pi
--

ALTER TABLE public.dashboard_callstat_destination ALTER COLUMN id ADD GENERATED BY DEFAULT AS IDENTITY (
    SEQUENCE NAME public.dashboard_callstat_destination_id_seq
    START WITH 1
    INCREMENT BY 1
    NO MINVALUE
    NO MAXVALUE
    CACHE 1
);


--
-- Name: dashboard_callstat_id_seq; Type: SEQUENCE; Schema: public; Owner: pi
--

ALTER TABLE public.dashboard_callstat ALTER COLUMN id ADD GENERATED BY DEFAULT AS IDENTITY (
    SEQUENCE NAME public.dashboard_callstat_id_seq
    START WITH 1
    INCREMENT BY 1
    NO MINVALUE
    NO MAXVALUE
    CACHE 1
);


--
-- Name: dashboard_client; Type: TABLE; Schema: public; Owner: pi
--

CREATE TABLE public.dashboard_client (
    id integer NOT NULL,
    name character varying(200),
    email character varying(200),
    date_created timestamp with time zone,
    user_id integer,
    place character varying(500),
    street character varying(500),
    tax_num character varying(200),
    zip_code character varying(200),
    invoice_email character varying(200),
    daily_stats boolean NOT NULL,
    form_fun boolean NOT NULL,
    invoice_creation boolean NOT NULL,
    monthly_stats boolean NOT NULL,
    weekly_stats boolean NOT NULL,
    company_name character varying(200),
    call_price character varying(200),
    country character varying(200),
    diss_info boolean NOT NULL,
    imp_info boolean NOT NULL,
    sales boolean NOT NULL
);


ALTER TABLE public.dashboard_client OWNER TO pi;

--
-- Name: dashboard_client_id_seq; Type: SEQUENCE; Schema: public; Owner: pi
--

ALTER TABLE public.dashboard_client ALTER COLUMN id ADD GENERATED BY DEFAULT AS IDENTITY (
    SEQUENCE NAME public.dashboard_client_id_seq
    START WITH 1
    INCREMENT BY 1
    NO MINVALUE
    NO MAXVALUE
    CACHE 1
);


--
-- Name: dashboard_destinations; Type: TABLE; Schema: public; Owner: pi
--

CREATE TABLE public.dashboard_destinations (
    id bigint NOT NULL,
    name character varying(200),
    number character varying(200) NOT NULL,
    email character varying(200),
    date_created timestamp with time zone,
    call_price character varying(200),
    price_percall character varying(200),
    free_calls integer,
    free_mins integer,
    free_call boolean NOT NULL,
    free_min boolean NOT NULL,
    monthly_fee boolean NOT NULL,
    monthly_fees integer,
    fd_cost character varying(200),
    forward_destination character varying(200)
);


ALTER TABLE public.dashboard_destinations OWNER TO pi;

--
-- Name: dashboard_destinations_id_seq; Type: SEQUENCE; Schema: public; Owner: pi
--

ALTER TABLE public.dashboard_destinations ALTER COLUMN id ADD GENERATED BY DEFAULT AS IDENTITY (
    SEQUENCE NAME public.dashboard_destinations_id_seq
    START WITH 1
    INCREMENT BY 1
    NO MINVALUE
    NO MAXVALUE
    CACHE 1
);


--
-- Name: dashboard_destinations_user; Type: TABLE; Schema: public; Owner: pi
--

CREATE TABLE public.dashboard_destinations_user (
    id bigint NOT NULL,
    destinations_id bigint NOT NULL,
    client_id integer NOT NULL
);


ALTER TABLE public.dashboard_destinations_user OWNER TO pi;

--
-- Name: dashboard_destinations_user_id_seq; Type: SEQUENCE; Schema: public; Owner: pi
--

ALTER TABLE public.dashboard_destinations_user ALTER COLUMN id ADD GENERATED BY DEFAULT AS IDENTITY (
    SEQUENCE NAME public.dashboard_destinations_user_id_seq
    START WITH 1
    INCREMENT BY 1
    NO MINVALUE
    NO MAXVALUE
    CACHE 1
);


--
-- Name: dashboard_disappearing_info; Type: TABLE; Schema: public; Owner: pi
--

CREATE TABLE public.dashboard_disappearing_info (
    id bigint NOT NULL,
    name character varying(200),
    info text NOT NULL,
    disappearing_time timestamp with time zone NOT NULL,
    date_created timestamp with time zone
);


ALTER TABLE public.dashboard_disappearing_info OWNER TO pi;

--
-- Name: dashboard_disappearing_info_destination; Type: TABLE; Schema: public; Owner: pi
--

CREATE TABLE public.dashboard_disappearing_info_destination (
    id bigint NOT NULL,
    disappearing_info_id bigint NOT NULL,
    destinations_id bigint NOT NULL
);


ALTER TABLE public.dashboard_disappearing_info_destination OWNER TO pi;

--
-- Name: dashboard_disappearing_info_destination_id_seq; Type: SEQUENCE; Schema: public; Owner: pi
--

ALTER TABLE public.dashboard_disappearing_info_destination ALTER COLUMN id ADD GENERATED BY DEFAULT AS IDENTITY (
    SEQUENCE NAME public.dashboard_disappearing_info_destination_id_seq
    START WITH 1
    INCREMENT BY 1
    NO MINVALUE
    NO MAXVALUE
    CACHE 1
);


--
-- Name: dashboard_disappearing_info_id_seq; Type: SEQUENCE; Schema: public; Owner: pi
--

ALTER TABLE public.dashboard_disappearing_info ALTER COLUMN id ADD GENERATED BY DEFAULT AS IDENTITY (
    SEQUENCE NAME public.dashboard_disappearing_info_id_seq
    START WITH 1
    INCREMENT BY 1
    NO MINVALUE
    NO MAXVALUE
    CACHE 1
);


--
-- Name: dashboard_disappearing_record; Type: TABLE; Schema: public; Owner: pi
--

CREATE TABLE public.dashboard_disappearing_record (
    id bigint NOT NULL,
    name character varying(200),
    info text NOT NULL,
    disappearing_time timestamp with time zone NOT NULL,
    date_created timestamp with time zone
);


ALTER TABLE public.dashboard_disappearing_record OWNER TO pi;

--
-- Name: dashboard_disappearing_record_destination; Type: TABLE; Schema: public; Owner: pi
--

CREATE TABLE public.dashboard_disappearing_record_destination (
    id bigint NOT NULL,
    disappearing_record_id bigint NOT NULL,
    destinations_id bigint NOT NULL
);


ALTER TABLE public.dashboard_disappearing_record_destination OWNER TO pi;

--
-- Name: dashboard_disappearing_record_destination_id_seq; Type: SEQUENCE; Schema: public; Owner: pi
--

ALTER TABLE public.dashboard_disappearing_record_destination ALTER COLUMN id ADD GENERATED BY DEFAULT AS IDENTITY (
    SEQUENCE NAME public.dashboard_disappearing_record_destination_id_seq
    START WITH 1
    INCREMENT BY 1
    NO MINVALUE
    NO MAXVALUE
    CACHE 1
);


--
-- Name: dashboard_disappearing_record_id_seq; Type: SEQUENCE; Schema: public; Owner: pi
--

ALTER TABLE public.dashboard_disappearing_record ALTER COLUMN id ADD GENERATED BY DEFAULT AS IDENTITY (
    SEQUENCE NAME public.dashboard_disappearing_record_id_seq
    START WITH 1
    INCREMENT BY 1
    NO MINVALUE
    NO MAXVALUE
    CACHE 1
);


--
-- Name: dashboard_formdata; Type: TABLE; Schema: public; Owner: pi
--

CREATE TABLE public.dashboard_formdata (
    id bigint NOT NULL,
    form_name character varying(200),
    form_data jsonb NOT NULL
);


ALTER TABLE public.dashboard_formdata OWNER TO pi;

--
-- Name: dashboard_formdata_id_seq; Type: SEQUENCE; Schema: public; Owner: pi
--

ALTER TABLE public.dashboard_formdata ALTER COLUMN id ADD GENERATED BY DEFAULT AS IDENTITY (
    SEQUENCE NAME public.dashboard_formdata_id_seq
    START WITH 1
    INCREMENT BY 1
    NO MINVALUE
    NO MAXVALUE
    CACHE 1
);


--
-- Name: dashboard_general_info; Type: TABLE; Schema: public; Owner: pi
--

CREATE TABLE public.dashboard_general_info (
    id bigint NOT NULL,
    welcome_text text NOT NULL,
    imp_info text NOT NULL,
    date_created timestamp with time zone
);


ALTER TABLE public.dashboard_general_info OWNER TO pi;

--
-- Name: dashboard_general_info_destination; Type: TABLE; Schema: public; Owner: pi
--

CREATE TABLE public.dashboard_general_info_destination (
    id bigint NOT NULL,
    general_info_id bigint NOT NULL,
    destinations_id bigint NOT NULL
);


ALTER TABLE public.dashboard_general_info_destination OWNER TO pi;

--
-- Name: dashboard_general_info_destination_id_seq; Type: SEQUENCE; Schema: public; Owner: pi
--

ALTER TABLE public.dashboard_general_info_destination ALTER COLUMN id ADD GENERATED BY DEFAULT AS IDENTITY (
    SEQUENCE NAME public.dashboard_general_info_destination_id_seq
    START WITH 1
    INCREMENT BY 1
    NO MINVALUE
    NO MAXVALUE
    CACHE 1
);


--
-- Name: dashboard_general_info_id_seq; Type: SEQUENCE; Schema: public; Owner: pi
--

ALTER TABLE public.dashboard_general_info ALTER COLUMN id ADD GENERATED BY DEFAULT AS IDENTITY (
    SEQUENCE NAME public.dashboard_general_info_id_seq
    START WITH 1
    INCREMENT BY 1
    NO MINVALUE
    NO MAXVALUE
    CACHE 1
);


--
-- Name: dashboard_invoices; Type: TABLE; Schema: public; Owner: pi
--

CREATE TABLE public.dashboard_invoices (
    id bigint NOT NULL,
    invoice_number character varying(200),
    date_created timestamp with time zone
);


ALTER TABLE public.dashboard_invoices OWNER TO pi;

--
-- Name: dashboard_invoices_destinations; Type: TABLE; Schema: public; Owner: pi
--

CREATE TABLE public.dashboard_invoices_destinations (
    id bigint NOT NULL,
    invoices_id bigint NOT NULL,
    destinations_id bigint NOT NULL
);


ALTER TABLE public.dashboard_invoices_destinations OWNER TO pi;

--
-- Name: dashboard_invoices_destinations_id_seq; Type: SEQUENCE; Schema: public; Owner: pi
--

ALTER TABLE public.dashboard_invoices_destinations ALTER COLUMN id ADD GENERATED BY DEFAULT AS IDENTITY (
    SEQUENCE NAME public.dashboard_invoices_destinations_id_seq
    START WITH 1
    INCREMENT BY 1
    NO MINVALUE
    NO MAXVALUE
    CACHE 1
);


--
-- Name: dashboard_invoices_id_seq; Type: SEQUENCE; Schema: public; Owner: pi
--

ALTER TABLE public.dashboard_invoices ALTER COLUMN id ADD GENERATED BY DEFAULT AS IDENTITY (
    SEQUENCE NAME public.dashboard_invoices_id_seq
    START WITH 1
    INCREMENT BY 1
    NO MINVALUE
    NO MAXVALUE
    CACHE 1
);


--
-- Name: dashboard_invoices_user; Type: TABLE; Schema: public; Owner: pi
--

CREATE TABLE public.dashboard_invoices_user (
    id bigint NOT NULL,
    invoices_id bigint NOT NULL,
    client_id integer NOT NULL
);


ALTER TABLE public.dashboard_invoices_user OWNER TO pi;

--
-- Name: dashboard_invoices_user_id_seq; Type: SEQUENCE; Schema: public; Owner: pi
--

ALTER TABLE public.dashboard_invoices_user ALTER COLUMN id ADD GENERATED BY DEFAULT AS IDENTITY (
    SEQUENCE NAME public.dashboard_invoices_user_id_seq
    START WITH 1
    INCREMENT BY 1
    NO MINVALUE
    NO MAXVALUE
    CACHE 1
);


--
-- Name: dashboard_user_forms; Type: TABLE; Schema: public; Owner: pi
--

CREATE TABLE public.dashboard_user_forms (
    id bigint NOT NULL,
    name character varying(200),
    cid character varying(200),
    date_created timestamp with time zone,
    emails jsonb NOT NULL
);


ALTER TABLE public.dashboard_user_forms OWNER TO pi;

--
-- Name: dashboard_user_forms_destination; Type: TABLE; Schema: public; Owner: pi
--

CREATE TABLE public.dashboard_user_forms_destination (
    id bigint NOT NULL,
    user_forms_id bigint NOT NULL,
    destinations_id bigint NOT NULL
);


ALTER TABLE public.dashboard_user_forms_destination OWNER TO pi;

--
-- Name: dashboard_user_forms_destination_id_seq; Type: SEQUENCE; Schema: public; Owner: pi
--

ALTER TABLE public.dashboard_user_forms_destination ALTER COLUMN id ADD GENERATED BY DEFAULT AS IDENTITY (
    SEQUENCE NAME public.dashboard_user_forms_destination_id_seq
    START WITH 1
    INCREMENT BY 1
    NO MINVALUE
    NO MAXVALUE
    CACHE 1
);


--
-- Name: dashboard_user_forms_form_client; Type: TABLE; Schema: public; Owner: pi
--

CREATE TABLE public.dashboard_user_forms_form_client (
    id bigint NOT NULL,
    user_forms_id bigint NOT NULL,
    client_id integer NOT NULL
);


ALTER TABLE public.dashboard_user_forms_form_client OWNER TO pi;

--
-- Name: dashboard_user_forms_form_client_id_seq; Type: SEQUENCE; Schema: public; Owner: pi
--

ALTER TABLE public.dashboard_user_forms_form_client ALTER COLUMN id ADD GENERATED BY DEFAULT AS IDENTITY (
    SEQUENCE NAME public.dashboard_user_forms_form_client_id_seq
    START WITH 1
    INCREMENT BY 1
    NO MINVALUE
    NO MAXVALUE
    CACHE 1
);


--
-- Name: dashboard_user_forms_id_seq; Type: SEQUENCE; Schema: public; Owner: pi
--

ALTER TABLE public.dashboard_user_forms ALTER COLUMN id ADD GENERATED BY DEFAULT AS IDENTITY (
    SEQUENCE NAME public.dashboard_user_forms_id_seq
    START WITH 1
    INCREMENT BY 1
    NO MINVALUE
    NO MAXVALUE
    CACHE 1
);


--
-- Name: dashboard_usercontact; Type: TABLE; Schema: public; Owner: pi
--

CREATE TABLE public.dashboard_usercontact (
    id bigint NOT NULL,
    name character varying(200),
    email character varying(200),
    date_created timestamp with time zone,
    phone character varying(200)
);


ALTER TABLE public.dashboard_usercontact OWNER TO pi;

--
-- Name: dashboard_usercontact_destination; Type: TABLE; Schema: public; Owner: pi
--

CREATE TABLE public.dashboard_usercontact_destination (
    id bigint NOT NULL,
    usercontact_id bigint NOT NULL,
    destinations_id bigint NOT NULL
);


ALTER TABLE public.dashboard_usercontact_destination OWNER TO pi;

--
-- Name: dashboard_usercontact_destination_id_seq; Type: SEQUENCE; Schema: public; Owner: pi
--

ALTER TABLE public.dashboard_usercontact_destination ALTER COLUMN id ADD GENERATED BY DEFAULT AS IDENTITY (
    SEQUENCE NAME public.dashboard_usercontact_destination_id_seq
    START WITH 1
    INCREMENT BY 1
    NO MINVALUE
    NO MAXVALUE
    CACHE 1
);


--
-- Name: dashboard_usercontact_id_seq; Type: SEQUENCE; Schema: public; Owner: pi
--

ALTER TABLE public.dashboard_usercontact ALTER COLUMN id ADD GENERATED BY DEFAULT AS IDENTITY (
    SEQUENCE NAME public.dashboard_usercontact_id_seq
    START WITH 1
    INCREMENT BY 1
    NO MINVALUE
    NO MAXVALUE
    CACHE 1
);


--
-- Name: dashboard_usercontact_user; Type: TABLE; Schema: public; Owner: pi
--

CREATE TABLE public.dashboard_usercontact_user (
    id bigint NOT NULL,
    usercontact_id bigint NOT NULL,
    client_id integer NOT NULL
);


ALTER TABLE public.dashboard_usercontact_user OWNER TO pi;

--
-- Name: dashboard_usercontact_user_id_seq; Type: SEQUENCE; Schema: public; Owner: pi
--

ALTER TABLE public.dashboard_usercontact_user ALTER COLUMN id ADD GENERATED BY DEFAULT AS IDENTITY (
    SEQUENCE NAME public.dashboard_usercontact_user_id_seq
    START WITH 1
    INCREMENT BY 1
    NO MINVALUE
    NO MAXVALUE
    CACHE 1
);


--
-- Name: dashboard_userorder; Type: TABLE; Schema: public; Owner: pi
--

CREATE TABLE public.dashboard_userorder (
    id bigint NOT NULL,
    order_id character varying(200),
    date_created timestamp with time zone,
    status character varying(200)
);


ALTER TABLE public.dashboard_userorder OWNER TO pi;

--
-- Name: dashboard_userorder_id_seq; Type: SEQUENCE; Schema: public; Owner: pi
--

ALTER TABLE public.dashboard_userorder ALTER COLUMN id ADD GENERATED BY DEFAULT AS IDENTITY (
    SEQUENCE NAME public.dashboard_userorder_id_seq
    START WITH 1
    INCREMENT BY 1
    NO MINVALUE
    NO MAXVALUE
    CACHE 1
);


--
-- Name: dashboard_userorder_product; Type: TABLE; Schema: public; Owner: pi
--

CREATE TABLE public.dashboard_userorder_product (
    id bigint NOT NULL,
    userorder_id bigint NOT NULL,
    userproduct_id bigint NOT NULL
);


ALTER TABLE public.dashboard_userorder_product OWNER TO pi;

--
-- Name: dashboard_userorder_product_id_seq; Type: SEQUENCE; Schema: public; Owner: pi
--

ALTER TABLE public.dashboard_userorder_product ALTER COLUMN id ADD GENERATED BY DEFAULT AS IDENTITY (
    SEQUENCE NAME public.dashboard_userorder_product_id_seq
    START WITH 1
    INCREMENT BY 1
    NO MINVALUE
    NO MAXVALUE
    CACHE 1
);


--
-- Name: dashboard_userorder_user; Type: TABLE; Schema: public; Owner: pi
--

CREATE TABLE public.dashboard_userorder_user (
    id bigint NOT NULL,
    userorder_id bigint NOT NULL,
    client_id integer NOT NULL
);


ALTER TABLE public.dashboard_userorder_user OWNER TO pi;

--
-- Name: dashboard_userorder_user_id_seq; Type: SEQUENCE; Schema: public; Owner: pi
--

ALTER TABLE public.dashboard_userorder_user ALTER COLUMN id ADD GENERATED BY DEFAULT AS IDENTITY (
    SEQUENCE NAME public.dashboard_userorder_user_id_seq
    START WITH 1
    INCREMENT BY 1
    NO MINVALUE
    NO MAXVALUE
    CACHE 1
);


--
-- Name: dashboard_userproduct; Type: TABLE; Schema: public; Owner: pi
--

CREATE TABLE public.dashboard_userproduct (
    id bigint NOT NULL,
    name character varying(200),
    number character varying(200),
    sales_price character varying(200),
    purchase_price character varying(200),
    date_created timestamp with time zone,
    other character varying(200),
    shipping character varying(200),
    tax character varying(200),
    status boolean NOT NULL
);


ALTER TABLE public.dashboard_userproduct OWNER TO pi;

--
-- Name: dashboard_userproduct_destination; Type: TABLE; Schema: public; Owner: pi
--

CREATE TABLE public.dashboard_userproduct_destination (
    id bigint NOT NULL,
    userproduct_id bigint NOT NULL,
    destinations_id bigint NOT NULL
);


ALTER TABLE public.dashboard_userproduct_destination OWNER TO pi;

--
-- Name: dashboard_userproduct_destination_id_seq; Type: SEQUENCE; Schema: public; Owner: pi
--

ALTER TABLE public.dashboard_userproduct_destination ALTER COLUMN id ADD GENERATED BY DEFAULT AS IDENTITY (
    SEQUENCE NAME public.dashboard_userproduct_destination_id_seq
    START WITH 1
    INCREMENT BY 1
    NO MINVALUE
    NO MAXVALUE
    CACHE 1
);


--
-- Name: dashboard_userproduct_id_seq; Type: SEQUENCE; Schema: public; Owner: pi
--

ALTER TABLE public.dashboard_userproduct ALTER COLUMN id ADD GENERATED BY DEFAULT AS IDENTITY (
    SEQUENCE NAME public.dashboard_userproduct_id_seq
    START WITH 1
    INCREMENT BY 1
    NO MINVALUE
    NO MAXVALUE
    CACHE 1
);


--
-- Name: dashboard_userproduct_user; Type: TABLE; Schema: public; Owner: pi
--

CREATE TABLE public.dashboard_userproduct_user (
    id bigint NOT NULL,
    userproduct_id bigint NOT NULL,
    client_id integer NOT NULL
);


ALTER TABLE public.dashboard_userproduct_user OWNER TO pi;

--
-- Name: dashboard_userproduct_user_id_seq; Type: SEQUENCE; Schema: public; Owner: pi
--

ALTER TABLE public.dashboard_userproduct_user ALTER COLUMN id ADD GENERATED BY DEFAULT AS IDENTITY (
    SEQUENCE NAME public.dashboard_userproduct_user_id_seq
    START WITH 1
    INCREMENT BY 1
    NO MINVALUE
    NO MAXVALUE
    CACHE 1
);


--
-- Name: django_admin_log; Type: TABLE; Schema: public; Owner: pi
--

CREATE TABLE public.django_admin_log (
    id integer NOT NULL,
    action_time timestamp with time zone NOT NULL,
    object_id text,
    object_repr character varying(200) NOT NULL,
    action_flag smallint NOT NULL,
    change_message text NOT NULL,
    content_type_id integer,
    user_id integer NOT NULL,
    CONSTRAINT django_admin_log_action_flag_check CHECK ((action_flag >= 0))
);


ALTER TABLE public.django_admin_log OWNER TO pi;

--
-- Name: django_admin_log_id_seq; Type: SEQUENCE; Schema: public; Owner: pi
--

ALTER TABLE public.django_admin_log ALTER COLUMN id ADD GENERATED BY DEFAULT AS IDENTITY (
    SEQUENCE NAME public.django_admin_log_id_seq
    START WITH 1
    INCREMENT BY 1
    NO MINVALUE
    NO MAXVALUE
    CACHE 1
);


--
-- Name: django_content_type; Type: TABLE; Schema: public; Owner: pi
--

CREATE TABLE public.django_content_type (
    id integer NOT NULL,
    app_label character varying(100) NOT NULL,
    model character varying(100) NOT NULL
);


ALTER TABLE public.django_content_type OWNER TO pi;

--
-- Name: django_content_type_id_seq; Type: SEQUENCE; Schema: public; Owner: pi
--

ALTER TABLE public.django_content_type ALTER COLUMN id ADD GENERATED BY DEFAULT AS IDENTITY (
    SEQUENCE NAME public.django_content_type_id_seq
    START WITH 1
    INCREMENT BY 1
    NO MINVALUE
    NO MAXVALUE
    CACHE 1
);


--
-- Name: django_migrations; Type: TABLE; Schema: public; Owner: pi
--

CREATE TABLE public.django_migrations (
    id bigint NOT NULL,
    app character varying(255) NOT NULL,
    name character varying(255) NOT NULL,
    applied timestamp with time zone NOT NULL
);


ALTER TABLE public.django_migrations OWNER TO pi;

--
-- Name: django_migrations_id_seq; Type: SEQUENCE; Schema: public; Owner: pi
--

ALTER TABLE public.django_migrations ALTER COLUMN id ADD GENERATED BY DEFAULT AS IDENTITY (
    SEQUENCE NAME public.django_migrations_id_seq
    START WITH 1
    INCREMENT BY 1
    NO MINVALUE
    NO MAXVALUE
    CACHE 1
);


--
-- Name: django_session; Type: TABLE; Schema: public; Owner: pi
--

CREATE TABLE public.django_session (
    session_key character varying(40) NOT NULL,
    session_data text NOT NULL,
    expire_date timestamp with time zone NOT NULL
);


ALTER TABLE public.django_session OWNER TO pi;

--
-- Data for Name: auth_group; Type: TABLE DATA; Schema: public; Owner: pi
--

COPY public.auth_group (id, name) FROM stdin;
\.


--
-- Data for Name: auth_group_permissions; Type: TABLE DATA; Schema: public; Owner: pi
--

COPY public.auth_group_permissions (id, group_id, permission_id) FROM stdin;
\.


--
-- Data for Name: auth_permission; Type: TABLE DATA; Schema: public; Owner: pi
--

COPY public.auth_permission (id, name, content_type_id, codename) FROM stdin;
1	Can add log entry	1	add_logentry
2	Can change log entry	1	change_logentry
3	Can delete log entry	1	delete_logentry
4	Can view log entry	1	view_logentry
5	Can add permission	2	add_permission
6	Can change permission	2	change_permission
7	Can delete permission	2	delete_permission
8	Can view permission	2	view_permission
9	Can add group	3	add_group
10	Can change group	3	change_group
11	Can delete group	3	delete_group
12	Can view group	3	view_group
13	Can add user	4	add_user
14	Can change user	4	change_user
15	Can delete user	4	delete_user
16	Can view user	4	view_user
17	Can add content type	5	add_contenttype
18	Can change content type	5	change_contenttype
19	Can delete content type	5	delete_contenttype
20	Can view content type	5	view_contenttype
21	Can add session	6	add_session
22	Can change session	6	change_session
23	Can delete session	6	delete_session
24	Can view session	6	view_session
25	Can add disappearing_info	7	add_disappearing_info
26	Can change disappearing_info	7	change_disappearing_info
27	Can delete disappearing_info	7	delete_disappearing_info
28	Can view disappearing_info	7	view_disappearing_info
29	Can add user contact	8	add_usercontact
30	Can change user contact	8	change_usercontact
31	Can delete user contact	8	delete_usercontact
32	Can view user contact	8	view_usercontact
33	Can add client	9	add_client
34	Can change client	9	change_client
35	Can delete client	9	delete_client
36	Can view client	9	view_client
37	Can add destinations	10	add_destinations
38	Can change destinations	10	change_destinations
39	Can delete destinations	10	delete_destinations
40	Can view destinations	10	view_destinations
41	Can add user product	11	add_userproduct
42	Can change user product	11	change_userproduct
43	Can delete user product	11	delete_userproduct
44	Can view user product	11	view_userproduct
45	Can add user order	12	add_userorder
46	Can change user order	12	change_userorder
47	Can delete user order	12	delete_userorder
48	Can view user order	12	view_userorder
49	Can add call stat	13	add_callstat
50	Can change call stat	13	change_callstat
51	Can delete call stat	13	delete_callstat
52	Can view call stat	13	view_callstat
53	Can add disappearing_record	14	add_disappearing_record
54	Can change disappearing_record	14	change_disappearing_record
55	Can delete disappearing_record	14	delete_disappearing_record
56	Can view disappearing_record	14	view_disappearing_record
57	Can add general_info	15	add_general_info
58	Can change general_info	15	change_general_info
59	Can delete general_info	15	delete_general_info
60	Can view general_info	15	view_general_info
61	Can add user_forms	16	add_user_forms
62	Can change user_forms	16	change_user_forms
63	Can delete user_forms	16	delete_user_forms
64	Can view user_forms	16	view_user_forms
65	Can add form data	17	add_formdata
66	Can change form data	17	change_formdata
67	Can delete form data	17	delete_formdata
68	Can view form data	17	view_formdata
69	Can add invoices	18	add_invoices
70	Can change invoices	18	change_invoices
71	Can delete invoices	18	delete_invoices
72	Can view invoices	18	view_invoices
73	Can add agents	19	add_agents
74	Can change agents	19	change_agents
75	Can delete agents	19	delete_agents
76	Can view agents	19	view_agents
\.


--
-- Data for Name: auth_user; Type: TABLE DATA; Schema: public; Owner: pi
--

COPY public.auth_user (id, password, last_login, is_superuser, username, first_name, last_name, email, is_staff, is_active, date_joined) FROM stdin;
20	pbkdf2_sha256$600000$7dkS2fUoPLB7c25Lnu7zuV$Q/25b3xcWTF7SZoMq2ELzNEwqFtZRey/LIHZpChhBRE=	2024-02-12 09:34:20.841723+01	f	mfl@innovicom.de				f	t	2023-08-05 15:06:26.971358+02
30	pbkdf2_sha256$600000$0EWu0tIZfiUH2FGSvFXU1p$cyrKZSQBFZEn497ocoBmMBjAzXQLhrBZ5Z0IKgY7qRw=	2024-01-12 20:51:53.492438+01	f	marcel@nexxone.de				f	t	2023-09-26 12:26:29.756936+02
1	pbkdf2_sha256$600000$rv4jPK41sJbkxjMv9hEvkA$RKF+cCuEYj9iq5pTT3XadymEcYSBp2o4EbMgYnLjKaw=	2024-02-12 14:46:01.596827+01	t	admin			vaibhav28890@gmail.com	t	t	2023-07-04 20:06:17.911797+02
21	pbkdf2_sha256$600000$656mWnmuLNYj9UMR6v0Sap$Vmuj4qgGJNrqmOoYn280yHP7dofNunz/3Vq9hlNfVyg=	2024-02-12 10:04:53.442165+01	f	bbu@innovicom.de				f	t	2023-08-05 15:12:51.097549+02
8	pbkdf2_sha256$600000$2tztUe9zOL9O6Vq4E20ukw$Ky4WGw/dW51Oij86vwFkNaG/f39snh06/GdN60uUWD0=	2023-07-25 17:23:52.78639+02	f	newuser123@gmail.com				f	t	2023-07-25 17:23:38.830722+02
4	pbkdf2_sha256$600000$anlpymc7qUwdXeQrT2ubBV$51zmaU0UF+zozFW6jhCQBACkqXg6VF6CET4Sn7J8TZc=	2023-07-26 20:42:33.867966+02	f	heinze				f	t	2023-07-10 18:32:57.229604+02
29	pbkdf2_sha256$600000$VIK9UVA9xzIDTYXsaCDZY9$X5RL7Jj2Nl0LkghD9EuUDdTg5RuI2EyiE0nmao6Fu6c=	2023-11-25 15:54:38.148339+01	f	testuser@gmail.com				f	t	2023-09-16 16:46:11.722326+02
10	pbkdf2_sha256$600000$hqybN1XLbKbKP6vfHTicWm$eIcAD0z+LhHsbtAG6iHnT7Mob5avQc5TSH9uYryhvrY=	2023-08-05 18:17:22.194308+02	f	kundksoftware@innovicom.de				f	t	2023-08-05 13:59:27.044394+02
34	pbkdf2_sha256$600000$ERT62ak9sJW6Qo7Tebx69g$y4iASNbppIPyGBmssDBF0wriqhMgTrGVtamgL7KMY24=	2023-11-28 11:16:12.902449+01	f	epverwaltung@innovicom.de				f	t	2023-11-28 11:11:21.34168+01
5	pbkdf2_sha256$600000$73XUKPKljekIdR4dIKuAwV$EibpLh/if2hJPWlZ0T4LwqQa/EYNX6hAOymW9KOs25k=	2023-07-11 17:28:03.582056+02	f	vaibhav28890@gmail.com				f	t	2023-07-11 17:27:54.858061+02
11	pbkdf2_sha256$600000$wN1fN6DLPRB5FY6m8QWRx0$+/rXF0PBFTih0T/Jviirb/3HSA6+wOiLPKCdwDMTjTk=	2024-01-29 18:12:35.536557+01	f	kapitza@innovicom.de				f	t	2023-08-05 14:01:02.424106+02
13	pbkdf2_sha256$600000$QDZBMnngavHVleefVqV8BW$F7WAu1HXAmOj7YgQAYoUgkeDyuFY0+RXt27uCT/5/Uo=	2023-08-05 19:45:49.781352+02	f	lichte@innovicom.de				f	t	2023-08-05 14:03:33.95944+02
32	pbkdf2_sha256$600000$GnG0VpNpMMAjurecIcnOcF$E8xhAueNunZtmMu1sPDJe0ooUFk+GZx2vVtEOHaNGXo=	2023-11-10 10:06:23.741509+01	f	protekto@innovicom.de				f	t	2023-11-07 14:53:30.117858+01
14	pbkdf2_sha256$600000$UkzQI8yQH8VLL8ynJ0dpff$aIsGgBDWY/xJ8ylM831khWdtdbp34DkVFmC4Xsy1r1M=	2023-08-06 13:55:43.945402+02	f	rebel@innovicom.de				f	t	2023-08-05 14:49:57.491335+02
7	pbkdf2_sha256$600000$BOsPmPKXbdtdC1AUCzp4sU$jUmwSQG+LLZAXW5kLYy/qrsrUnRmRlpcQMkxFqqWU8M=	\N	f	newuser@gmail.com				f	t	2023-07-17 18:37:26.717255+02
12	pbkdf2_sha256$600000$P1dswVQYXLgudJco3B2fr5$MDu+HzhuagjazYde/CRWAcesTTJRL4HedPSo1Mjby6U=	2024-02-12 09:30:29.361238+01	f	vilisto@innovicom.de				f	t	2023-08-05 14:02:13.01841+02
3	pbkdf2_sha256$600000$WAanRXVzY1CG4gzSOkpz9N$v4lge+bd4o+n9v0zNbWO1fSNIy8P9b7j1jWPAqx8VAQ=	2023-09-02 20:02:23.899822+02	f	dax				f	t	2023-07-07 20:25:11.784819+02
33	pbkdf2_sha256$600000$H0spcV76InxIXIQ6pYCKEj$t9PYx+jm3XcRQDpKZG4DNLN0Chr4zevgmijqhGhw6Uw=	2024-01-30 21:31:27.225057+01	f	empuron@innovicom.de				f	t	2023-11-07 15:11:52.976307+01
24	pbkdf2_sha256$600000$uoDjCTC2GyniRORNxrRXGo$zhj1NeQp86VzvTtQ0U7vJjoexmCW/E2O2fxioFvnjBg=	2024-02-12 11:08:39.734971+01	f	hvb@innovicom.de				f	t	2023-08-13 12:17:52.312876+02
6	pbkdf2_sha256$600000$AjsPKeo6ivaP39pZrE070r$1BNSgCoq//RukDtZb+0Z0Bq0yS6LhfRuIvvki3siZUk=	2023-11-17 12:24:29.620814+01	f	figo				f	t	2023-07-17 18:16:55.376862+02
18	pbkdf2_sha256$600000$dgOne6UybNejslwYUhVv5v$O16YzEKhHTjuXOVtIMYZRE5psVf7tBBhLG4flc/VfO0=	2024-02-12 09:30:33.698501+01	f	graewe@innovicom.de				f	t	2023-08-05 14:57:31.956032+02
16	pbkdf2_sha256$600000$oUjuHviTUy3V2wD4clDzJI$eg1R7sG9CgXpJEgdzthNwSuFGN8GTxA+wFLS5rYDMGg=	2023-11-09 14:17:23.587271+01	f	innosoft@innovicom.de				f	t	2023-08-05 14:54:49.571159+02
35	pbkdf2_sha256$600000$nrmaXlirskshQeJIihVcV1$9kEaYS+FCny0Jp4Zn1Mv5tV9Quhyz0AoRtgkfOzdHTs=	2024-02-12 11:09:09.848909+01	f	schmack@innovicom.de				f	t	2024-01-04 12:59:01.049375+01
25	pbkdf2_sha256$600000$1pS1lDK3XNZJ3UUyyHUO1X$HPHzHcVg8sf1Nma0Frfy167yLMX7veguH35SeJaZqz0=	2024-02-09 11:43:50.594359+01	f	uber@innovicom.de				f	t	2023-08-24 21:17:42.628362+02
9	pbkdf2_sha256$600000$FWfrciaM1MAP99Ishj5r38$vG+66oXRMvEPD0A1zX6H8eDlhGjoee1yDV9zGmq2YGc=	2023-10-17 08:56:43.701725+02	f	beda@innovicom.de				f	t	2023-07-25 17:40:16.4478+02
19	pbkdf2_sha256$600000$6qU3c5pMYUKrpsKiAzA8Cq$WIxv2eF1x3om/BVIlVEDjSU0nqh2bzz4WHFyiG+5+8g=	2023-11-17 12:27:20.792209+01	f	tiergarant@innovicom.de				f	t	2023-08-05 15:03:53.301466+02
15	pbkdf2_sha256$600000$zCiORNqeCL8uFpLokqqNOt$d6aMSQBJj57BuhqOhzdOl1nfG6mHt8NInBMNCi6OTDU=	2024-02-12 09:33:03.505394+01	f	fromthesky@innovicom.de				f	t	2023-08-05 14:51:56.731308+02
17	pbkdf2_sha256$600000$2c7DmLpuVTcwfLlBvhOuwa$L2a8jEWwNPMa1tBM2EQoHpeuXa+qKe3LNZUFAuiFiQ4=	2023-11-23 16:02:12.918766+01	f	pohl@innovicom.de				f	t	2023-08-05 14:56:02.941658+02
2	pbkdf2_sha256$600000$JQdUsgpCMjRmjwfjGdUOkT$DcHnoznlUhTKoefX/VoCSfGTsKJFE6nP/EFlsettk/g=	2023-12-27 14:00:21.736309+01	f	blaze				f	t	2023-07-04 20:07:08.966873+02
31	pbkdf2_sha256$600000$HiERaDJyIP8ctq005motFU$u17+RM9yxCu575WeWXTeS9qXHSVYAoATp5JYmH8WSRQ=	2023-12-19 11:02:25.366144+01	f	helloguest@innovicom.de				f	t	2023-10-23 15:44:03.700359+02
\.


--
-- Data for Name: auth_user_groups; Type: TABLE DATA; Schema: public; Owner: pi
--

COPY public.auth_user_groups (id, user_id, group_id) FROM stdin;
\.


--
-- Data for Name: auth_user_user_permissions; Type: TABLE DATA; Schema: public; Owner: pi
--

COPY public.auth_user_user_permissions (id, user_id, permission_id) FROM stdin;
\.


--
-- Data for Name: dashboard_agents; Type: TABLE DATA; Schema: public; Owner: pi
--

COPY public.dashboard_agents (id, name, street, zip_code, city, email, tax_num, sales_tax, account_name, bank_name, iban, bic, phone, passive_mins, active_mins, status, date_created, pin) FROM stdin;
3	Agent 2	Street	236432	City	agent@gmail.com	2323123123	19	2323123123	2323123123	2323123123	2323123123	0511380777712	0	0	t	2023-12-10 21:18:34.552905+01	1234
\.


--
-- Data for Name: dashboard_callstat; Type: TABLE DATA; Schema: public; Owner: pi
--

COPY public.dashboard_callstat (id, number, name, total_time, date_created) FROM stdin;
\.


--
-- Data for Name: dashboard_callstat_destination; Type: TABLE DATA; Schema: public; Owner: pi
--

COPY public.dashboard_callstat_destination (id, callstat_id, destinations_id) FROM stdin;
\.


--
-- Data for Name: dashboard_client; Type: TABLE DATA; Schema: public; Owner: pi
--

COPY public.dashboard_client (id, name, email, date_created, user_id, place, street, tax_num, zip_code, invoice_email, daily_stats, form_fun, invoice_creation, monthly_stats, weekly_stats, company_name, call_price, country, diss_info, imp_info, sales) FROM stdin;
28	testuser@gmail.com	testuser	2023-09-16 16:46:11.998+02	29	test city	test street	23123	333333	testuser@gmail.com	f	f	f	f	f	test company	0	Germany	f	f	f
3	heinze	heinze@innovicom.de	2023-07-10 18:32:57.49947+02	4	Celle	Bremer Weg 184	DE260451462	29223	heinze@innovicom.de	f	t	f	f	f				f	f	f
4	vaibhav28890@gmail.com	vaibhav28890@gmail.com	2023-07-11 17:27:55.178402+02	5	my city	my street		3234231	vaibhav28890@gmail.com	f	f	f	f	f				f	f	f
5	figo	figo@innovicom.de	2023-07-17 18:16:55.658772+02	6	Hannover	Karmarschstraße 34		30159	figo@innovicom.de	f	t	f	f	f				f	f	f
6	newuser@gmail.com	newuser1	2023-07-17 18:37:27.000194+02	7	my city	my street	7263721	312122	newuser@gmail.com	f	f	f	f	f				f	f	f
7	newuser123@gmail.com	newuser123	2023-07-25 17:23:39.103335+02	8	my city	my street	8723123	83723	newuser123@gmail.com	f	f	f	f	f	my company			f	f	f
8	beda@innovicom.de	beda	2023-07-25 17:40:16.714212+02	9	Ganderkesee	Bahnhofstraße 32		27777	beda@innovicom.de	f	t	f	f	f	BEDA GmbH			f	f	f
2	dax	dax@gmail.com	2023-07-07 20:25:12.070565+02	3	my city	my street	32321312	321323	dax@gmail.com	f	t	f	f	f		150		f	f	f
9	kundksoftware@innovicom.de	kundksoftware	2023-08-05 13:59:27.319818+02	10	Gerolzhofen	Bgm.-Weigand-Straße 8		97447	kundksoftware@innovicom.de	f	t	f	f	f	K & K Software AG	0		f	f	f
10	kapitza@innovicom.de	kapitza	2023-08-05 14:01:02.712129+02	11	Speyer	Landauer Straße 40		67346	kapitza@innovicom.de	f	t	f	f	f	Zanpraxis Kapitza	0		f	f	f
11	vilisto@innovicom.de	vilisto	2023-08-05 14:02:13.359588+02	12	Hamburg	Schellerdamm 22-24		21079	vilisto@innovicom.de	f	t	f	f	f	vilisto GmbH	0		f	f	f
12	lichte@innovicom.de	lichte	2023-08-05 14:03:34.218906+02	13	Beckum	Auf dem Tigge 43		59269	lichte@innovicom.de	f	t	f	f	f	Lichte Systemwand GmbH	0		f	f	f
13	rebel@innovicom.de	rebel	2023-08-05 14:49:57.749341+02	14	Köln	Nußbaumerstr. 37		50823	rebel@innovicom.de	f	t	f	f	f	Rebel Recruiting UG	0		f	f	f
14	fromthesky@innovicom.de	fromthesky	2023-08-05 14:51:57.00337+02	15	St.Gallen	Vogelherdstraße 18		9016	fromthesky@innovicom.de	f	t	f	f	f	From the Sky	0		f	f	f
15	innosoft@innovicom.de	innosoft	2023-08-05 14:54:49.843537+02	16	Dortmund	Martin-Schmeißer-Weg 15		44227	innosoft@innovicom.de	f	t	f	f	f	Innosoft GmbH	0		f	f	f
16	pohl@innovicom.de	pohl	2023-08-05 14:56:03.277518+02	17	Meckenheim	Am Hambuch 18		53340	pohl@innovicom.de	f	t	f	f	f	Pohl Solar GmbH	0		f	f	f
17	graewe@innovicom.de	gräwe	2023-08-05 14:57:32.21973+02	18	Lüdenscheid	Wibschla 33		58513	graewe@innovicom.de	f	t	f	f	f	Günter Gräwe GmbH	0		f	f	f
18	tiergarant@innovicom.de	tiergarant	2023-08-05 15:03:53.56974+02	19	Hannover	Karmarschstraße 34		30159	tiergarant@innovicom.de	f	t	f	f	f	Tiergarant Versicherungsdienst GmbH	0		f	f	f
19	mfl@innovicom.de	mfl	2023-08-05 15:06:27.223175+02	20	Bad Nauheim	Steinkopfstr. 6-8		61231	mfl@innovicom.de	f	t	f	f	f	MFL Mobility GmbH	0		f	f	f
20	bbu@innovicom.de	bbu	2023-08-05 15:12:51.362094+02	21	Hannover	Lutherstraße 27		30171	bbu@innovicom.de	f	t	f	f	f	BBU.PROJEKT ARCHITEKTEN BDA	0		f	f	f
23	hvb@innovicom.de	hvb	2023-08-13 12:17:52.603529+02	24	Troisdorf	Mottmannstraße 10		53842	hvb@innovicom.de	f	t	f	f	f	HVB Hausverwaltung GmbH	0		f	f	f
24	uber@innovicom.de	uber	2023-08-24 21:17:42.924095+02	25	Jever	Ladestraße 2		26441	uber@innovicom.de	f	t	f	f	f	Uber GmbH	0		f	f	f
34	schmack@innovicom.de	schmack	2024-01-04 12:59:01.32565+01	35	Hannover	Mardalstr. 12		30559	schmack@innovicom.de	f	t	t	f	f	Schmack e.K.	0	Germany	t	t	f
1	blaze	blaze@gmail.com	2023-07-04 20:07:09.24079+02	2	some city	some street	2312312	342311	blaze@gmail.com	f	t	f	f	f		120		f	f	t
30	helloguest@innovicom.de	helloguest	2023-10-23 15:44:03.970175+02	31	Nurnberg	Virchowstr. 20D	0	90409	helloguest@innovicom.de	f	t	f	f	f	HelloGuest Solutions GmbH	0	Germany	f	f	f
31	protekto@innovicom.de	protekto	2023-11-07 14:53:30.387957+01	32	Kiel	Fleethörn 7		24103	protekto@innovicom.de	f	t	f	f	f	Protekto Gruppe GmbH	0	Germany	f	f	f
32	empuron@innovicom.de	empuron	2023-11-07 15:11:53.229752+01	33	Nürnberg	Wiesbadener Straße 11		90427	empuron@innovicom.de	f	t	f	f	f	Empuron AG	0	Germany	f	f	f
29	marcel@nexxone.de	marcel	2023-09-26 12:26:30.070599+02	30	Gifhorn	Zum Isetal 1	DE123456789	38518	marcel@nexxone.de	t	t	t	f	f	Test Company GmbH	0	Germany	f	f	f
33	epverwaltung@innovicom.de	epverwaltung	2023-11-28 11:11:21.625061+01	34	Windorf	Frauendorf 4A		94575	epverwaltung@innovicom.de	f	t	f	f	f	EB Hausverwaltung GmbH & Co. KG	0	Germany	t	t	f
\.


--
-- Data for Name: dashboard_destinations; Type: TABLE DATA; Schema: public; Owner: pi
--

COPY public.dashboard_destinations (id, name, number, email, date_created, call_price, price_percall, free_calls, free_mins, free_call, free_min, monthly_fee, monthly_fees, fd_cost, forward_destination) FROM stdin;
5	BEDA	53719455202/1100	beda@innovicom.de	2023-07-25 18:40:01.89497+02	0	0	0	0	f	f	f	0	0	0
4	Figo	53719455200/1100	na	2023-07-17 18:22:08.759851+02	0	0	0	0	f	f	f	0	0	0
3	heinze	53719451737/1100	na	2023-07-10 19:37:03.079863+02	0	0	0	0	f	f	f	0	0	0
2	my_destination	53719451738/1100	dax@gmail.com	2023-07-07 20:28:24.557262+02	50	10	20	30	t	t	t	40	0	0
1	test destination	53719451739/1423	na	2023-07-04 20:07:59.009141+02	0.5	0	0	0	f	f	f	0	0	0
9	My_new_Destination	53719451733/1943	na	2023-07-25 20:58:26.700915+02	0.6	0	0	0	f	f	f	0	0	0
36	Test_Anruferziel_3	53719455295/1100	marcel@nexxone.de	2023-12-27 13:35:18.526053+01	0,79	0	0	0	f	t	f	0	0.5	8081
35	Test_Anruferziel_2	53719455294/1100	na	2023-12-11 12:55:21.664367+01	0,79	0	0	10	f	t	t	49	2	8082
34	Test_Anruferziel_1	53719455293/1100	na	2023-12-11 12:53:25.712316+01	0,79	0	0	0	f	t	f	0	0	0
33	epverwaltung	53719455292/1100	na	2023-11-28 11:15:04.191934+01	0	0	0	0	f	f	f	0	0	0
32	empuron	53719455223/1100	na	2023-11-07 15:13:27.074177+01	0	0	0	0	f	f	f	0	0	0
31	protekto	53719455222/1100	na	2023-11-07 15:13:05.837197+01	0	0	0	0	f	f	f	0	0	0
30	helloguest	53719455221/1100	na	2023-10-23 15:45:06.540803+02	0.79	0	0	0	f	f	f	0	0	0
29	Test_Call_-_Destination_2	53719455291/1100	na	2023-09-26 12:28:48.449707+02	0,79	0	0	10	f	t	t	49	0	0
28	Test_Call_-_Destination_1	53719455290/1100	na	2023-09-26 12:28:29.845527+02	0,79	0	0	0	f	t	f	0	0	0
27	Uber	53719455220/1100	na	2023-08-24 21:20:31.753933+02	0	0	0	0	f	f	f	0	0	0
26	Geschäftsführung	53719455219/1100	na	2023-08-13 12:21:42.497681+02	0	0	0	0	f	f	f	0	0	0
25	Buchhaltung	53719455218/1100	na	2023-08-13 12:21:11.874235+02	0	0	0	0	f	f	f	0	0	0
24	Objektbetreuer	53719455217/1100	na	2023-08-13 12:19:28.279271+02	0	0	0	0	f	f	f	0	0	0
23	Zentrale	53719455216/1100	na	2023-08-13 12:18:57.995525+02	0	0	0	0	f	f	f	0	0	0
21	BBU_Projekte	53719455214/1100	na	2023-08-05 15:40:20.341098+02	0	0	0	0	f	f	f	0	0	0
20	MFL_Mobility	53719455213/1100	na	2023-08-05 15:39:51.74286+02	0	0	0	0	f	f	f	0	0	0
19	Tiergarant	53719455212/1100	na	2023-08-05 15:39:10.575423+02	0	0	0	0	f	f	f	0	0	0
18	Gräwe	53719455211/1100	na	2023-08-05 15:37:10.9651+02	0	0	0	0	f	f	f	0	0	0
17	Pohl_Solar	53719455210/1100	na	2023-08-05 15:36:24.590677+02	0	0	0	0	f	f	f	0	0	0
16	Innosoft	53719455209/1100	na	2023-08-05 15:35:43.331703+02	0	0	0	0	f	f	f	0	0	0
15	From_the_Sky	53719455208/1100	na	2023-08-05 15:35:14.924325+02	0	0	0	0	f	f	f	0	0	0
14	Rebel_Recruiting	53719455207/1100	na	2023-08-05 15:34:47.332033+02	0	0	0	0	f	f	f	0	0	0
13	Lichte_Systemwand	53719455206/1100	na	2023-08-05 15:34:06.32362+02	0	0	0	0	f	f	f	0	0	0
12	Vilisto	53719455205/1100	na	2023-08-05 15:23:45.256257+02	0	0	0	0	f	f	f	0	0	0
11	Kapitza	53719455204/1100	na	2023-08-05 15:23:09.425309+02	0	0	0	0	f	f	f	0	0	0
10	K_&_K_Software	53719455203/1100	na	2023-08-05 15:21:19.691664+02	0	0	0	0	f	f	f	0	0	0
38	Schmack	53719455215/1100		2024-02-12 11:03:07.93985+01	0	0	0	0	f	f	f	0	0	0
\.


--
-- Data for Name: dashboard_destinations_user; Type: TABLE DATA; Schema: public; Owner: pi
--

COPY public.dashboard_destinations_user (id, destinations_id, client_id) FROM stdin;
1	1	1
2	2	2
3	3	3
4	4	5
5	5	8
9	9	1
10	10	9
11	11	10
12	12	11
13	13	12
14	14	13
15	15	14
16	16	15
17	17	16
18	18	17
19	19	18
20	20	19
21	21	20
23	23	23
24	24	23
25	25	23
26	26	23
27	27	24
28	28	29
29	29	29
30	30	30
31	31	31
32	32	32
33	33	33
34	34	29
35	35	29
36	36	29
38	38	34
\.


--
-- Data for Name: dashboard_disappearing_info; Type: TABLE DATA; Schema: public; Owner: pi
--

COPY public.dashboard_disappearing_info (id, name, info, disappearing_time, date_created) FROM stdin;
7	my information1	my message	2023-07-08 20:44:00+02	2023-07-07 20:42:00.735407+02
8	my information1	my message	2023-07-08 20:44:00+02	2023-07-07 20:42:04.493578+02
12	Neukundenabschluss	https://figopet.de/sofort-abschliessen/	2026-07-26 18:30:00+02	2023-07-19 10:05:25.58546+02
\.


--
-- Data for Name: dashboard_disappearing_info_destination; Type: TABLE DATA; Schema: public; Owner: pi
--

COPY public.dashboard_disappearing_info_destination (id, disappearing_info_id, destinations_id) FROM stdin;
10	12	4
\.


--
-- Data for Name: dashboard_disappearing_record; Type: TABLE DATA; Schema: public; Owner: pi
--

COPY public.dashboard_disappearing_record (id, name, info, disappearing_time, date_created) FROM stdin;
1	Info 1	hoi	2023-07-05 22:00:00+02	2023-07-05 13:05:55.602456+02
2	Info 2	HOIII	2023-07-06 22:59:00+02	2023-07-06 16:10:29.980336+02
3	inforamtion1	my message	2023-07-08 20:45:00+02	2023-07-07 20:42:34.482747+02
4	test	test asdasd	2023-07-12 12:30:00+02	2023-07-10 19:46:50.883522+02
5	Test information	Hi	2023-07-14 23:00:00+02	2023-07-14 20:02:48.769683+02
6	Neukundenabschluss	https://figopet.de/sofort-abschliessen/	2026-07-26 18:30:00+02	2023-07-19 10:05:25.591604+02
7	MSG1	<p>HII</p>	2023-10-10 13:06:00+02	2023-10-10 09:36:38.223718+02
8	test 1	<p>test 1</p>	2023-10-11 13:59:00+02	2023-10-10 12:26:37.904952+02
9	MSG2	<p>HI</p>	2023-10-11 17:48:00+02	2023-10-10 14:18:41.773601+02
10	MSG3	<p>Hi</p>	2023-10-12 00:21:00+02	2023-10-11 20:51:43.275079+02
11	MSG4	<p>Hii</p>	2023-10-13 00:00:00+02	2023-10-11 20:52:09.092103+02
12	MSG5	<p>New</p>	2023-10-14 16:21:00+02	2023-10-11 21:11:12.317895+02
13	MSG 6	<p>try 6</p>	2023-10-13 01:05:00+02	2023-10-11 21:42:44.152007+02
14	test 1	<p>dies ist nur ein test.</p><p>mit einer Liste.</p><ol><li>test 1</li><li>test 2</li><li>test 3</li><li>test 4</li><li>test 5</li></ol><p>So das wars, danke.&nbsp;</p>	2023-10-26 00:59:00+02	2023-10-19 10:03:21.417197+02
15	Urlaub	<p>bitte beachten Sie, dass folgende Mitarbeiter nicht im Büro sind:</p><ul><li>-Razan Shaaban (30.10.2023)</li><li>-Dagmar Hühl (23.10.-30.10.2023)</li><li>-Vladimir Shulyatiev (20.10.23 + 24.10..-27.10.2023)</li><li>-Matthias Jordan (30.10.2023)</li><li>-Lydia Daka (20.10.-30.10.2023)</li><li>-Katharina Kober (30.10.2023)</li><li>-Rocio Ormeño-Bruns (20.10.-30.10.2023)</li><li>-Tayfun Hanoglu (27.10+30.10.23)</li><li>-Marc Tilmann (30.10.2023)</li><li>-Daniel Burau (16.10.- 13.11.2023)</li><li>- Dilek Ruf (23.10. - 30.10.2023) - <strong>Aber Anrufinformationen senden</strong></li></ul><p>Außerdem hat unsere Geschäftsführerin Frau Ruf vom 23.10.-30.10.2023 Urlaub.</p>	2023-11-13 18:59:00+01	2023-10-19 10:09:29.245211+02
\.


--
-- Data for Name: dashboard_disappearing_record_destination; Type: TABLE DATA; Schema: public; Owner: pi
--

COPY public.dashboard_disappearing_record_destination (id, disappearing_record_id, destinations_id) FROM stdin;
1	1	1
2	2	1
3	3	2
4	4	1
5	5	1
6	6	4
7	7	1
8	8	28
9	9	1
10	10	1
11	11	1
12	12	1
13	13	1
14	14	28
15	15	21
\.


--
-- Data for Name: dashboard_formdata; Type: TABLE DATA; Schema: public; Owner: pi
--

COPY public.dashboard_formdata (id, form_name, form_data) FROM stdin;
158	06913623458	{"Name": "Michael Klein  ", "send_email": "Zentrale", "Email Adresse": "", "Telefonnummer": "06913623458", "receiver_email": "telefonnotiz@empuron.com", "Weitere Informationen": "meldet sich selbst noch einmal "}
175	068218690433	{"Ort": "", "PLZ": "", "Land": "", "Name": "Frau Eckart  ", "Produkt": "Bitte um Rückmeldung zwecks Kontodaten ", "Straße": "", "Geburtsort": "", "send_email": "Zentrale", "Geburtsland": "", "Geburtszeit": "", "Geburtsdatum": "", "Telefonnummer": "068218690433", "E-Mail Adresse": "", "Größenangabe": "", "receiver_email": "timo_wagenbach@web.de"}
166	022221254	{"Name": "Herr Irlendhäuser ", "Email": "", "Firma": "", "Nachricht": "Wartet nach wie auf einen Rückruf, ansonsten wird der Kunde seinen Anwalt einschalten und die Presse informieren! ", "send_email": "Pohl Service", "Telefonnummer": "022221254", "receiver_email": "stp@pohl-service.eu,mw@pohl-service.eu"}
156	blaze	{"input-db0d89ef": "2343232323", "input-ed2dd985": "Vaibhav", "receiver_email": "vaibhav28890@gmail.com", "radios-97a64940": "Value 2", "checkbox-7a9b9739": "1", "dropdown-467aa6fb": "Value 2"}
200	026021066468	{"Name": "Herr Bendel ", "Email": "", "Firma": "BARMER Krankenkasse ", "Nachricht": "DRINGEND! Personalanfrage zu Herrn Mink", "send_email": "Pohl Solar GmbH", "Telefonnummer": "026021066468", "receiver_email": "sp@pohl-solar.de,mw@pohl-solar.de,mw@pohl-service.eu,ds@pohl-solar.de"}
162	0623282242	{"Vorname": "Marlena", "Nachname": "Wilk", "Mitteilung": "Bitte Termin für nächstes Jahr für eine Füllung 01773880986", "send_email": "Zentrale", "Telefonnummer": "0623282242", "receiver_email": "akapitza@web.de", "Bittet um Rückruf für neuen Termin": "1"}
164	015111761452	{"Vorname": "Claus ", "Nachname": "Birkle", "Mitteilung": "", "send_email": "Zentrale", "Telefonnummer": "015111761452", "receiver_email": "akapitza@web.de", "Bittet um Rückruf für neuen Termin": "1"}
183	01783204481	{"Email": "nutrackefali", "Firma": "", "Vorname": "Nurtac", "Nachname": "Cefali", "Nachricht": "Sucht im Kaufmännischen Bereich. Vollzeit ", "send_email": "Zentrale", "Telefonnummer": "01783204481", "receiver_email": "hello@rebelrecruiting.com", "Ist auf Jobsuche?": "1", "Jobsuche für Marketing": "1", "Kontakt mit Mitarbeiter:": "kein"}
191	01622364951	{"Vorname": "", "Nachname": "Herr Weitchies", "Mitteilung": "möchte Termin für seine Frau Angelika vereinbaren. Sie hat noch schmerzen nach ziehen eines Weisheitszahnes", "send_email": "Zentrale", "Telefonnummer": "01622364951", "receiver_email": "akapitza@web.de", "Bittet um Rückruf": "1"}
179	062326911082	{"Vorname": "Simon", "Nachname": "Lang", "Mitteilung": "Termine Rebecca u. Marlene Lang für Montag müssen abgesagt werden - er meldet sich im neuen Jahr für neue Termine", "send_email": "Zentrale", "Terminabsage": "1", "Telefonnummer": "062326911082", "receiver_email": "akapitza@web.de"}
173	04313630199612	{"Email": "", "Firma": "", "Vorname": "Frau ", "Nachname": "Wagner ", "Nachricht": "Es geht um ein Update ", "send_email": "Zentrale", "Telefonnummer": "04313630199612", "receiver_email": "hello@rebelrecruiting.com", "Rückruf erbeten?": "1", "Kontakt mit Mitarbeiter:": "Herr Schore "}
177	01749107857	{"Name": "Boris   ", "Email": "", "Firma": "", "Nachricht": "Kabeltrommel benötigt ", "send_email": "Pohl Solar GmbH", "Telefonnummer": "01749107857", "receiver_email": "sp@pohl-solar.de,mw@pohl-solar.de,mw@pohl-service.eu,ds@pohl-solar.de"}
181	017620270901	{"Vorname": "Frau ", "Nachname": "Sotho", "Mitteilung": "Lenoard, Anabella - Termin jetzt - verspäten sich ca. 10 Minuten ", "send_email": "Zentrale", "Telefonnummer": "017620270901", "receiver_email": "akapitza@web.de"}
199	017630619031	{"Name": "Herr Haux ", "Email": "", "Firma": "", "Nachricht": "Bitte Rückmeldung zwecks Fassadenfarbe ", "send_email": "Pohl Solar GmbH", "Telefonnummer": "017630619031", "receiver_email": "sp@pohl-solar.de,mw@pohl-solar.de,mw@pohl-service.eu,ds@pohl-solar.de"}
187	062326912885	{"Vorname": "Herr ", "Nachname": "Dausch ", "Mitteilung": "Hat den Termin am 11.12 vergessen", "send_email": "Zentrale", "Telefonnummer": "062326912885", "receiver_email": "akapitza@web.de", "Bittet um Rückruf für neuen Termin": "1"}
171	mfl@innovicom.de	{"Name": "Anic Blaz", "Email": "", "Nachricht": "Es geht um eine Rückgabe ", "send_email": "Zentrale", "Telefonnummer": "01727668030", "Vertragsnummer": "3933737", "receiver_email": "mail@leaseandbuy.de", "Rückruf erbeten?": "1"}
193	0899698990	{"Name": "Herr Baumann ", "send_email": "Zentrale", "Zimmeranzahl": "", "E-Mailadresse": "", "Telefonnummer": "089969899220", "receiver_email": "customer-service@helloguest.com", "Hotelname / Firmenname": "", "Zusätzliche Anmerkungen": "Bitte um Rückruf von Herrn Mager "}
189	027712674512	{"Name": "Herr Kallenberg", "Firma": "Ben Schulz u. Partner AG", "Nachricht": "möchte eine Frau Rocio Bruns sprechen - Resilienz ", "send_email": "Student", "Telefonnummer": "027712674512", "Erreichbarkeit": "", "receiver_email": "student@bbu-projekt.com", "Rückruf erbeten?": "1"}
195	076163095099	{"Name": "Sandra Fröhlich ", "Email": "", "Firma": "", "Nachricht": "Bitte um Rückmeldung zwecks Personalmanagement, Onlinefachdatenbank. ", "send_email": "Pohl Service", "Telefonnummer": "076163095099", "receiver_email": "stp@pohl-service.eu,mw@pohl-service.eu"}
197	02318868045	{"Name": "", "Email": "", "Firma": "Bewerber Boost Frau Zaid ", "Nachricht": "Bitte um Rückmeldung zwecks Personalmanagement \\r\\n", "send_email": "Pohl Service", "Telefonnummer": "02318868045", "receiver_email": "stp@pohl-service.eu,mw@pohl-service.eu"}
160	01719540404	{"Vorname": "", "Nachname": "Herr Göttler Zahntechnik", "Mitteilung": "Es wurde gerade aus der Praxis angerufen. Bitte nochmal anrufen ,Handy ist jetzt wieder laut.", "send_email": "Zentrale", "Telefonnummer": "01719540404", "receiver_email": "akapitza@web.de", "Bittet um Rückruf": "1"}
185	0245191130807	{"Name": "Frau Rademacher ", "Email": "", "Firma": "Centroplan ", "Nachricht": "Bitte um Rückmeldung zwecks Mangelbeseitigung ", "send_email": "Pohl Service", "Telefonnummer": "0245191130807", "receiver_email": "stp@pohl-service.eu,mw@pohl-service.eu"}
157	3847322312	{"send_email": "Vaibhav", "input-04e4c666": "Some Value", "input-aaea876e": "3847322312", "receiver_email": "vaibhav28890@gmail.com", "textarea-c6b41d80": "HOI"}
159	017654594901	{"Vorname": "Wolfgang", "Nachname": "Bax", "Mitteilung": "Status der Schadenmeldung hat vor über14. Tagen eingereicht.", "send_email": "Zentrale", "Email Adresse": "wolfgang.bax@wolfsburg.de", "Telefonnummer": "017654594901", "receiver_email": "telefon@petplan.de", "Schadenfallnummer": "", "Versicherungsnummer": "PG0002401R"}
161	017664302079	{"Vorname": "Stefanie ", "Nachname": "Magin ", "Mitteilung": "Muss den Termin für morgen den 13.12 um 17h absagen", "send_email": "Zentrale", "Terminabsage": "1", "Telefonnummer": "017664302079", "receiver_email": "akapitza@web.de", "Bittet um Rückruf": "1"}
178	0623273848	{"Vorname": "Sabine ", "Nachname": "Becker ", "Mitteilung": "Es geht um die Brandschutzübung ", "send_email": "Zentrale", "Telefonnummer": "0623273848", "receiver_email": "post@zahnpraxis-kapitza.de", "Bittet um Rückruf": "1"}
172	01714944726	{"Name": "Herr Daniel Behmenburg ", "Email": "", "Firma": "", "Nachricht": "Anruf für Herrn Pohl", "send_email": "Pohl Service", "Telefonnummer": "01714944726", "receiver_email": "stp@pohl-service.eu,mw@pohl-service.eu"}
163	0754398929632	{"Name": "Frau Kallmeier ", "Email": "", "Firma": "", "Nachricht": "Bitte um Rückruf zwecks Rückfrage für Angebotsanfrage ", "send_email": "Pohl Service", "Telefonnummer": "0754398929632", "receiver_email": "stp@pohl-service.eu,mw@pohl-service.eu"}
169	017664994004	{"Vorname": "Tamona ", "Nachname": "Mickelatze ", "Mitteilung": "Fragt ob sie für heute den 12.12 um 12h einen Termin hat ", "send_email": "Zentrale", "Telefonnummer": "017664994004", "receiver_email": "akapitza@web.de", "Bittet um Rückruf": "1"}
174	06663918811	{"Ort": "Steinau ", "PLZ": "36396 ", "Land": "Deutschland ", "Name": "Ingrid Weitzel ", "Produkt": "Fragt nach ihrer Bestellung, da die Kundin noch keine Infos hat bzgl der Zahlung, BITTET UM RÜCKRUF am besten nach 18h ", "Straße": "Ohlstr 31", "Geburtsort": "", "send_email": "Zentrale", "Geburtsland": "", "Geburtszeit": "", "Geburtsdatum": "", "Telefonnummer": "06663918811", "E-Mail Adresse": "ingrid.weitzel@gmx.net", "Größenangabe": "", "receiver_email": "timo_wagenbach@web.de"}
170	01732136412	{"Name": "Herr Schäfer ", "Email": "", "Firma": "", "Nachricht": "DRINGEND!!! Wartet seit um 11h beim Lidl, bittet um Rückruf von Frau Wiebelhaus ", "send_email": "Pohl Service", "Telefonnummer": "01732136412", "receiver_email": "stp@pohl-service.eu,mw@pohl-service.eu"}
180	06232698297	{"Vorname": "Pierre", "Nachname": "Krieger", "Mitteilung": "Ein Stück vom Backenzahn ist abgebrochen. Wünscht wenn mögich einen Termin. die nächsten beiden Freitage wären möglich, zwischen den Tagen und 2. u. 3.1.24 gehen auch (keine akuten Schmerzen aktuell)", "send_email": "Zentrale", "Telefonnummer": "06232698297", "receiver_email": "akapitza@web.de", "Bittet um Rückruf": "1"}
165	015115613827	{"Name": "Mustafa ", "Email": "", "Firma": "", "Nachricht": "Fragt nach Mandy und bittet um Rückmeldung!! ", "send_email": "Pohl Service", "Telefonnummer": "015115613827", "receiver_email": "stp@pohl-service.eu,mw@pohl-service.eu"}
186	015901737734	{"Email": "", "Firma": "GO ", "Vorname": "Marlene ", "Nachname": "Appholdt ", "Nachricht": "Es geht um eine Sendung", "send_email": "Zentrale", "Telefonnummer": "015901737734", "receiver_email": "hello@rebelrecruiting.com", "Rückruf erbeten?": "1", "Kontakt mit Mitarbeiter:": ""}
182	06236500476	{"Vorname": "Christoff", "Nachname": "Hyllus", "Mitteilung": "er wurde gerade angerufen - geht es um den Termin am Do. ? - er ist jetzt wieder erreichbar", "send_email": "Zentrale", "Telefonnummer": "06236500476", "receiver_email": "akapitza@web.de", "Bittet um Rückruf": "1"}
184	015736322316	{"Name": "Herr Lenz ", "Email": "", "Firma": "", "Nachricht": "Es werden Abrechnung für März, Mai, Juli und Dezember benötigt. Arbeitszeugnis benötigt. ", "send_email": "Pohl Service", "Telefonnummer": "015736322316", "receiver_email": "stp@pohl-service.eu,mw@pohl-service.eu"}
188	01711751169	{"Name": "Frau Meurer ", "Email": "", "Firma": "Flietlink ", "Nachricht": "Es geht um den Vertrag des Mietwagens ", "send_email": "Pohl Service", "Telefonnummer": "01711751169", "receiver_email": "stp@pohl-service.eu,mw@pohl-service.eu"}
190	0511306611	{"Name": "Herr Tiltmann", "Firma": "Lichtbreust", "Nachricht": "bittet um Rückruf - er wurde angeschrieben ", "send_email": "Ruf, Dilek", "Telefonnummer": "0511306611", "Erreichbarkeit": "heute bis 18.30", "receiver_email": "dilek.ruf@bbu-projekt.com"}
176	0041792800800	{"Name": "Herr Grup ", "Firma": "", "Nachricht": "Bitte Rückmeldung von Herrn Adrian Geist ", "send_email": "Zentrale", "Telefonnummer": "0041792800800", "Erreichbarkeit": "", "receiver_email": "info@kk-software.de", "Abteilung: Anruf für": "Softwareentwicklungs-Team"}
192	015221318542	{"Vorname": "Frau", "Nachname": "Walter", "Mitteilung": "hat am 03.01 um 12 Uhr einen Termin und wuerde den gern um eine Woche verschieben da Sie kein frei bekommt.", "send_email": "Zentrale", "Telefonnummer": "015221318542", "receiver_email": "akapitza@web.de", "Bittet um Rückruf für neuen Termin": "1"}
194	017662466470	{"Name": "Herr Offers ", "Email": "", "Firma": "", "Nachricht": "Bitte um Rückmeldung zwecks Kellerschlüssel. Es wird ein Termin für morgen 11:30 angestrebt. ", "send_email": "Pohl Solar GmbH", "Telefonnummer": "017662466470", "receiver_email": "sp@pohl-solar.de,mw@pohl-solar.de,mw@pohl-service.eu,ds@pohl-solar.de"}
196	01749730335	{"Name": "Herr Ezzatollah", "Email": "", "Firma": "", "Nachricht": "Bitte Rückmeldung zwecks Termin ", "send_email": "Pohl Solar GmbH", "Telefonnummer": "01749730335", "receiver_email": "sp@pohl-solar.de,mw@pohl-solar.de,mw@pohl-service.eu,ds@pohl-solar.de"}
198	05118072580	{"Name": "Herr Groß ", "Firma": "", "Nachricht": "Bitte um Rückmeldung ", "send_email": "Tillmann, Marc", "Telefonnummer": "05118072580", "Erreichbarkeit": "", "receiver_email": "tilmann@bbu-projekt.com", "Rückruf erbeten?": "1"}
201	040334637012	{"Name": "Herr Karstens ", "Firma": "Picture Tools ", "Nachricht": "Bitte Rückmeldung zwecks Software Auto Desk ", "send_email": "Ruf, Dilek", "Telefonnummer": "040334637012", "Erreichbarkeit": "", "receiver_email": "dilek.ruf@bbu-projekt.com", "Rückruf erbeten?": "1"}
202	051116846463	{"Name": "Frau Reith ", "Firma": "", "Nachricht": "Bitte um Rückmeldung zwecks Projekt Wasserstadt Limmer ", "send_email": "Ruf, Dilek", "Telefonnummer": "051116846463", "Erreichbarkeit": "", "receiver_email": "dilek.ruf@bbu-projekt.com", "Rückruf erbeten?": "1"}
203	0245191130661	{"Name": "Herr Schleiden ", "Email": "", "Firma": "", "Nachricht": "Bittet um Rückruf von Frau Wiebelhaus ", "send_email": "Pohl Service", "Telefonnummer": "0245191130661", "receiver_email": "stp@pohl-service.eu,mw@pohl-service.eu"}
204	061312656876	{"Name": "Herr Hajasi ", "Email": "", "Firma": "", "Nachricht": "Bitte um Rückmeldung zwecks Jobanfrage als Elektromeister ", "send_email": "Pohl Solar GmbH", "Telefonnummer": "061312656876", "receiver_email": "sp@pohl-solar.de,mw@pohl-solar.de,mw@pohl-service.eu,ds@pohl-solar.de"}
205	016096787840	{"Name": "Herr Leonhard ", "Email": "", "Firma": "", "Nachricht": "DRINGEND! Bitte um Rückmeldung zwecks Bautrockner LTE 120 ", "send_email": "Pohl Solar GmbH", "Telefonnummer": "016096787840", "receiver_email": "sp@pohl-solar.de,mw@pohl-solar.de,mw@pohl-service.eu,ds@pohl-solar.de"}
206	017655401274	{"Email": "", "Firma": "", "Vorname": "Marko ", "Nachname": "Marko ", "Nachricht": "Marko beleidigt und beschimpft am Telefon ", "send_email": "Zentrale", "Telefonnummer": "017655401274", "receiver_email": "hello@rebelrecruiting.com", "Kontakt mit Mitarbeiter:": ""}
207	01727704501	{"Ort": "", "PLZ": "", "Land": "", "Name": "Judith Schneider ", "Produkt": "Bitte um Rückmeldung zwecks Bestellung vom 06.12.23. Es liegt noch keine Rechnung vor. ", "Straße": "", "Geburtsort": "", "send_email": "Zentrale", "Geburtsland": "", "Geburtszeit": "", "Geburtsdatum": "", "Telefonnummer": "01727704501", "E-Mail Adresse": "", "Größenangabe": "", "receiver_email": "timo_wagenbach@web.de"}
168	figo	{"Vorname": "Tierarztpraxis Hildering ", "Nachname": "", "Mitteilung": "Brauerstr. 54 46236 Botrop\\r\\nPraxis benötigt Info Material", "send_email": "Zentrale", "Email Adresse": "info@tiearztpraxis-hildering.de", "Telefonnummer": "02041685837", "receiver_email": "telefon@figopet.de", "Schadenfallnummer": "", "Versicherungsnummer": ""}
209	09524833823	{"Name": "Herr Wintzheimer ", "Firma": "Krines", "Nachricht": "Benötigt Hilfe von Herrn Müller ", "send_email": "Zentrale", "Telefonnummer": "09524833823", "Erreichbarkeit": "", "receiver_email": "info@kk-software.de", "Abteilung: Anruf für": "Systemhaus-Team"}
210	01728874381	{"Name": "Herr Ramani ", "Email": "", "Firma": "", "Nachricht": "Benötigt einen Termin mit Herrn Pohl ", "send_email": "Pohl Service", "Telefonnummer": "01728874381", "receiver_email": "stp@pohl-service.eu,mw@pohl-service.eu"}
211	00436763353485	{"Ort": "Wien ", "PLZ": "1100", "Land": "Österreich ", "Name": "Kreuzer, Christa ", "Produkt": "Die Rechnung stimmt nicht mit der Bestellung überein ", "Straße": "Hasenöhrlstr 71/1/2", "Geburtsort": "", "send_email": "Zentrale", "Geburtsland": "", "Geburtszeit": "", "Geburtsdatum": "", "Telefonnummer": "00436763353485", "E-Mail Adresse": "christa.kreuzer15@gmail.com ", "Größenangabe": "", "receiver_email": "timo_wagenbach@web.de"}
212	01604030966	{"Name": "Herr Stefan Möllenbeck", "Email": "s.moellenbeck@schwing-tech.com", "Firma": "Schwing Technologies", "Nachricht": "Die Innosoft Anwendungen funktioniert nicht mehr nach Update. Techniker haben ihre Handy update gemacht auf IOS 1673 Version. Nichts geht mehr Nur I-Pad funktioniert noch mit 1712 Version. Der Betrieb hat gerade Techniker Tag und es gibt jede menge Fehler Meldungen  Der Kunde benötigt Dringend Hilfe!!!!", "send_email": "Support", "Telefonnummer": "01604030966", "receiver_email": "support@innosoft.de"}
213	05113588380	{"Name": "Frau Bornscheid ", "Firma": "", "Nachricht": "Bitte um Rückmeldung zwecks Projekt Enercity, Brandschutz ", "send_email": "Peters, Helge", "Telefonnummer": "05113588380", "Erreichbarkeit": "", "receiver_email": "peters@bbu-projekt.com", "Rückruf erbeten?": "1"}
219	00380961953964	{"Name": "Herr Danylemko", "Email": "", "Firma": "", "Nachricht": "Bitte dringend melden zwecks offener Rechnung ", "send_email": "Pohl Service", "Telefonnummer": "00380961953964", "receiver_email": "stp@pohl-service.eu,mw@pohl-service.eu"}
214	01637933095	{"Name": "David Stricker ", "Firma": "Aquinet ", "send_email": "Zentrale", "Telefon-Nr.": "01637933095", "receiver_email": "sprechstunde@protekto.group", "Grund des Anrufs": "Herr Stricker stellt eine Anfrage auf eine aktuelle Corona Impfung. ", "Rückruf erbeten": "1"}
215	0221999847470	{"Email": "", "Firma": "Königspunkt ", "Vorname": "Elodine ", "Nachname": "Jakob ", "Nachricht": "Die Website funktioniert nicht ", "send_email": "Zentrale", "Telefonnummer": "0221999847470", "receiver_email": "hello@rebelrecruiting.com", "Rückruf erbeten?": "1", "Kontakt mit Mitarbeiter:": "nicht bekannt "}
216	015901476719	{"Email": "", "Firma": "Königspunkt ", "Vorname": "Elodine ", "Nachname": "Jakob ", "Nachricht": "Website funktioniert nicht ", "send_email": "Zentrale", "Telefonnummer": "015901476719", "receiver_email": "hello@rebelrecruiting.com", "Rückruf erbeten?": "1", "Kontakt mit Mitarbeiter:": "Dennis und Nathalie "}
217	017664628950	{"Name": "Kevin Gronau ", "Email": "", "Firma": "", "Nachricht": "Bittet um Rückruf von Herrn Pohl ", "send_email": "Pohl Service", "Telefonnummer": "017664628950", "receiver_email": "stp@pohl-service.eu,mw@pohl-service.eu"}
218	01726165163	{"Name": "Herr Klimetschek ", "send_email": "Zentrale", "Email Adresse": "", "Telefonnummer": "01726165163", "receiver_email": "telefonnotiz@empuron.com", "Rückruf gewünscht": "1", "Weitere Informationen": "Bittet um Rückruf von Herrn Hubert, Anliegen sei bekannt "}
208	023614908996	{"Name": "Carsten Gräb ", "Email": "", "Firma": "", "Nachricht": "Möchte mit Herrn Ebrecht sprechen,  es geht um die Holzbox", "send_email": "Support", "Telefonnummer": "023614908996", "receiver_email": "support@innosoft.de"}
228	0514118403	{"Name": "Frau Matulke", "Firma": "Konmetalmeister", "send_email": "Zentrale", "Telefon-Nr.": "0514118403", "receiver_email": "sprechstunde@protekto.group", "Grund des Anrufs": "Untersuchung Sehtest vom Betriebsarzt erfolgt.\\r\\nUnterlagen für Bildschirm Bille fehlen, kann nicht beantragt werden. Bitte Rückruf. Erreichbar  bis 16.00 Uhr oder per Mail!\\r\\n", "Rückruf erbeten": "1"}
220	00436766016905	{"Name": "Herr Weitmann ", "send_email": "Zentrale", "Zimmeranzahl": "", "E-Mailadresse": "", "Telefonnummer": "00436766016905", "receiver_email": "customer-service@helloguest.com", "Hotelname / Firmenname": "", "Zusätzliche Anmerkungen": "Möchte mit Christian Meyer sprechen "}
231	0043643263010	{"Name": "Monika Wallner ", "send_email": "Zentrale", "Zimmeranzahl": "", "E-Mailadresse": "", "Telefonnummer": "0043643263010", "receiver_email": "customer-service@helloguest.com", "Hotelname / Firmenname": "Das Gzund ", "Zusätzliche Anmerkungen": "Es geht um das Angebot und bittet um Rückruf \\r\\nAngebotsnummer S00084"}
239	042136583274	{"Name": "", "Email": "", "Firma": "Jakobs Kaffee ", "Nachricht": "Werbeanruf ", "send_email": "Phone (für alles, was nicht passt)", "Telefonnummer": "042136583274", "receiver_email": "phone@innosoft.de"}
221	020187429319	{"Name": "", "Firma": "Agentur Brand Revier", "Nachricht": "Die Agetur hat vor einem Jahr mit Frau Ruf einen Potcast aufgenommen.\\r\\nFrage ist das Microfon von der Agentur noch im Haus?", "send_email": "Daka, Lydia", "Telefonnummer": "020187429319", "Erreichbarkeit": "", "receiver_email": "daka@bbu-projekt.com", "Rückruf erbeten?": "1"}
225	01719383745	{"Name": "Herr Bernhard ", "Firma": "Pflegewohnhaus GmbH ", "send_email": "Zentrale", "Telefon-Nr.": "01719383745", "receiver_email": "sprechstunde@protekto.group", "Grund des Anrufs": "Bitte um Rückmeldung zwecks Betriebsanweisungen ", "Rückruf erbeten": "1"}
226	06996758201	{"Vorname": "Herr ", "Nachname": "Nuwinski", "Mitteilung": "es geht um das Thema Markteting - da wünscht er einen Rückruf", "send_email": "Zentrale", "Email Adresse": "", "Telefonnummer": "06996758201", "receiver_email": "telefon@petplan.de", "Schadenfallnummer": "", "Versicherungsnummer": ""}
234	017629778952	{"Name": "Armin Tarawi ", "Email": "", "Firma": "", "Nachricht": "Bittet um Rückruf bzgl der Baustelle ", "send_email": "Pohl Service", "Telefonnummer": "017629778952", "receiver_email": "stp@pohl-service.eu,mw@pohl-service.eu"}
227	017640783201	{"Name": "Herr Presching ", "Email": "", "Firma": "Preconsult", "Nachricht": "möchte Herr Siepe sprechen", "send_email": "Support", "Telefonnummer": "017640783201", "receiver_email": "support@innosoft.de"}
223	01729788723	{"Name": "Said Hadjid ", "Email": "", "Firma": "", "Nachricht": "DRINGEND!!!! Fragt wann das gesamte Team das Geld bekommt!!!! ", "send_email": "Pohl Service", "Telefonnummer": "01729788723", "receiver_email": "stp@pohl-service.eu,mw@pohl-service.eu"}
230	01718957285	{"Name": "Herr ", "Email": "peter-dyszy@gmx.de", "Firma": "Dyszy Zimmervermieter", "Nachricht": "Zimmer - gebucht heute -  bittet um Rückruf - \\r\\nes geht da um die Rechnung die gemailt wurde\\r\\nwurde heute gemailt um 15.40", "send_email": "Pohl Service", "Telefonnummer": "01718957285", "receiver_email": "stp@pohl-service.eu,mw@pohl-service.eu"}
224	015253728640	{"Name": "Herr Wacker ", "Email": "", "Firma": "", "Nachricht": "Es geht um die fehlerhafte Baustelle ", "send_email": "Pohl Service", "Telefonnummer": "015253728640", "receiver_email": "stp@pohl-service.eu,mw@pohl-service.eu"}
232	0623284611	{"Vorname": "Frau Glötzer", "Nachname": "Kreutzapotheke", "Mitteilung": "es geht um Rezept Herr Metzler, Vitali. \\r\\nBitte Rückruf Amoxi.... ist nicht lieferbar (Freitexteingabe)", "send_email": "Zentrale", "Telefonnummer": "0623284611", "receiver_email": "akapitza@web.de", "Bittet um Rückruf": "1"}
233	017643844420	{"Vorname": "", "Nachname": "Alexander Prokapovich", "Mitteilung": "hat heute Termin - um welche Uhrzeit?", "send_email": "Zentrale", "Telefonnummer": "017643844420", "receiver_email": "akapitza@web.de", "Bittet um Rückruf": "1"}
222	040226359588	{"Name": "Herr Wader ", "Email": "", "Firma": "Berg ", "Nachricht": "Möchte mit Herrn Eprecht sprechen ", "send_email": "Support", "Telefonnummer": "040226359588", "receiver_email": "support@innosoft.de"}
235	01608036813	{"Name": "Frau Kattner - Signal Iduna", "send_email": "Zentrale", "Email Adresse": "", "Telefonnummer": "01608036813", "receiver_email": "telefonnotiz@empuron.com", "Weitere Informationen": "hat die Nummer heute gesehen - wurde wohl angerufen. wollte wissen worum es ging"}
237	017664885960	{"Vorname": "Bärbel", "Nachname": "Jung ", "Mitteilung": "Kostenvoranschlag - muss sie den an die Krankenkasse senden? bittet um Rückruf ", "send_email": "Zentrale", "Telefonnummer": "017664885960", "receiver_email": "akapitza@web.de", "Bittet um Rückruf": "1"}
236	015510094622	{"Vorname": "", "Nachname": "Frau von der Schmidt ", "Mitteilung": "die Prothese fällt immer raus - sie kann nicht essen. \\r\\nwas kann sie machen?\\r\\nsie wartet auf einen Rückruf - ", "send_email": "Zentrale", "Telefonnummer": "015510094622", "receiver_email": "akapitza@web.de", "Bittet um Rückruf": "1"}
238	051160095758	{"Name": "Herr Mertens ", "Firma": "", "Nachricht": "Es geht um die Raumakustik ", "send_email": "Kober, Katharina", "Telefonnummer": "051160095758", "Erreichbarkeit": "", "receiver_email": "kober@bbu-projekt.com", "Rückruf erbeten?": "1"}
229	01753389612	{"Name": "Herr Werner ", "send_email": "Zentrale", "Zimmeranzahl": "", "E-Mailadresse": "", "Telefonnummer": "01753389612", "receiver_email": "customer-service@helloguest.com", "Hotelname / Firmenname": "", "Zusätzliche Anmerkungen": "Terminal bricht immer wieder, Kunde hat es eilig und hat aufgelegt, aufgrund dessen, keine Email und keinen Firmennamen eingetragen, "}
240	017628065658	{"Name": "Cordula Fey ", "Firma": "", "Nachricht": "Es geht um die Tagung Ende Januar ", "send_email": "Ruf, Dilek", "Telefonnummer": "017628065658", "Erreichbarkeit": "", "receiver_email": "dilek.ruf@bbu-projekt.com", "Rückruf erbeten?": "1"}
241	01775077574	{"Name": "Kathrin Stöckemann", "Firma": "Krasemann", "Nachricht": "Info von Peter Krasemann: Termin Änderung! Thema Sleep Hotel  der Call findet am Do. 11.30 Uhr statt!  Zugangsdaten folgen per mail.", "send_email": "Ruf, Dilek", "Telefonnummer": "01775077574", "Erreichbarkeit": "", "receiver_email": "dilek.ruf@bbu-projekt.com"}
242	01778363260	{"Name": "Herr Sarikanant ", "Email": "", "Firma": "  Rheinglanz ", "Nachricht": "Wünscht Rückruf ", "send_email": "Pohl Service", "Telefonnummer": "01778363260", "receiver_email": "stp@pohl-service.eu,mw@pohl-service.eu"}
243	01755758023	{"Name": "Herr Moldrickx", "Firma": "Eco Schulte", "Nachricht": "Thema: Sleep Hotel", "send_email": "Ruf, Dilek", "Telefonnummer": "01755758023", "Erreichbarkeit": "", "receiver_email": "dilek.ruf@bbu-projekt.com", "Rückruf erbeten?": "1"}
258	fromthesky@innovicom.de	{"Ort": "", "PLZ": "", "Land": "", "Name": "Frau Lydia Kornblum ", "Produkt": "Artikel 1050 bestellt, Überweisung am 12.12.23, Ware noch nicht erhalten  \\r\\nKD Nr.  10389 / RE 0616", "Straße": "", "Geburtsort": "", "send_email": "Zentrale", "Geburtsland": "", "Geburtszeit": "", "Geburtsdatum": "", "Telefonnummer": "", "E-Mail Adresse": "l-kornblum@t-online.de", "Größenangabe": "", "receiver_email": "timo_wagenbach@web.de"}
245	09112162568	{"Name": "Herr Morgenroth ", "send_email": "Zentrale", "Email Adresse": "", "Telefonnummer": "09112162568", "receiver_email": "telefonnotiz@empuron.com", "Rückruf gewünscht": "1", "Weitere Informationen": "Hat Fragen zu der gesandten Email vom 7.12"}
246	015780407641	{"Name": "Herr Plavle", "Email": "", "Firma": "NS Transport", "Nachricht": "Fahrer ist vor Ort und möchte abholen aber Tür ist geschlossen bitte dringend kommen", "send_email": "Pohl Service", "Telefonnummer": "015780407641", "receiver_email": "stp@pohl-service.eu,mw@pohl-service.eu"}
247	02401608690	{"Name": "Herr Bloch ", "Email": "", "Firma": "Centro Plan ", "Nachricht": "Es geht um eine Lieferung ", "send_email": "Pohl Service", "Telefonnummer": "02401608690", "receiver_email": "stp@pohl-service.eu,mw@pohl-service.eu"}
353	06232315515	{"Vorname": "Frau ", "Nachname": "Dillenburg ", "Mitteilung": "Möchte einige Termine verlegen ", "send_email": "Zentrale", "Telefonnummer": "06232315515", "receiver_email": "akapitza@web.de", "Bittet um Rückruf": "1"}
249	01704152872	{"Name": "Herr Walter ", "Firma": "K2 Natursteine ", "send_email": "Zentrale", "Telefon-Nr.": "01704152872", "receiver_email": "sprechstunde@protekto.group", "Grund des Anrufs": "Es geht um eine Besichtigung ", "Rückruf erbeten": "1"}
250	015901161222	{"Vorname": "Herr, Sohn", "Nachname": "Smorczewska", "Mitteilung": "Hat starke Zahnschmerzen und braucht dringend einen Termin. Es Geht um die Mutter Maria Smorczewska", "send_email": "Zentrale", "Telefonnummer": "015901161222", "receiver_email": "akapitza@web.de", "Bittet um Rückruf für neuen Termin": "1"}
536	040209345952	{"Name": "Herr Stefano", "Email": "melanie.boehling@qbeyond-ds.de", "Firma": "Qbeyond", "Nachricht": "Bittet um Rückruf ", "send_email": "Support", "Telefonnummer": "040209345952", "receiver_email": "support@innosoft.de"}
252	093822049634	{"Name": "Herr Endres ", "Firma": "", "Nachricht": "Anruf für Laura: Windows Wiederherstellung CD wird benötigt.", "send_email": "Zentrale", "Telefonnummer": "093823553", "Erreichbarkeit": "", "receiver_email": "info@kk-software.de", "Abteilung: Anruf für": "Verwaltung"}
253	051195298982	{"Vorname": "Marko ", "Nachname": "Oppitz", "Mitteilung": "Benötigt die 14-stellige Nummer für beide Tierchen ", "send_email": "Zentrale", "Email Adresse": "marko.oppitz@web.de ", "Telefonnummer": "051195298982", "receiver_email": "telefon@petplan.de", "Schadenfallnummer": "", "Versicherungsnummer": "PG000 12275 und PG000 39484"}
254	06232290500	{"Vorname": "Joachim ", "Nachname": "Bossek ", "Mitteilung": "", "send_email": "Zentrale", "Telefonnummer": "06232290500", "receiver_email": "akapitza@web.de", "Bittet um Rückruf": "1"}
255	06221380970	{"Vorname": "", "Nachname": "Kapitza", "Mitteilung": "Herr Kapitza (Vater) bittet um Rückruf in Heidelberg", "send_email": "Zentrale", "Telefonnummer": "06221380970", "receiver_email": "akapitza@web.de", "Bittet um Rückruf": "1"}
256	017664397789	{"Vorname": "Herr ", "Nachname": "Avemarie ", "Mitteilung": "Benötigt eine Empfehlung bzgl Reinigungstabletten ", "send_email": "Zentrale", "Telefonnummer": "017664397789", "receiver_email": "akapitza@web.de", "Bittet um Rückruf": "1"}
257	02143284760	{"Name": "Herr Schligschöder", "Email": "leverkusen@work-factory.de", "Firma": "Workfactory ", "Nachricht": "Regionaler Monteur wird Angeboten zur Übernahme.", "send_email": "Pohl Service", "Telefonnummer": "02143284760", "receiver_email": "stp@pohl-service.eu,mw@pohl-service.eu"}
328	015232082495	{"Name": "Herr Kaldewei ", "Firma": "", "send_email": "Zentrale", "Telefon-Nr.": "015232082495", "receiver_email": "sprechstunde@protekto.group", "Grund des Anrufs": "Hatte einen Anruf in Abwesenheit ", "Rückruf erbeten": "1"}
259	017653650871	{"Vorname": "", "Nachname": "Frau Bunscho ", "Mitteilung": "wartet auf Anruf für einen Termin zum Zahn ziehen ", "send_email": "Zentrale", "Telefonnummer": "017653650871", "receiver_email": "akapitza@web.de", "Bittet um Rückruf für neuen Termin": "1"}
260	0623243762	{"Vorname": "Frau ", "Nachname": "Löösch ", "Mitteilung": "Möchte den Termin für heute 21.12 um 12h absagen ", "send_email": "Zentrale", "Terminabsage": "1", "Telefonnummer": "0623243762", "receiver_email": "akapitza@web.de", "Bittet um Rückruf für neuen Termin": "1"}
261	016092473500	{"Name": "Herr Becker ", "send_email": "Zentrale", "Email Adresse": "", "Telefonnummer": "01747987275", "receiver_email": "telefonnotiz@empuron.com", "Rückruf gewünscht": "1", "Weitere Informationen": "Bitte um Rückmeldung von Herrn Rod "}
262	0711993734400	{"Vorname": "Frau ", "Nachname": "Fofic", "Mitteilung": "Es geht um eine Stornomitteilung vom 18.10 Rechnungsnr 118813", "send_email": "Zentrale", "Telefonnummer": "0711993734400", "receiver_email": "akapitza@web.de", "Bittet um Rückruf": "1"}
263	02519520331227	{"Name": "Herr König ", "Email": "", "Firma": "StepStone ", "Nachricht": "Bitte um Rückmeldung zwecks Mitarbeitergewinnung ", "send_email": "Phone (für alles, was nicht passt)", "Telefonnummer": "02519520331227", "receiver_email": "phone@innosoft.de"}
329	01776161999	{"Name": "Herr Paust ", "Firma": "", "Nachricht": "Hat um 10h einen Termin und wartet ", "send_email": "Zentrale", "Telefonnummer": "01776161999", "Erreichbarkeit": "", "receiver_email": "info@kk-software.de", "Abteilung: Anruf für": "Softwareentwicklungs-Team"}
420	015122001824	{"Name": "Frank Kraft ", "send_email": "Zentrale", "Zimmeranzahl": "", "E-Mailadresse": "", "Telefonnummer": "015122001824", "receiver_email": "customer-service@helloguest.com", "Hotelname / Firmenname": "", "Zusätzliche Anmerkungen": "Bittet um ein Angebot "}
264	02222996760	{"Name": "Herr Müller ", "Email": "", "Firma": "Steuerkanzlei Krämer ", "Nachricht": "Bitte um Rückmeldung zwecks Emailverkehr ", "send_email": "Pohl Solar GmbH", "Telefonnummer": "02222996760", "receiver_email": "sp@pohl-solar.de,mw@pohl-solar.de,mw@pohl-service.eu,ds@pohl-solar.de"}
265	017660958392	{"Vorname": "Betina", "Nachname": "Bette", "Mitteilung": "Fagen zur Schaden Regulierung.", "send_email": "Zentrale", "Email Adresse": "betina-bette@Wt-online.de", "Telefonnummer": "017660958392 immer", "receiver_email": "telefon@petplan.de", "Rückruf erbeten?": "1", "Schadenfallnummer": "202393139", "Versicherungsnummer": ""}
266	01773064079	{"Vorname": "Frau ", "Nachname": "Pluskat ", "Mitteilung": "Bitte Rückmeldung zwecks Rechnungen, Chipnummer angeblich nicht vorhanden. Eingereicht am 19.12.2023 ", "send_email": "Zentrale", "Email Adresse": "", "Telefonnummer": "01773064079", "receiver_email": "telefon@petplan.de", "Rückruf erbeten?": "1", "Schadenfallnummer": "CG202393285", "Versicherungsnummer": ""}
267	015736322965	{"Vorname": "Frau ", "Nachname": "Franks ", "Mitteilung": "Kundin möchte bei Umzug ihre Versicherung mit in die Niederlande nehmen. Bitte um Rückmeldung ", "send_email": "Zentrale", "Email Adresse": "", "Telefonnummer": "015736322965", "receiver_email": "telefon@petplan.de", "Rückruf erbeten?": "1", "Schadenfallnummer": "", "Versicherungsnummer": "PG00035112 "}
268	05115151310	{"Name": "Frau Steinbrück ", "Firma": "Schulze Borges RA ", "Nachricht": "Betrifft Rote-Mühle-Weg 36, Braunschweig \\r\\nStellplatzproblematik ", "send_email": "Daka, Lydia", "Telefonnummer": "05115151310", "Erreichbarkeit": "", "receiver_email": "daka@bbu-projekt.com", "Rückruf erbeten?": "1"}
244	017664465984	{"Email": "", "Firma": "", "Vorname": "Herr ", "Nachname": "Murati ", "Nachricht": "Bitte um Rückmeldung von Felix zwecks Angebot ", "send_email": "Zentrale", "Telefonnummer": "017664465984", "receiver_email": "hello@rebelrecruiting.com", "Rückruf erbeten?": "1", "Kontakt mit Mitarbeiter:": "ja "}
269	01794408621	{"Vorname": "Frau ", "Nachname": "Fuchs ", "Mitteilung": "Bitte um Rückmeldung zwecks erhöhter Abbuchung. ", "send_email": "Zentrale", "Email Adresse": "", "Telefonnummer": "01794408621", "receiver_email": "telefon@petplan.de", "Rückruf erbeten?": "1", "Schadenfallnummer": "", "Versicherungsnummer": "20221100103681"}
270	097222241	{"Name": "Armin Käufer ", "Firma": "", "Nachricht": "Benötigt eine Lizenz", "send_email": "Zentrale", "Telefonnummer": "097222241", "Erreichbarkeit": "", "receiver_email": "info@kk-software.de", "Abteilung: Anruf für": "Softwareentwicklungs-Team"}
271	0035312044000	{"Name": "Herr Dahn ", "send_email": "Zentrale", "Email Adresse": "", "Telefonnummer": "080033553333", "receiver_email": "telefonnotiz@empuron.com", "Rückruf gewünscht": "1", "Weitere Informationen": "Möchte mit Herrn Hubert Medel sprechen , es geht um eine offene Rechnung "}
272	072147033640	{"Vorname": "Monique", "Nachname": "Liebig", "Mitteilung": "Bitte zusenden der Police ", "send_email": "Zentrale", "Email Adresse": "monique.liebig@t-online.de ", "Telefonnummer": "072147033640", "receiver_email": "telefon@petplan.de", "Schadenfallnummer": "", "Versicherungsnummer": ""}
273	01728570224	{"Vorname": "Dzena", "Nachname": "Schweigler ", "Mitteilung": "Bitte um Rückmeldung zwecks Chipnummer ", "send_email": "Zentrale", "Email Adresse": "", "Telefonnummer": "01728570224", "receiver_email": "telefon@petplan.de", "Rückruf erbeten?": "1", "Schadenfallnummer": "", "Versicherungsnummer": "PG00034959"}
274	036055447615	{"Name": "Sebastian Plate ", "send_email": "Zentrale", "Zimmeranzahl": "", "E-Mailadresse": "", "Telefonnummer": "036055447615", "receiver_email": "customer-service@helloguest.com", "Hotelname / Firmenname": "VILA ASTORIA ", "Zusätzliche Anmerkungen": "DRINGEND!!! Kunde bittet umgehend um eine Lösung DROHT MIT KÜNDIGUNG ULITMATUM BIS 16H TVs wegen HELLO GUEST AUSSER GEFECHT "}
278	015901721579	{"Name": "Hamide Emine ", "Email": "", "Firma": "", "Nachricht": "Es geht um das Stellenangebot  ", "send_email": "Pohl Service", "Telefonnummer": "015901721579", "receiver_email": "stp@pohl-service.eu,mw@pohl-service.eu"}
275	015786807044	{"Name": "Marcel Test", "send_email": "Test", "Telefonnummer": "015786807044", "receiver_email": "info@innovicom.de", "Anrufinformation": "Nur ein Test. - 2"}
276	0511380777711	{"Name": "Test Name 2", "send_email": "Test", "Telefonnummer": "0511380777711", "receiver_email": "info@innovicom.de", "Anrufinformation": "Auch nur ein Test."}
277	01782704292	{"Ort": "Tauberbischofsheim ", "PLZ": "97941", "Land": "Deutschland ", "Name": "Gaby Pohlink", "Produkt": "1x2060  ", "Straße": "Am Bild 16 ", "Geburtsort": "", "send_email": "Zentrale", "Geburtsland": "", "Geburtszeit": "", "Geburtsdatum": "", "Telefonnummer": "01782704292", "E-Mail Adresse": "gabypohlink@gmx.de", "Größenangabe": "", "receiver_email": "timo_wagenbach@web.de"}
279	01726898764	{"Name": "Herr Herbrik", "Email": "", "Firma": "", "Nachricht": "Bitte um Rückmeldung zwecks Software für Einsatzzeiten ", "send_email": "Support", "Telefonnummer": "01726898764", "receiver_email": "support@innosoft.de"}
280	01796639860	{"Name": "Frau Cozzolino ", "Email": "", "Firma": "", "Nachricht": "Bitte Rückmeldung zwecks Stellenanzeige Reinigungskraft ", "send_email": "Pohl Solar GmbH", "Telefonnummer": "01796639860", "receiver_email": "sp@pohl-solar.de,mw@pohl-solar.de,mw@pohl-service.eu,ds@pohl-solar.de"}
283	0511612213	{"Name": "Sachverständiger Dr Christian Blanke  ", "Firma": "", "Nachricht": "Terminabsage für den Montag 15.01.24. Herr Blanke liegt im Krankenhaus. ", "send_email": "Hanoglu, Tayfun", "Telefonnummer": "0511612213", "Erreichbarkeit": "", "receiver_email": "hanoglu@bbu-projekt.com"}
281	022252055	{"Name": "Herr Dr. Braun ", "Email": "", "Firma": "", "Nachricht": "Bittet um ein Angebot für Solaranlage ", "send_email": "Pohl Service", "Telefonnummer": "022252055", "receiver_email": "stp@pohl-service.eu,mw@pohl-service.eu"}
282	017632291247	{"Email": "dr_mirzazadh@hotmail.com", "Firma": "", "Vorname": "Mahdi", "Nachname": "Mirzazadh", "Nachricht": "Bitte Rückruf.", "send_email": "Zentrale", "Telefonnummer": "017632291247", "receiver_email": "hello@rebelrecruiting.com", "Jobsuche für IT": "1", "Ist auf Jobsuche?": "1", "Rückruf erbeten?": "1", "Kontakt mit Mitarbeiter:": "Annisch"}
284	038183894590	{"Name": "Herr Eisenkratzer, Thomas", "Email": "", "Firma": "Ionos", "Nachricht": "Es geht um einen der Verträge bei Ionos", "send_email": "Pohl Solar GmbH", "Telefonnummer": "038183894590", "receiver_email": "sp@pohl-solar.de,mw@pohl-solar.de,mw@pohl-service.eu,ds@pohl-solar.de"}
285	022256760	{"Name": "", "Email": "", "Firma": "Taxi Meckenheim ", "Nachricht": "Hatte sechs Gutscheine im Kasten ", "send_email": "Pohl Service", "Telefonnummer": "022256760", "receiver_email": "stp@pohl-service.eu,mw@pohl-service.eu"}
286	09382261	{"Name": "Herr Schulz ", "Firma": "Geomaris ", "Nachricht": "Es geht um die 0124", "send_email": "Zentrale", "Telefonnummer": "09382261 016090678816", "Erreichbarkeit": "", "receiver_email": "info@kk-software.de", "Abteilung: Anruf für": "Systemhaus-Team"}
287	0222780189	{"Name": "Frau Sobliek ", "Email": "", "Firma": "", "Nachricht": "Möchte gerne ein Balkonkraftwerk ", "send_email": "Pohl Service", "Telefonnummer": "0222780189", "receiver_email": "stp@pohl-service.eu,mw@pohl-service.eu"}
288	015128888408	{"Name": "Herr Nikolaschek ", "Email": "", "Firma": "", "Nachricht": "Hat eine Anzeige auf Facebook gesehen und bittet um Rückruf ", "send_email": "Pohl Service", "Telefonnummer": "015128888408", "receiver_email": "stp@pohl-service.eu,mw@pohl-service.eu"}
289	01727492110	{"Name": "Frau Wirt ", "send_email": "Zentrale", "Zimmeranzahl": "", "E-Mailadresse": "", "Telefonnummer": "01727492110", "receiver_email": "customer-service@helloguest.com", "Hotelname / Firmenname": "Gästehaus Sonnenwirt in Heilbronn ", "Zusätzliche Anmerkungen": "DRINGEND Totaler Ausfall!!! "}
290	01731922453	{"Name": "Herr Pawleko ", "Email": "", "Firma": "", "Nachricht": "Hatte 25 Mal Werbung im Kasten ", "send_email": "Pohl Service", "Telefonnummer": "01731922453", "receiver_email": "stp@pohl-service.eu,mw@pohl-service.eu"}
291	00436763333743	{"Name": "Herr Daniel Meyer ", "send_email": "Zentrale", "Zimmeranzahl": "", "E-Mailadresse": "", "Telefonnummer": "00436763333743", "receiver_email": "customer-service@helloguest.com", "Hotelname / Firmenname": "", "Zusätzliche Anmerkungen": "Aussendienstler, bitte um Rückmeldung "}
292	01722003344	{"Name": "Herr Mosio ", "Email": "", "Firma": "", "Nachricht": "Energieagentur Rhein Sieg Kreis, Inserat ", "send_email": "Pohl Solar GmbH", "Telefonnummer": "01722003344", "receiver_email": "sp@pohl-solar.de,mw@pohl-solar.de,mw@pohl-service.eu,ds@pohl-solar.de"}
293	01701672924	{"Name": "aktuelle Buchung ", "Email": "", "Firma": "Ferienwohnung ", "Nachricht": "Bitte um Rückmeldung zwecks Buchung ", "send_email": "Pohl Service", "Telefonnummer": "01701672924", "receiver_email": "stp@pohl-service.eu,mw@pohl-service.eu"}
294	06196928575	{"Name": "Herr Kai ", "Firma": "", "Nachricht": "Die Datenbank ist off ", "send_email": "Zentrale", "Telefonnummer": "06196928575", "Erreichbarkeit": "", "receiver_email": "info@kk-software.de", "Abteilung: Anruf für": "Systemhaus-Team"}
295	09621630105	{"Name": "Herrn Spitzkopf", "Email": "halarld.spitzkop@herding.de", "Firma": "Herding Filtertechnik GmbH Amberg", "Nachricht": "Wartungsverträge für 2024 bis April eingestellt Fehler Meldung kann im Wartung Modul abgelesen werden. ", "send_email": "Support", "Telefonnummer": "09621630105  bis 16.00", "receiver_email": "support@innosoft.de"}
298	022252346	{"Name": "Frau Hirschberg ", "Email": "", "Firma": "", "Nachricht": "Anfrage für Winterdienst ab dem 11.01.24 ", "send_email": "Pohl Service", "Telefonnummer": "015173024124", "receiver_email": "stp@pohl-service.eu,mw@pohl-service.eu"}
301	048221449	{"Name": "Nicole Schlegel ", "Firma": "", "send_email": "Zentrale", "Telefon-Nr.": "048221449", "receiver_email": "sprechstunde@protekto.group", "Grund des Anrufs": "Anfrage einer Schulung einer Betriebsschulung", "Rückruf erbeten": "1"}
296	040377076410	{"Name": "Frau Wullbitter ", "Firma": "Hansoflex", "send_email": "Zentrale", "Telefon-Nr.": "040377076410", "receiver_email": "sprechstunde@protekto.group", "Grund des Anrufs": "Es geht um eine Email bzgl eines Angebots ", "Rückruf erbeten": "1"}
297	01633825077	{"Name": "Frau Truschel ", "Firma": "Around Town ", "Nachricht": "Es geht um eine offene Rechnung ", "send_email": "Daka, Lydia", "Telefonnummer": "01633825077", "Erreichbarkeit": "", "receiver_email": "daka@bbu-projekt.com", "Rückruf erbeten?": "1"}
299	0222510595	{"Name": "Herr Lülsdorf  ", "Email": "", "Firma": "", "Nachricht": "Bitte Termin vereinbaren zwecks VA Anlage ", "send_email": "Pohl Solar GmbH", "Telefonnummer": "01782666780", "receiver_email": "sp@pohl-solar.de,mw@pohl-solar.de,mw@pohl-service.eu,ds@pohl-solar.de"}
300	0252276364	{"Name": "Frau Noack", "Email": "carmen,noack@hammelmann.de", "Firma": "Hammelmann in Olde", "Nachricht": "Rech. 63471 Wartungsgebühren hier gibt es Unstimmigkeiten bezgl. Endbetrag. Bitte Rückruf.", "send_email": "Support", "Telefonnummer": "0252276364", "receiver_email": "support@innosoft.de"}
303	0931880887200	{"Name": "Herr Glomme", "Firma": "Gantner", "Nachricht": "Anruf für Herr Gebauer:   Web Shop \\r\\nFreiburg Schlossbergbahn bei auslösen von  Giro Pay Fehler Meldung 500.", "send_email": "Zentrale", "Telefonnummer": "0931880887200", "Erreichbarkeit": "bis 17.00", "receiver_email": "info@kk-software.de", "Abteilung: Anruf für": "Softwareentwicklungs-Team"}
304	07940153040	{"Name": "Frau Walla ", "Email": "", "Firma": "Würth ", "Nachricht": "Bitte um Kontoklärung der Nummer 401348868", "send_email": "Pohl Service", "Telefonnummer": "07940153040", "receiver_email": "stp@pohl-service.eu,mw@pohl-service.eu"}
305	099140872534	{"Ort": "Metten", "PLZ": "94526", "Land": "Deutschland", "Name": "Helga Lohner", "Produkt": "1010 1x ", "Straße": "Karl-Kufner-Str. 26", "Geburtsort": "", "send_email": "Zentrale", "Geburtsland": "", "Geburtszeit": "", "Geburtsdatum": "", "Telefonnummer": "099140872534", "E-Mail Adresse": "lohner50@gmx.de", "Größenangabe": "", "receiver_email": "timo_wagenbach@web.de"}
302	123456789	{"Name": "Test Name", "E-Mail": "test@teleoffice24.com", "Adresse": "Hauptstr. 4, 12345 Irgendwo", "send_email": "Standard", "Aktenzeichen": "123", "Telefonnummer": "123456789", "receiver_email": "info@innovicom.de", "Weitere Anrufinformationen": "Dies ist nur eine Test Information.\\r\\nDanke."}
306	07113169516	{"Ort": "Esslingen a. Neckar", "PLZ": "73730", "Land": "Deutschland", "Name": "Danjela Anderle", "Produkt": "1x 1030 +  1x 1060 Kundin Bezahlt im Anfang mitte Februar", "Straße": "Breslauerstr. 36", "Geburtsort": "", "send_email": "Zentrale", "Geburtsland": "", "Geburtszeit": "", "Geburtsdatum": "", "Telefonnummer": "07113169516", "E-Mail Adresse": "danjela.a78@gmx.de", "Größenangabe": "44,46", "receiver_email": "timo_wagenbach@web.de"}
307	01703410658	{"Name": "", "E-Mail": "", "Adresse": "", "send_email": "Standard", "Aktenzeichen": "", "Telefonnummer": "01703410658", "receiver_email": "kontakt@schmack.net", "Weitere Anrufinformationen": ""}
308	021187744005	{"Name": "Frau Nicole Knopp ", "Email": "", "Firma": "", "Nachricht": "Es geht um die Jahresplanung ", "send_email": "Support", "Telefonnummer": "021187744005", "receiver_email": "support@innosoft.de"}
309	021515192987	{"Name": "", "Email": "", "Firma": "MD Medien", "Nachricht": "Anruf für Herrn Siepe: keien weiteren angaben möchte nächste Woche nochmal anrufen.", "send_email": "Phone (für alles, was nicht passt)", "Telefonnummer": "021515192987", "receiver_email": "phone@innosoft.de"}
310	02225946330	{"Name": "Herr Henn ", "Email": "", "Firma": "", "Nachricht": "Bittet um Rückruf von Frau Wiebelhaus, möchte zum Abschluss kommen ", "send_email": "Pohl Service", "Telefonnummer": "02225946330", "receiver_email": "stp@pohl-service.eu,mw@pohl-service.eu"}
311	017634262736	{"Name": "Josefine Schannath ", "Firma": "", "Nachricht": "Fragt nach dem Praktikum ", "send_email": "Student", "Telefonnummer": "017634262736", "Erreichbarkeit": "", "receiver_email": "student@bbu-projekt.com", "Rückruf erbeten?": "1"}
312	07337966013	{"Name": "Frau Winkler ", "Firma": "ASB ", "send_email": "Zentrale", "Telefon-Nr.": "07337966013", "receiver_email": "sprechstunde@protekto.group", "Grund des Anrufs": "Anliegen sei bekannt ", "Rückruf erbeten": "1"}
313	015173024124	{"Name": "Frau Hirschberg  ", "Email": "", "Firma": "", "Nachricht": "Erneute Anfrage auf Winterdienst ab dem 11.01.24 ", "send_email": "Pohl Service", "Telefonnummer": "015173024124", "receiver_email": "stp@pohl-service.eu,mw@pohl-service.eu"}
314	02319702204	{"Name": "verwählt ", "Email": "", "Firma": "", "Nachricht": "verwählt ", "send_email": "Support", "Telefonnummer": "02319702204", "receiver_email": "support@innosoft.de"}
315	01708906712	{"Name": "Herr Justus Wiesrecker ", "Firma": "", "Nachricht": "Berufspraktisches Semester, Lohnsteuerbescheid als Werksstudent erbeten. ", "send_email": "Daka, Lydia", "Telefonnummer": "01708906712", "Erreichbarkeit": "", "receiver_email": "daka@bbu-projekt.com", "Rückruf erbeten?": "1"}
316	016094416604	{"Name": "Frau Kuhlmann", "Firma": "Patologie Dortmund", "send_email": "Zentrale", "Telefon-Nr.": "016094416604", "receiver_email": "sprechstunde@protekto.group", "Grund des Anrufs": "Frau Korduan Terminabsprache Asa Sitzung und Betriebsärztliche Untersuchungen Standort Dortmund und Oberhausen und Oberhesen.  Erreichbar bis 12.30", "Rückruf erbeten": "1"}
317	01748687730	{"Name": "Frau Schannath", "Firma": "", "Nachricht": "Anfrage für Schulpraktika  ", "send_email": "Daka, Lydia", "Telefonnummer": "01748687730", "Erreichbarkeit": "", "receiver_email": "daka@bbu-projekt.com", "Rückruf erbeten?": "1"}
321	017662688853	{"Vorname": "", "Nachname": "Herr Ramanowski", "Mitteilung": "es geht um die Zusammenarbeit - er möchte Rechnungen vorbeibringen - wann kann er vorbeikommen?", "send_email": "Zentrale", "Telefonnummer": "017662688853", "receiver_email": "akapitza@web.de", "Bittet um Rückruf": "1"}
318	04054803956	{"Name": "Elke  Fleing ", "Firma": "", "send_email": "Zentrale", "Telefon-Nr.": "04054803956", "receiver_email": "sprechstunde@protekto.group", "Grund des Anrufs": "Es geht um die Buchhaltung ", "Rückruf erbeten": "1"}
319	022257079200	{"Name": "Herr Kelle", "Email": "", "Firma": "", "Nachricht": "Breslauerstr. 33 u. 46, Winterdienst \\r\\nFrage wg. Rechnung - jetzt bis Ende Januar als Vorkasse o. Ende März als Gesamtrechnung \\r\\nBitte Rückruf bzgl. Abklärung - ", "send_email": "Pohl Service", "Telefonnummer": "022257079200 ", "receiver_email": "stp@pohl-service.eu,mw@pohl-service.eu"}
320	01733839754	{"Vorname": "Nicole", "Nachname": "Schembera", "Mitteilung": "Bittet um Zusendung ihrer Versicherungs und Kundennummer", "send_email": "Zentrale", "Email Adresse": "nicoleschembera@hotmail.com", "Telefonnummer": "01733839754", "receiver_email": "telefon@petplan.de", "Schadenfallnummer": "", "Versicherungsnummer": ""}
322	015112417899	{"Name": "Herr Krasemann", "Firma": "Krasemann", "Nachricht": "wurde an Herrn Jordan weitergeleitet", "send_email": "Jordan, Matthias", "Telefonnummer": "015112417899", "Erreichbarkeit": "", "receiver_email": "jordan@bbu-projekt.com"}
325	01727688179	{"Vorname": "Andreas", "Nachname": "Wydra", "Mitteilung": "Wurde Angerufen   bis 19.00 erreichbar!", "send_email": "Zentrale", "Telefonnummer": "01727688179", "receiver_email": "akapitza@web.de", "Bittet um Rückruf": "1"}
352	09832686625	{"Name": "Frau Strenzel ", "Firma": "", "send_email": "Zentrale", "Telefon-Nr.": "09832686625", "receiver_email": "sprechstunde@protekto.group", "Grund des Anrufs": "Anliegen sei bekannt ", "Rückruf erbeten": "1"}
324	015752019132	{"Vorname": "Markus", "Nachname": "Heinz", "Mitteilung": "hat den Termin heute verschwitz und möchte gerne einen neuen vereinbaren", "send_email": "Zentrale", "Telefonnummer": "015752019132", "receiver_email": "akapitza@web.de", "Bittet um Rückruf für neuen Termin": "1"}
323	06232289326	{"Vorname": "Sabine ", "Nachname": "Volz ", "Mitteilung": "Hatte einen Anruf in Abwesenheit ", "send_email": "Zentrale", "Telefonnummer": "06232289326", "receiver_email": "akapitza@web.de", "Bittet um Rückruf für neuen Termin": "1"}
419	0245191130611	{"Name": "Angelika Schwager ", "Email": "", "Firma": "", "Nachricht": "Bittet um Rückruf von Frau Wiebelhaus ", "send_email": "Pohl Service", "Telefonnummer": "0245191130611", "receiver_email": "stp@pohl-service.eu,mw@pohl-service.eu"}
327	015254581597	{"Vorname": "Ina", "Nachname": "Miller", "Mitteilung": "wurde angerufen wegen Termin Bestätigung", "send_email": "Zentrale", "Telefonnummer": "015254581597", "receiver_email": "post@zahnpraxis-kapitza.de", "Bittet um Rückruf": "1"}
487	051116844317	{"Name": "Frau Höppner ", "Firma": "Stadtplanung Hannover", "Nachricht": "es geht um das Wettbewerbsverfahren", "send_email": "Ruf, Dilek", "Telefonnummer": "051116844317", "Erreichbarkeit": "ab 9 (vormittags durchgehend)", "receiver_email": "dilek.ruf@bbu-projekt.com", "Rückruf erbeten?": "1"}
339	017621478159	{"Vorname": "Frau ", "Nachname": "Mai ", "Mitteilung": "", "send_email": "Zentrale", "Telefonnummer": "017621478159", "receiver_email": "akapitza@web.de", "Bittet um Rückruf für neuen Termin": "1"}
330	00436648011783206	{"Name": "Kevin Jungwirth ", "send_email": "Zentrale", "Zimmeranzahl": "", "E-Mailadresse": "", "Telefonnummer": "00436648011783206", "receiver_email": "customer-service@helloguest.com", "Hotelname / Firmenname": "Siemens ", "Zusätzliche Anmerkungen": "Hatte einen Anruf in Abwesenheit "}
331	07728646567	{"Ort": "Niedereschach ", "PLZ": "78078", "Land": "Deutschland ", "Name": "Susana Piacentini", "Produkt": "Wartet seit dem 6.12 auf das Parfüm Nr 1010 ", "Straße": "Grundstr 28 ", "Geburtsort": "", "send_email": "Zentrale", "Geburtsland": "", "Geburtszeit": "", "Geburtsdatum": "", "Telefonnummer": "07728646567", "E-Mail Adresse": "nicht vorhanden ", "Größenangabe": "", "receiver_email": "timo_wagenbach@web.de"}
349	015114028410	{"Name": "Herr Lucas ", "Email": "", "Firma": "", "Nachricht": "Bittet um Rückruf von Desiree ", "send_email": "Pohl Service", "Telefonnummer": "015114028410", "receiver_email": "stp@pohl-service.eu,mw@pohl-service.eu"}
248	051325042624	{"Name": "Josefine Schanat ", "Firma": "", "Nachricht": "Es geht um das Praktikum ", "send_email": "Student", "Telefonnummer": "051325042624", "Erreichbarkeit": "", "receiver_email": "student@bbu-projekt.com", "Rückruf erbeten?": "1"}
334	017627491987	{"Name": "Nils Jegszenties", "Email": "njegszenties@gmail.com", "Firma": "", "Nachricht": "Bewerbung: wurde von Fa. Pohl angeschrieben über die Plattform über Indeed das Fachkräfte gesucht werden.", "send_email": "Pohl Solar GmbH", "Telefonnummer": "017627491987", "receiver_email": "sp@pohl-solar.de,mw@pohl-solar.de,mw@pohl-service.eu,ds@pohl-solar.de"}
335	016092595493	{"Email": "", "Firma": "", "Vorname": "Melanie ", "Nachname": "Krause ", "Nachricht": "Fragt nach Angeboten ", "send_email": "Zentrale", "Telefonnummer": "016092595493", "receiver_email": "hello@rebelrecruiting.com", "Ist auf Jobsuche?": "1", "Rückruf erbeten?": "1", "Kontakt mit Mitarbeiter:": ""}
336	01776964000	{"Name": "Herr Frees ", "Firma": "", "Nachricht": "Fragt ob der Termin für morgen 10.1 um 11.30h stattfindet?", "send_email": "Ruf, Dilek", "Telefonnummer": "01776964000", "Erreichbarkeit": "", "receiver_email": "dilek.ruf@bbu-projekt.com", "Rückruf erbeten?": "1"}
337	0623271217	{"Vorname": "", "Nachname": "Nowitzki", "Mitteilung": "Hat heute um 17 Uhr Termin, Sie kann den Termin nicht einhalten. Ihr Mann ist noch nicht von der Tagespflege zurück.", "send_email": "Zentrale", "Telefonnummer": "0623271217", "receiver_email": "akapitza@web.de", "Bittet um Rückruf für neuen Termin": "1"}
338	017683795171	{"Vorname": "Devi", "Nachname": "Duttenhöfer", "Mitteilung": "Braucht ein Rezept für die Logopädie ", "send_email": "Zentrale", "Telefonnummer": "017683795171", "receiver_email": "akapitza@web.de", "Bittet um Rückruf": "1"}
340	015735999970	{"Name": "Herr Paul ", "Firma": "TSV Hannover Burgdorf ", "Nachricht": "Bitte um Rückmeldung zwecks Kooperation ", "send_email": "Daka, Lydia", "Telefonnummer": "015735999970", "Erreichbarkeit": "", "receiver_email": "daka@bbu-projekt.com", "Rückruf erbeten?": "1"}
341	015256708460	{"Name": "Herr Schierle ", "Email": "", "Firma": "Novoferm", "Nachricht": "Signatur nicht möglich, bitte um Rückmeldung ", "send_email": "Phone (für alles, was nicht passt)", "Telefonnummer": "015256708460", "receiver_email": "phone@innosoft.de"}
342	02517805624	{"Name": "Herr Scheuner  ", "Firma": "", "Nachricht": "Neubau Wohnanlage Hemmingen, Göttinger Straße 36-38 und Göttinger Landstraße\\r\\nAnsprechpartner erwünscht ", "send_email": "Daka, Lydia", "Telefonnummer": "02517805624", "Erreichbarkeit": "", "receiver_email": "daka@bbu-projekt.com", "Rückruf erbeten?": "1"}
343	0048537971993	{"Name": "Frau Rnudnicki", "Email": "", "Firma": "Firma Promliw", "Nachricht": "Besteht noch Interesse an 100 Wintermützen.\\r\\nFirma Sendet noch einmal eine mail an Pohl GmbH", "send_email": "Pohl Service", "Telefonnummer": "0048537971993", "receiver_email": "stp@pohl-service.eu,mw@pohl-service.eu"}
344	015206341505	{"Name": "Herr Fromlet", "Email": "", "Firma": "", "Nachricht": "Bitte um Rückmeldung \\r\\n", "send_email": "Pohl Solar GmbH", "Telefonnummer": "015206341505", "receiver_email": "sp@pohl-solar.de,mw@pohl-solar.de,mw@pohl-service.eu,ds@pohl-solar.de"}
345	022029333254	{"Name": "Frau Schröder ", "Email": "", "Firma": "Agentur für Arbeit ", "Nachricht": "Bittet um Rückruf ", "send_email": "Pohl Service", "Telefonnummer": "022029333254", "receiver_email": "stp@pohl-service.eu,mw@pohl-service.eu"}
347	05311216213	{"Name": "Frau  Kraatz", "Firma": "Vorstandskollegin  der Anwaltskammer", "Nachricht": "Mobiel 01621303988  ", "send_email": "Student", "Telefonnummer": "05311216213", "Erreichbarkeit": "Mobiel immer", "receiver_email": "student@bbu-projekt.com", "Rückruf erbeten?": "1"}
333	01636702183	{"Name": "Maja Mark ", "Firma": "", "Nachricht": "Es geht um das Praktikum ", "send_email": "Student", "Telefonnummer": "01636702183", "Erreichbarkeit": "", "receiver_email": "student@bbu-projekt.com", "Rückruf erbeten?": "1"}
348	0309203836612	{"Name": "Herr Tobias Benjik ", "send_email": "Zentrale", "Zimmeranzahl": "", "E-Mailadresse": "", "Telefonnummer": "0309203836612", "receiver_email": "customer-service@helloguest.com", "Hotelname / Firmenname": "", "Zusätzliche Anmerkungen": "Es geht um das Angebot, Anliegen sei bekannt "}
350	015753561387	{"Vorname": "Frau ", "Nachname": "Herzog ", "Mitteilung": "Möchte den Termin verlegen ", "send_email": "Zentrale", "Telefonnummer": "015753561387", "receiver_email": "akapitza@web.de", "Bittet um Rückruf": "1"}
351	015141467358	{"Name": "Herr Navarro ", "Firma": "", "send_email": "Zentrale", "Telefon-Nr.": "015141467358", "receiver_email": "sprechstunde@protekto.group", "Grund des Anrufs": "Es geht um den Videoanruf ", "Rückruf erbeten": "1"}
346	01714724431	{"Name": "Herr Kömmelbein ", "Email": "", "Firma": "", "Nachricht": "Bitte um Rückmeldung zwecks Gerüst ", "send_email": "Pohl Solar GmbH", "Telefonnummer": "01714724431", "receiver_email": "sp@pohl-solar.de,mw@pohl-solar.de,mw@pohl-service.eu,ds@pohl-solar.de"}
354	017661553045	{"Vorname": "Markus ", "Nachname": "Zöller ", "Mitteilung": "Möchte den Termin für den 16.1 absagen ", "send_email": "Zentrale", "Terminabsage": "1", "Telefonnummer": "017661553045", "receiver_email": "akapitza@web.de", "Bittet um Rückruf für neuen Termin": "1"}
355	0623284985	{"Vorname": "Christina", "Nachname": "Ball", "Mitteilung": "Zahnarzt Praxis Leyh Römerberg. Frage ob Rosen Montag und der Dienstag geöffnet ist?", "send_email": "Zentrale", "Telefonnummer": "0623284985", "receiver_email": "akapitza@web.de", "Bittet um Rückruf": "1"}
374	0222510144	{"Name": "Herr Benders", "Email": "", "Firma": "", "Nachricht": "seit Wochen versuchen jemanden zu erreichen.\\r\\nSeit 2 Monaten keinen Rückruf, bitte sehr dringend zurückrufen. \\r\\nAndernfalls storniert der Kunde den Vetrag.\\r\\nFrau Ast am liebsten zurückrufen.\\r\\n\\r\\n Auftragsnummer: 0805 \\r\\nam 15.11.2013 aufgetragen", "send_email": "Pohl Solar GmbH", "Telefonnummer": "0222510144", "receiver_email": "sp@pohl-solar.de,mw@pohl-solar.de,mw@pohl-service.eu,ds@pohl-solar.de"}
358	022254713	{"Name": "Herr Assmann  ", "Email": "", "Firma": "", "Nachricht": "Bitte um Rückmeldung zwecks Interesse an PV Anlage ", "send_email": "Pohl Solar GmbH", "Telefonnummer": "022254713", "receiver_email": "sp@pohl-solar.de,mw@pohl-solar.de,mw@pohl-service.eu,ds@pohl-solar.de"}
326	051184434216	{"Name": "Fr. Kitzhofer", "E-Mail": "", "Adresse": "", "send_email": "Standard", "Aktenzeichen": "", "Telefonnummer": "05112837721", "receiver_email": "kontakt@schmack.net", "Weitere Anrufinformationen": "Bittet um Rückruf von Herrn Schmack Anliegen sei bekannt"}
359	051116845516	{"Name": "Herr Petermann ", "Firma": "CDU Ratsfraktion ", "Nachricht": "Bitte um Rückmeldung zwecks Termin ", "send_email": "Ruf, Dilek", "Telefonnummer": "051116845516", "Erreichbarkeit": "", "receiver_email": "dilek.ruf@bbu-projekt.com", "Rückruf erbeten?": "1"}
360	06781568710	{"Name": "Frau Wendling", "Firma": "Labor Idaoberstein", "send_email": "Zentrale", "Telefon-Nr.": "067815687121", "receiver_email": "sprechstunde@protekto.group", "Grund des Anrufs": "Es wurde ein Termin am Montag Für einen E_Chek in der Zeit von 11.00 -11.30 vereinbart. Das ist zu spät! Bitte DRINGEND Rückruf heute bis 16.00 Uhr.", "Rückruf erbeten": "1"}
361	0407226130	{"Name": "Herr Hintertan ", "send_email": "Zentrale", "Zimmeranzahl": "", "E-Mailadresse": "", "Telefonnummer": "0407226130", "receiver_email": "customer-service@helloguest.com", "Hotelname / Firmenname": "", "Zusätzliche Anmerkungen": "Bitte um Rückmeldung zwecks technische Anfragen  "}
357	0511614265	{"Name": "Jürgen Scharlach ", "Firma": "", "Nachricht": "Bitte um Termin am 21.02.24 für Besuch in der Kestner Gesellschaft. Gerne ca. 10:00 Uhr. ", "send_email": "Ruf, Dilek", "Telefonnummer": "0511614265", "Erreichbarkeit": "", "receiver_email": "dilek.ruf@bbu-projekt.com", "Rückruf erbeten?": "1"}
363	022089910320	{"Name": "Herr Baltis ", "Email": "", "Firma": "", "Nachricht": "Bitte um Rückmeldung zwecks Lohnbuchhalter ", "send_email": "Pohl Solar GmbH", "Telefonnummer": "022089910320", "receiver_email": "sp@pohl-solar.de,mw@pohl-solar.de,mw@pohl-service.eu,ds@pohl-solar.de"}
364	02289856955	{"Name": "", "Email": "", "Firma": "Arbeitsgericht Bonn ", "Nachricht": "Verlegungsantrag Termin wurde statt gegeben. ", "send_email": "Pohl Service", "Telefonnummer": "02289856955", "receiver_email": "stp@pohl-service.eu,mw@pohl-service.eu"}
365	0280198888089	{"Name": "Frau Sachau ", "Firma": "AH Trading ", "send_email": "Zentrale", "Telefon-Nr.": "0280198888089", "receiver_email": "sprechstunde@protekto.group", "Grund des Anrufs": "Benötigt eine Arbeitsplatzbrille ", "Rückruf erbeten": "1"}
369	017662503033	{"Name": "Herr Fallah ", "Email": "", "Firma": "", "Nachricht": "Gehalt von Dezember noch nicht vorhanden. Herr Fallah meldet sich mittlerweile jeden Tag und ist verzweifelt ", "send_email": "Pohl Service", "Telefonnummer": "017662503033", "receiver_email": "stp@pohl-service.eu,mw@pohl-service.eu"}
367	01751061535	{"Name": "Herr Paul Adam ", "Email": "", "Firma": "Nova Firm ", "Nachricht": "Es geht um eine Unterschrift ", "send_email": "Support", "Telefonnummer": "01751061535", "receiver_email": "support@innosoft.de"}
368	01715600689	{"Name": "Herr Neufeld ", "Email": "", "Firma": "", "Nachricht": "Es geht um eine Stelle ", "send_email": "Pohl Service", "Telefonnummer": "01715600689", "receiver_email": "stp@pohl-service.eu,mw@pohl-service.eu"}
356	0416291580	{"Name": "Frau Mattis ", "Email": "", "Firma": "", "Nachricht": "Bitte DRINGEND um Rückmeldung zwecks offener Rechnung ", "send_email": "Pohl Solar GmbH", "Telefonnummer": "0416291580", "receiver_email": "sp@pohl-solar.de,mw@pohl-solar.de,mw@pohl-service.eu,ds@pohl-solar.de"}
366	024519113035	{"Name": "Herr Offergeld ", "Email": "", "Firma": "Zentro Plan ", "Nachricht": "Bittet um Rückruf ", "send_email": "Pohl Service", "Telefonnummer": "024519113035", "receiver_email": "stp@pohl-service.eu,mw@pohl-service.eu"}
371	051112213323	{"Name": "Herr Blume ", "Firma": "Volksbank Hannover ", "Nachricht": "Bitte um Rückmeldung ", "send_email": "Ruf, Dilek", "Telefonnummer": "051112213323", "Erreichbarkeit": "", "receiver_email": "dilek.ruf@bbu-projekt.com", "Rückruf erbeten?": "1"}
362	093135142233	{"Name": "Herr Collani ", "Firma": "", "Nachricht": "Webseite ist nicht erreichbar. Bitte um schnelle Rückmeldung. ", "send_email": "Zentrale", "Telefonnummer": "093135142233", "Erreichbarkeit": "", "receiver_email": "info@kk-software.de", "Abteilung: Anruf für": "Systemhaus-Team"}
372	015115779090	{"Name": "Herr Leih ", "Email": "", "Firma": "", "Nachricht": "Es geht um eine Matratze ", "send_email": "Pohl Service", "Telefonnummer": "015115779090", "receiver_email": "stp@pohl-service.eu,mw@pohl-service.eu"}
373	00436644259030	{"Name": "Ursula Busec", "send_email": "Zentrale", "Zimmeranzahl": "", "E-Mailadresse": "", "Telefonnummer": "00436644259030", "receiver_email": "customer-service@helloguest.com", "Hotelname / Firmenname": "", "Zusätzliche Anmerkungen": "Telefontermin heute um 14 Uhr\\r\\nMark Frauenholt soll bitte zurückrufen."}
375	022257825	{"Name": "Herr Kelle ", "Email": "", "Firma": "", "Nachricht": "Bitte um Rückmeldung zwecks Rechnung zum Winterdienst Breslauer Straße 46 (die erste Garage bitte mit räumen) ", "send_email": "Pohl Service", "Telefonnummer": "022257825", "receiver_email": "stp@pohl-service.eu,mw@pohl-service.eu"}
376	01795116932	{"Vorname": "Rosemarie", "Nachname": "Smiglewitz", "Mitteilung": "Bornkamp 25, 31582 Nienburg\\r\\nKundin Benötigt Ihre Vers. Nr. und Kunden Nr.\\r\\nBitte Per Mail.\\r\\n", "send_email": "Zentrale", "Email Adresse": "r.smiglewitz@gmx.de", "Telefonnummer": "01795116932", "receiver_email": "telefon@petplan.de", "Schadenfallnummer": "", "Versicherungsnummer": ""}
377	pohl@innovicom.de	{"Name": "Herr Müller ", "Email": "", "Firma": "", "Nachricht": "Es wurden keine Leistungen für Winterdienst angefordert. Bitte keine Werbeflyer mehr. Kystrinerstraße 21. Meckenheim ", "send_email": "Pohl Service", "Telefonnummer": "", "receiver_email": "stp@pohl-service.eu,mw@pohl-service.eu"}
378	01752346672	{"Vorname": "Sibel", "Nachname": "Efrail", "Mitteilung": "Versicherungsschein nochmal bitte zuschicken, Kundin möchte kündigen und findet ihn nicht mehr.\\r\\n\\r\\nHund: Parf\\r\\nRasse: Mops\\r\\ngeboren: 30.07.2016", "send_email": "Zentrale", "Email Adresse": "sibellori@gmail.com", "Telefonnummer": "01752346672", "receiver_email": "telefon@petplan.de", "Schadenfallnummer": "", "Versicherungsnummer": ""}
379	02318868218	{"Name": "Herr Bibic", "Email": "bibic@bewerberboost.de", "Firma": "Bewerber Boost", "Nachricht": "Personaldienstleister bzgl. Stellen Ausschreibung Gesuch Elektromeister. Bitte Rückruf.", "send_email": "Pohl Service", "Telefonnummer": "02318868218", "receiver_email": "stp@pohl-service.eu,mw@pohl-service.eu"}
380	092869542973	{"Name": "Vincenti", "Firma": "Awince ", "Nachricht": "Interesse an ERP Next System  015141430177 ", "send_email": "Zentrale", "Telefonnummer": "092869542973", "Erreichbarkeit": "Immer", "receiver_email": "info@kk-software.de", "Abteilung: Anruf für": "ERP-Team"}
381	015204918955	{"Email": "elias.koester@salhx.de", "Firma": "", "Vorname": "Elias", "Nachname": "Köster", "Nachricht": "", "send_email": "Zentrale", "Telefonnummer": "015204918955", "receiver_email": "hello@rebelrecruiting.com", "Rückruf erbeten?": "1", "Kontakt mit Mitarbeiter:": "Felix"}
382	01732526566	{"Vorname": "Stela", "Nachname": "Sommer", "Mitteilung": "Versicherungsschein bitte nochmal zuschicken, da Kundin ihn nicht findet, um Rechnungen einzureichen.\\r\\n\\r\\nAngaben zum Tier:\\r\\nHund: Teddy\\r\\nMischling Hawanese/Pekinse\\r\\n29.09.2013 (im September 2023 - 10 Jahre alt geworden)\\r\\nChipnummer: 276098104886629\\r\\n\\r\\n(Bitte Rechnung die dann eingeht schneller abarbeiten, da Kundin als Rentnerin knapp in diesem Monat ist)", "send_email": "Zentrale", "Email Adresse": "stela.sommer@gmx.de", "Telefonnummer": "01732526566", "receiver_email": "telefon@petplan.de", "Schadenfallnummer": "", "Versicherungsnummer": ""}
383	01783126421	{"Name": "Herr veling", "Firma": "", "Nachricht": "es geht um das Projekt Kaiseralee 9 ", "send_email": "Ruf, Dilek", "Telefonnummer": "01783126421", "Erreichbarkeit": "ab 8 Uhr - 11 Uhr und danach ab 16 Uhr wieder erreichbar", "receiver_email": "dilek.ruf@bbu-projekt.com", "Rückruf erbeten?": "1"}
384	017632334072	{"Vorname": "Frau ", "Nachname": "Stanger", "Mitteilung": "Termin gleich, aber kann leider nicht kommen\\r\\n16.30 Uhr. Bitte zurückrufen mit neuem Termin", "send_email": "Zentrale", "Terminabsage": "1", "Telefonnummer": "017632334072", "receiver_email": "akapitza@web.de", "Bittet um Rückruf für neuen Termin": "1"}
385	015254631823	{"Vorname": "Frau ", "Nachname": "Kowalski", "Mitteilung": "Kundin möchte Op Kosten anmelden, da sie über 750 Euro hinaus gehen werden. etwa 1000+/- Euro wird es kosten.\\r\\nDies wird auch eine Kastration beeinhalten, die medizinisch notwendig ist. ", "send_email": "Zentrale", "Email Adresse": "", "Telefonnummer": "015254631823", "receiver_email": "telefon@petplan.de", "Schadenfallnummer": "", "Versicherungsnummer": "85719593"}
386	023616099281	{"Name": "Herr Hecht von Delo Computer GmbH", "send_email": "Zentrale", "Zimmeranzahl": "", "E-Mailadresse": "", "Telefonnummer": "023616099281", "receiver_email": "customer-service@helloguest.com", "Hotelname / Firmenname": "Villa Astoria", "Zusätzliche Anmerkungen": "Anruf für Herr/Frau Frauenholz: LG schickt ein Testgerät für die Villa Astoria zu."}
388	00393396309560	{"Name": "Herr Schwienbacher", "Firma": "Schwienbacher", "Nachricht": "Anruf für Herrn Koch. Projekte im ERP Bereich", "send_email": "Zentrale", "Telefonnummer": "00393396309560", "Erreichbarkeit": "bis 12.00 15.00-16.30 Uhr", "receiver_email": "info@kk-software.de", "Abteilung: Anruf für": "Systemhaus-Team"}
389	017656985398	{"Name": "Frau Schuschel ", "Email": "", "Firma": "", "Nachricht": "Möchte mit Herrn Schult sprechen ", "send_email": "Support", "Telefonnummer": "054133104653", "receiver_email": "support@innosoft.de"}
390	05031971829	{"Name": "Herr Peters ", "Email": "", "Firma": "Kuperion CH ", "Nachricht": "Möchte mit Herrn Brinke sprechen ", "send_email": "Support", "Telefonnummer": "05031971829", "receiver_email": "support@innosoft.de"}
387	0222512652	{"Name": "Herr Schneider ", "Email": "", "Firma": "", "Nachricht": "Es geht um den Räumdienst ", "send_email": "Pohl Service", "Telefonnummer": "0222512652", "receiver_email": "stp@pohl-service.eu,mw@pohl-service.eu"}
332	0511991147893	{"Name": "Frau Gärtner", "Firma": "Abfallwirtschaft", "Nachricht": "Termin 24.01.2024 11.00 sollte ursprünglich in der AHA stattfinden.\\r\\nÄnderung Termin sollte jetzt bei BBU im Haus stattfinden.Bittet um Bestätigung. ", "send_email": "Student", "Telefonnummer": "0511991147893", "Erreichbarkeit": "", "receiver_email": "student@bbu-projekt.com"}
392	01778935005	{"Name": "Herr Fassko ", "send_email": "Zentrale", "Zimmeranzahl": "", "E-Mailadresse": "", "Telefonnummer": "01778935005", "receiver_email": "customer-service@helloguest.com", "Hotelname / Firmenname": "", "Zusätzliche Anmerkungen": "Bittet um Rückruf Anliegen sei bekannt "}
393	01605040461	{"Name": "Alexander Höldrich ", "Email": "", "Firma": "", "Nachricht": "Es geht um eine Finanzierung ", "send_email": "Pohl Service", "Telefonnummer": "01605040461", "receiver_email": "stp@pohl-service.eu,mw@pohl-service.eu"}
391	022229271315	{"Name": "Herr Jakobs ", "Email": "", "Firma": "Herr Jakobs Vom Jobcenter ", "Nachricht": "Es geht um die Förderung für Herrn Schiwy. Bietet um Rückruf", "send_email": "Pohl Service", "Telefonnummer": "022229271315", "receiver_email": "stp@pohl-service.eu,mw@pohl-service.eu"}
394	04193755225	{"Name": "Frau Ruhlwing ", "Firma": "Ruhlwing ", "send_email": "Zentrale", "Telefon-Nr.": "04193755225", "receiver_email": "sprechstunde@protekto.group", "Grund des Anrufs": "Muss den Termin für morgen 17.1 um 9h absagen, bittet um Rückruf zwecks neuen Termin ", "Rückruf erbeten": "1"}
395	029328903625	{"Name": "Frau Schade ", "Email": "", "Firma": "", "Nachricht": "Bitte um Rückmeldung zwecks offene Rechnung ", "send_email": "Pohl Service", "Telefonnummer": "029328903625", "receiver_email": "stp@pohl-service.eu,mw@pohl-service.eu"}
396	01705589219	{"Name": "Herr Schneeberger ", "Firma": "", "Nachricht": "", "send_email": "Ruf, Dilek", "Telefonnummer": "01705589219", "Erreichbarkeit": "", "receiver_email": "dilek.ruf@bbu-projekt.com", "Rückruf erbeten?": "1"}
397	01785760334	{"Name": "Herr Ali Jafari ", "Firma": "Bergmann ", "send_email": "Zentrale", "Telefon-Nr.": "01785760334", "receiver_email": "sprechstunde@protekto.group", "Grund des Anrufs": "Wartet auf eine Email bzgl einer Untersuchung ", "Rückruf erbeten": "1"}
398	01723180842	{"Name": "Herr Lohaus ", "Firma": "", "Nachricht": "", "send_email": "Ruf, Dilek", "Telefonnummer": "01723180842", "Erreichbarkeit": "", "receiver_email": "dilek.ruf@bbu-projekt.com", "Rückruf erbeten?": "1"}
400	01782046895	{"Name": "Herr Bär ", "Email": "", "Firma": "", "Nachricht": "Bittet um Rückruf ", "send_email": "Support", "Telefonnummer": "01782046895", "receiver_email": "support@innosoft.de"}
401	02283297600	{"Name": "Herr Dr Menke ", "Email": "", "Firma": "", "Nachricht": "Es geht um eine Anfrage in Meckenheim, bittet um Rückruf ", "send_email": "Pohl Service", "Telefonnummer": "02283297600", "receiver_email": "stp@pohl-service.eu,mw@pohl-service.eu"}
402	06353916453	{"Vorname": "Sascha", "Nachname": "Kuwatsch", "Mitteilung": "Termin wurde verschoben. Patient sollte sich zurückmelden für neuen Termin.", "send_email": "Zentrale", "Telefonnummer": "015781554505", "receiver_email": "akapitza@web.de", "Bittet um Rückruf für neuen Termin": "1"}
403	01729734877	{"Vorname": "Frau ", "Nachname": "Hecht ", "Mitteilung": "Bittet um Termine für die Familie ", "send_email": "Zentrale", "Telefonnummer": "01729734877", "receiver_email": "akapitza@web.de", "Bittet um Rückruf für neuen Termin": "1"}
404	017687952138	{"Vorname": "Frau ", "Nachname": "Ricka ", "Mitteilung": "", "send_email": "Zentrale", "Telefonnummer": "017687952138", "receiver_email": "akapitza@web.de", "Bittet um Rückruf für neuen Termin": "1"}
405	015233873451	{"Vorname": "Frau ", "Nachname": "Wydrakinga ", "Mitteilung": "Die Krone ist abgebrochen ", "send_email": "Zentrale", "Telefonnummer": "015233873451", "receiver_email": "akapitza@web.de", "Bittet um Rückruf für neuen Termin": "1"}
411	015164749343	{"Name": "Herr Torrejon Mora", "Email": "", "Firma": "", "Nachricht": "Bitte um Rückmeldung zwecks Termin vor Ort. Materialien stehen noch vor Ort. ", "send_email": "Pohl Solar GmbH", "Telefonnummer": "015164749343", "receiver_email": "sp@pohl-solar.de,mw@pohl-solar.de,mw@pohl-service.eu,ds@pohl-solar.de"}
415	01633412774	{"Name": "Frau Vu ", "send_email": "Zentrale", "Zimmeranzahl": "", "E-Mailadresse": "", "Telefonnummer": "01633412774", "receiver_email": "customer-service@helloguest.com", "Hotelname / Firmenname": "", "Zusätzliche Anmerkungen": "Hat Fragen zu der APP "}
408	06232104465	{"Vorname": "Thomas ", "Nachname": "Gleich ", "Mitteilung": "Absage für Termin vor Ort um 12:00 Uhr. Herr Gleich wünscht den Termin lieber telefonisch. Bitte um Bestätigung. ", "send_email": "Zentrale", "Terminabsage": "1", "Telefonnummer": "06232104465", "receiver_email": "akapitza@web.de", "Bittet um Rückruf": "1"}
409	01726629517	{"Vorname": "Cornelia ", "Nachname": "Wydra ", "Mitteilung": "Bitte um Rückmeldung für Termin am  Freitag 19.01.24 um 12:00. ", "send_email": "Zentrale", "Telefonnummer": "01726629517", "receiver_email": "akapitza@web.de", "Bittet um Rückruf": "1"}
410	schmack@innovicom.de	{"Name": "Verkauf Hannover", "E-Mail": "", "Adresse": "", "send_email": "Standard", "Aktenzeichen": "", "Telefonnummer": "05113576590", "receiver_email": "kontakt@schmack.net", "Weitere Anrufinformationen": "Thema  Möbel\\r\\n"}
406	017647634077	{"Vorname": "Melania ", "Nachname": "Matyniak", "Mitteilung": "Termin am 18.01. um 17:00 bitte absagen. Dafür bitte neuen Termin für Dienstag oder Donnerstag ab 16:20. ", "send_email": "Zentrale", "Terminabsage": "1", "Telefonnummer": "017647634077", "receiver_email": "akapitza@web.de", "Bittet um Rückruf für neuen Termin": "1"}
412	017696293394	{"Vorname": "", "Nachname": "Lehr", "Mitteilung": "Hat morgen einen Termin und möchte den absagen, 13.30", "send_email": "Zentrale", "Terminabsage": "1", "Telefonnummer": "017696293394", "receiver_email": "akapitza@web.de"}
413	05113608629	{"Name": "\\tFrau Antipa", "Firma": "\\tBetke", "Nachricht": "Bauprojekt von Herrn Neubert", "send_email": "Ruf, Dilek", "Telefonnummer": "05113608629", "Erreichbarkeit": "\\tbis 14.30 ab 14.30 unter 01732098280", "receiver_email": "dilek.ruf@bbu-projekt.com", "Rückruf erbeten?": "1"}
416	015146455688	{"Name": "Thomas Kupien ", "Email": "", "Firma": "", "Nachricht": "DRINGEND Bittet um Rückruf bzgl des Videocalls ", "send_email": "Pohl Service", "Telefonnummer": "015146455688", "receiver_email": "stp@pohl-service.eu,mw@pohl-service.eu"}
407	01709687347	{"Vorname": "Manuel ", "Nachname": "Kappus ", "Mitteilung": "", "send_email": "Zentrale", "Telefonnummer": "01709687347", "receiver_email": "akapitza@web.de", "Bittet um Rückruf für neuen Termin": "1"}
417	04161706439	{"Name": "Heiko Brunkhorst ", "Email": "", "Firma": "Claudios Peters", "Nachricht": "Möchte die Lizenz anwenden und hat Probleme bei der Umsetzung ", "send_email": "Support", "Telefonnummer": "04161706439", "receiver_email": "support@innosoft.de"}
418	06232620348	{"Vorname": "Ludmila ", "Nachname": "Reiswich ", "Mitteilung": "Weiß nicht wann sie einen Termin hat ", "send_email": "Zentrale", "Telefonnummer": "06232620348", "receiver_email": "akapitza@web.de", "Bittet um Rückruf": "1"}
414	01788243343	{"Vorname": "Willi", "Nachname": "Lehr", "Mitteilung": "Bittet um Rückruf von Frau Dr. Ludwig", "send_email": "Zentrale", "Telefonnummer": "01788243343", "receiver_email": "akapitza@web.de", "Bittet um Rückruf": "1"}
421	063535019330	{"Vorname": "Martin", "Nachname": "Bilek", "Mitteilung": "Hat morgen einen Termin und möchte den absagen.", "send_email": "Zentrale", "Terminabsage": "1", "Telefonnummer": "063535019330", "receiver_email": "akapitza@web.de", "Bittet um Rückruf für neuen Termin": "1"}
427	kapitza@innovicom.de	{"Vorname": "", "Nachname": "Frau Segar", "Mitteilung": "10:45 Uhr Termin \\r\\nKostenvoranschlag, soll mit Frau Kapitza besprochen werden", "send_email": "Zentrale", "Telefonnummer": "", "receiver_email": "post@zahnpraxis-kapitza.de"}
423	06232980991	{"Vorname": "Elisabeth ", "Nachname": "Lajewski ", "Mitteilung": "", "send_email": "Zentrale", "Telefonnummer": "06232980991", "receiver_email": "akapitza@web.de", "Bittet um Rückruf für neuen Termin": "1"}
424	01741992177	{"Vorname": "Diana", "Nachname": "Schlamp", "Mitteilung": "Möchte Termine\\r\\nKontrolle\\r\\nZahnreinigung", "send_email": "Zentrale", "Telefonnummer": "01741992177", "receiver_email": "akapitza@web.de", "Bittet um Rückruf für neuen Termin": "1"}
425	015753693867	{"Vorname": "Katarina ", "Nachname": "Stokes ", "Mitteilung": "", "send_email": "Zentrale", "Telefonnummer": "015753693867", "receiver_email": "akapitza@web.de", "Bittet um Rückruf für neuen Termin": "1"}
426	01799076352	{"Vorname": "Stefanie ", "Nachname": "Urich ", "Mitteilung": "", "send_email": "Zentrale", "Telefonnummer": "01799076352", "receiver_email": "akapitza@web.de", "Bittet um Rückruf für neuen Termin": "1"}
428	017663841465	{"Name": "Herr Faschee ", "Email": "", "Firma": "", "Nachricht": "Sehr schlechtes Deutsch, es geht um den Vito ", "send_email": "Pohl Service", "Telefonnummer": "017663841465", "receiver_email": "stp@pohl-service.eu,mw@pohl-service.eu"}
429	01724619052	{"Name": "Frau Kantorek ", "Firma": "Engelsburg ", "send_email": "Zentrale", "Telefon-Nr.": "01724619052", "receiver_email": "sprechstunde@protekto.group", "Grund des Anrufs": "Es geht um die Übernachtung ", "Rückruf erbeten": "1"}
430	015255750968	{"Name": "Herr Bügler ", "Email": "", "Firma": "", "Nachricht": "Es geht um den Vito ", "send_email": "Pohl Service", "Telefonnummer": "015255750968", "receiver_email": "stp@pohl-service.eu,mw@pohl-service.eu"}
438	09553981018	{"Name": "Jürgen Schluz", "Firma": "Jürgen Schluz", "Nachricht": "Anruf für Herrn Müller: Termin zur  Einrichtung Telefonanlage + PC  per Team Viewer.", "send_email": "Zentrale", "Telefonnummer": "09553981019", "Erreichbarkeit": "Vorrmittags", "receiver_email": "info@kk-software.de", "Abteilung: Anruf für": "Systemhaus-Team"}
432	015115150691	{"Name": "Herr Gasteyr ", "Email": "", "Firma": "", "Nachricht": "Winterdienst Räumung noch nicht vorhanden. Vorgebirgstraße 49, Bonn. ", "send_email": "Pohl Service", "Telefonnummer": "015115150691", "receiver_email": "stp@pohl-service.eu,mw@pohl-service.eu"}
433	05314702879	{"Name": "", "Firma": "Stadt Braunschweig ", "Nachricht": "Rote-Mühle-Weg 36B, Herstellungskosten bitte zumailen. ", "send_email": "Daka, Lydia", "Telefonnummer": "05314702879", "Erreichbarkeit": "", "receiver_email": "daka@bbu-projekt.com"}
434	015140065701	{"Email": "carolinbub", "Firma": "", "Vorname": "Carolin", "Nachname": "Bub", "Nachricht": "Bewerbungs E-mail gesendet am 8.012024 Bewerbung für HR. Hätte gerne Infos wie es weitergeht.", "send_email": "Zentrale", "Telefonnummer": "015140065701", "receiver_email": "hello@rebelrecruiting.com", "Ist auf Jobsuche?": "1", "Rückruf erbeten?": "1", "Kontakt mit Mitarbeiter:": "nein"}
435	015172100417	{"Name": "Frau Maus ", "Email": "", "Firma": "", "Nachricht": "Winterdienst Mainzer Straße 268, nicht erbracht ", "send_email": "Pohl Service", "Telefonnummer": "015172100417", "receiver_email": "stp@pohl-service.eu,mw@pohl-service.eu"}
436	015155800823	{"Name": "Herr Klein ", "Firma": "", "Nachricht": "Bitte um Rückmeldung zwecks Eigentümertermin für morgen ", "send_email": "Peters, Helge", "Telefonnummer": "015155800823", "Erreichbarkeit": "", "receiver_email": "peters@bbu-projekt.com", "Rückruf erbeten?": "1"}
437	01775891480	{"Name": "Herr Fido ", "Email": "", "Firma": "", "Nachricht": "Bitte um Rückmeldung zwecks Interesse KFZ Verkauf Ebay Kleinanzeigen ", "send_email": "Pohl Solar GmbH", "Telefonnummer": "01775891480", "receiver_email": "sp@pohl-solar.de,mw@pohl-solar.de,mw@pohl-service.eu,ds@pohl-solar.de"}
431	022032070674	{"Name": "Siochos", "Email": "georgios.siochos@icvg.de", "Firma": "", "Nachricht": "Winterdienst hat Arbeit nicht geleistet. Hat bereits eine email mit Telefonnumern gesendet. Hätte auch gerne nochmal eine Bestätigung ob die email Adresse noch richtig ist.\\r\\n\\r\\n", "send_email": "Pohl Solar GmbH", "Telefonnummer": "022032070674", "receiver_email": "sp@pohl-solar.de,mw@pohl-solar.de,mw@pohl-service.eu,ds@pohl-solar.de"}
439	015127536121	{"Email": "", "Firma": "", "Vorname": "Herr", "Nachname": "Harntjen", "Nachricht": "Bitte um Rückmeldung zwecks Bewerbung ", "send_email": "Zentrale", "Telefonnummer": "015127536121", "receiver_email": "hello@rebelrecruiting.com", "Ist auf Jobsuche?": "1", "Rückruf erbeten?": "1", "Kontakt mit Mitarbeiter:": ""}
440	017613107000	{"Name": "Bernd Seelinger ", "Email": "", "Firma": "Elektroschule ", "Nachricht": "Hatte einen Anruf in Abwesenheit ", "send_email": "Pohl Service", "Telefonnummer": "017613107000", "receiver_email": "stp@pohl-service.eu,mw@pohl-service.eu"}
370	015168412898	{"Name": "Herr Kunz", "Email": "", "Firma": "", "Nachricht": "Herr Pohl oder Herr Meister.\\r\\nHerr Kunz lässt ausrichten, daß zukünftig nur noch ueber Anwalt gesprochen wird wenn er sich heute nicht telefonisch meldet.\\r\\n", "send_email": "Pohl Service", "Telefonnummer": "015168412898", "receiver_email": "stp@pohl-service.eu,mw@pohl-service.eu"}
441	017681478591	{"Name": "Anastasia Lebrecht ", "Firma": "", "send_email": "Zentrale", "Telefon-Nr.": "017681478591", "receiver_email": "sprechstunde@protekto.group", "Grund des Anrufs": "Benötigt die Unterlagen ", "Rückruf erbeten": "1"}
442	0245191130828	{"Name": "", "Email": "", "Firma": "Centro Plan ", "Nachricht": "Bittet um Rückruf ", "send_email": "Pohl Service", "Telefonnummer": "0245191130828", "receiver_email": "stp@pohl-service.eu,mw@pohl-service.eu"}
422	034202340825	{"Name": "Frau Witek", "Email": "wasser@zv-derawa.de", "Firma": "Derawa Wasserverbabd", "Nachricht": "Vermietung Standrohr Delitzsch am Ziehwerk.\\r\\nBis 17.30   Uhr erreichbar.", "send_email": "Pohl Service", "Telefonnummer": "034202340825", "receiver_email": "stp@pohl-service.eu,mw@pohl-service.eu"}
443	01715855764	{"Email": "adrian.willkons@talk21.com", "Firma": "", "Vorname": "Adrian ", "Nachname": "Willkons ", "Nachricht": "", "send_email": "Zentrale", "Telefonnummer": "01715855764", "receiver_email": "hello@rebelrecruiting.com", "Jobsuche für IT": "1", "Rückruf erbeten?": "1", "Jobsuche für Marketing": "1", "Kontakt mit Mitarbeiter:": ""}
444	01759352424	{"Name": "Herr Morgenrot ", "send_email": "Zentrale", "Email Adresse": "", "Telefonnummer": "01759352424", "receiver_email": "telefonnotiz@empuron.com", "Rückruf gewünscht": "1", "Weitere Informationen": "Bitte um Rückmeldung zwecks AZUBI Plätze "}
445	040239694944	{"Name": "Löwner", "Email": "arno.loewner@job-union.de", "Firma": "Jobunion", "Nachricht": "Bittet um Rückruf \\r\\nHerr Walter Siepe ", "send_email": "Phone (für alles, was nicht passt)", "Telefonnummer": "040239694944", "receiver_email": "phone@innosoft.de"}
447	051136734271	{"Name": "Frau Ingenell", "Firma": "", "Nachricht": "Terminabsprache:\\r\\nVorstellungsgespräch für ein neues projekt", "send_email": "Ruf, Dilek", "Telefonnummer": "051136734271", "Erreichbarkeit": "9.30 Uhr - 16 Uhr", "receiver_email": "dilek.ruf@bbu-projekt.com", "Rückruf erbeten?": "1"}
448	071513039324	{"Name": "Hellbeun", "Email": "", "Firma": "Jung", "Nachricht": "herr Oleksov hatte wohl angerufen.\\r\\nnoch etwa 30 Minuten erreichbar, falls es für den Oleksov passt ", "send_email": "Phone (für alles, was nicht passt)", "Telefonnummer": "071513039324", "receiver_email": "phone@innosoft.de"}
449	0751408265	{"Name": "Herr Moser", "Email": "michael.moser@koperium.com", "Firma": "IT Direktor", "Nachricht": "Herr Sippe soll sich bitte melden, sofern er noch im Unternehmen ist, sonst jemand anders der für die Projektbetreuung zuständig ist.\\r\\n\\r\\nerreichbar: bis 18 Uhr\\r\\n\\r\\n", "send_email": "Support", "Telefonnummer": "0751408265", "receiver_email": "support@innosoft.de"}
450	05118799532	{"Name": "Herr Hoppe ", "Firma": "", "Nachricht": "Anliegen sei bekannt ", "send_email": "Ruf, Dilek", "Telefonnummer": "05118799532 01724394413", "Erreichbarkeit": "", "receiver_email": "dilek.ruf@bbu-projekt.com", "Rückruf erbeten?": "1"}
459	015144166748	{"Name": "Herr Strährat ", "Email": "", "Firma": "", "Nachricht": "Anliegen sei bekannt ", "send_email": "Pohl Service", "Telefonnummer": "015144166748", "receiver_email": "stp@pohl-service.eu,mw@pohl-service.eu"}
452	0027722933212	{"Email": "", "Firma": "", "Vorname": "Alisua ", "Nachname": "Miateele ", "Nachricht": "Es geht um eine Zusammenarbeit ", "send_email": "Zentrale", "Telefonnummer": "0027722933212", "receiver_email": "hello@rebelrecruiting.com", "Rückruf erbeten?": "1", "Kontakt mit Mitarbeiter:": "Kiara "}
453	02418879390	{"Name": "Johann de Boven ", "Email": "", "Firma": "Sparkasse ", "Nachricht": "Bittet um Rückruf von Herrn Pohl ", "send_email": "Pohl Service", "Telefonnummer": "02418879390", "receiver_email": "stp@pohl-service.eu,mw@pohl-service.eu"}
457	09521618855	{"Name": "Herr Gerling ", "Firma": "", "Nachricht": "Termin Absagung für heute 14:00 Uhr. Herr Gerling wäre wieder erreichbar ab 17:00, oder morgen. ", "send_email": "Zentrale", "Telefonnummer": "09521618855", "Erreichbarkeit": "", "receiver_email": "info@kk-software.de", "Abteilung: Anruf für": "Systemhaus-Team"}
454	015750164024	{"Email": "", "Firma": "", "Vorname": "Melanie ", "Nachname": "Striese ", "Nachricht": "", "send_email": "Zentrale", "Telefonnummer": "015750164024", "receiver_email": "hello@rebelrecruiting.com", "Ist auf Jobsuche?": "1", "Rückruf erbeten?": "1", "Kontakt mit Mitarbeiter:": ""}
458	09114626366	{"Name": "Herr Peterson ", "send_email": "Zentrale", "Email Adresse": "", "Telefonnummer": "09114626366", "receiver_email": "telefonnotiz@empuron.com", "Rückruf gewünscht": "1", "Weitere Informationen": "Bitte um Rückmeldung zwecks Ansprechpartner betriebliches Gesundheitsmanagement "}
451	022265579	{"Name": "Helmut Hiß", "Email": "helmut.hiss@t-online.de", "Firma": "", "Nachricht": "Wie geht es in der Sache PV Anlage weiter? Kunde hätte gerne ein Angebot .", "send_email": "Pohl Service", "Telefonnummer": "022265579", "receiver_email": "stp@pohl-service.eu,mw@pohl-service.eu"}
455	01752200476	{"Name": "Frau Langemeier ", "Firma": "Volkswagen ", "Nachricht": "Bitte um Rückmeldung zwecks Termin mit Herrn Laue  ", "send_email": "Ruf, Dilek", "Telefonnummer": "01752200476", "Erreichbarkeit": "", "receiver_email": "dilek.ruf@bbu-projekt.com", "Rückruf erbeten?": "1"}
460	01719543570	{"Name": "Herr Vallendar ", "Email": "", "Firma": "", "Nachricht": "Es geht um Herrn Raschid ", "send_email": "Pohl Service", "Telefonnummer": "01719543570 026727405", "receiver_email": "stp@pohl-service.eu,mw@pohl-service.eu"}
461	015758075872	{"Vorname": "", "Nachname": "Heiligenstein ", "Mitteilung": "Hat den Termin für morgen 25.1 bestätigt ", "send_email": "Zentrale", "Telefonnummer": "015758075872", "receiver_email": "akapitza@web.de"}
456	01791159426	{"Vorname": "Frau ", "Nachname": "Redzepi ", "Mitteilung": "", "send_email": "Zentrale", "Telefonnummer": "01791159426", "receiver_email": "akapitza@web.de", "Bittet um Rückruf für neuen Termin": "1"}
462	01755757134	{"Name": "Frau Heeren ", "Firma": "", "Nachricht": "Anliegen sei bekannt ", "send_email": "Student", "Telefonnummer": "01755757134", "Erreichbarkeit": "", "receiver_email": "student@bbu-projekt.com", "Rückruf erbeten?": "1"}
399	02219893809300	{"Name": "Frau Hillen ", "Email": "", "Firma": "DRK ", "Nachricht": "Es geht um das SEPA-Mandat ", "send_email": "Pohl Service", "Telefonnummer": "02219893809300", "receiver_email": "stp@pohl-service.eu,mw@pohl-service.eu"}
446	01711029238	{"Name": "Herr Pieper ", "Email": "", "Firma": "Novo Firm ", "Nachricht": "Hat Probleme mit der digitalen Unterschrift ", "send_email": "Support", "Telefonnummer": "01711029238", "receiver_email": "support@innosoft.de"}
533	05112809632	{"Name": "Herr Brause ", "Firma": "", "Nachricht": "Termin für 13.2 um 10h ", "send_email": "Ruf, Dilek", "Telefonnummer": "05112809632", "Erreichbarkeit": "", "receiver_email": "dilek.ruf@bbu-projekt.com"}
463	05113107316	{"Name": "Guido Langemann", "Firma": "IHK Hannover", "Nachricht": "Es geht um eine Anfrage für Statement am 7. März ", "send_email": "Ruf, Dilek", "Telefonnummer": "05113107316", "Erreichbarkeit": "8.00-17.00", "receiver_email": "dilek.ruf@bbu-projekt.com", "Rückruf erbeten?": "1"}
464	06232636329	{"Vorname": "Dennis ", "Nachname": "Lisckfeld ", "Mitteilung": "", "send_email": "Zentrale", "Telefonnummer": "06232636329 015753227921", "receiver_email": "akapitza@web.de", "Bittet um Rückruf für neuen Termin": "1"}
465	0894161411632	{"Name": "Herr Schweizer ", "Firma": "", "Nachricht": "Personalgewinnung ", "send_email": "Zentrale", "Telefonnummer": "0894161411632", "Erreichbarkeit": "", "receiver_email": "info@kk-software.de", "Abteilung: Anruf für": "Verwaltung"}
466	015203309895	{"Vorname": "Herr", "Nachname": "Wollny", "Mitteilung": "Hat den Termin für morgen 25.1 bestätigt, kann sich aber  um 15min verzögern", "send_email": "Zentrale", "Telefonnummer": "015203309895", "receiver_email": "akapitza@web.de"}
467	023458896504	{"Name": "Herr Gräwe ", "Firma": "", "Nachricht": "Es geht um eine Einrichtung ", "send_email": "Zentrale", "Telefonnummer": "023458896504", "Erreichbarkeit": "", "receiver_email": "info@kk-software.de", "Abteilung: Anruf für": "Softwareentwicklungs-Team"}
468	017681375386	{"Vorname": "Frau ", "Nachname": "Abdule ", "Mitteilung": "", "send_email": "Zentrale", "Telefonnummer": "017681375386", "receiver_email": "akapitza@web.de", "Bittet um Rückruf für neuen Termin": "1"}
469	01739170848	{"Vorname": "Frau ", "Nachname": "Karakus ", "Mitteilung": "Möchte gerne als neue Patientin aufgenommen werden, da sie mit dem aktuellen Zahnarzt unzufrieden ist ", "send_email": "Zentrale", "Telefonnummer": "01739170848", "receiver_email": "akapitza@web.de", "Bittet um Rückruf": "1"}
470	00436641885655	{"Name": "Thomas Mantei ", "send_email": "Zentrale", "Zimmeranzahl": "", "E-Mailadresse": "", "Telefonnummer": "00436641885655", "receiver_email": "customer-service@helloguest.com", "Hotelname / Firmenname": "", "Zusätzliche Anmerkungen": "Terminal für Check In / Check Out benötigt. Offene Fragen. "}
471	017662573220	{"Name": "Markus Häfele ", "send_email": "Zentrale", "Zimmeranzahl": "", "E-Mailadresse": "", "Telefonnummer": "017662573220", "receiver_email": "customer-service@helloguest.com", "Hotelname / Firmenname": "", "Zusätzliche Anmerkungen": "Bitte um Rückmeldung zwecks Informationen für ein Schließsystem "}
472	017612652797	{"Name": "Herr Reßing ", "Email": "", "Firma": "Kirchengemeinde ", "Nachricht": "Anfrage zu Werbeunterstützung bei Karnevalszug ", "send_email": "Pohl Service", "Telefonnummer": "017612652797", "receiver_email": "stp@pohl-service.eu,mw@pohl-service.eu"}
473	09384973000	{"Name": "Frau Stiller ", "Firma": "", "Nachricht": "Supportanfrage zur Software, Emailprogramm \\r\\n01577-4278632", "send_email": "Zentrale", "Telefonnummer": "0938497170", "Erreichbarkeit": "", "receiver_email": "info@kk-software.de", "Abteilung: Anruf für": "Softwareentwicklungs-Team"}
474	015750421892	{"Name": "Ezzat Tollaa", "Email": "", "Firma": "", "Nachricht": "Wartet auf Buchungs Bestätigung für Hotel", "send_email": "Pohl Service", "Telefonnummer": "015750421892", "receiver_email": "stp@pohl-service.eu,mw@pohl-service.eu"}
475	01603368885	{"Name": "Herr Graubeiler ", "Email": "", "Firma": "", "Nachricht": "Fragt nach Reinigung von Solaranlagen ", "send_email": "Pohl Service", "Telefonnummer": "01603368885", "receiver_email": "stp@pohl-service.eu,mw@pohl-service.eu"}
476	01721738515	{"Name": "Sascha Delme ", "Email": "", "Firma": "", "Nachricht": "Es geht um den Vito ", "send_email": "Pohl Service", "Telefonnummer": "01721738515", "receiver_email": "stp@pohl-service.eu,mw@pohl-service.eu"}
478	01717773892	{"Name": "Herr Sippel  ", "Email": "", "Firma": "", "Nachricht": "Anfrage Maler- Putzarbeiten", "send_email": "Pohl Solar GmbH", "Telefonnummer": "01717773892", "receiver_email": "sp@pohl-solar.de,mw@pohl-solar.de,mw@pohl-service.eu,ds@pohl-solar.de"}
479	03083792894	{"Name": "Frau Kuhn ", "send_email": "Zentrale", "Email Adresse": "", "Telefonnummer": "03083792894", "receiver_email": "telefonnotiz@empuron.com", "Weitere Informationen": "meldet sich später selbst noch einmal "}
480	015144166148	{"Name": "Herr Mesioye ", "Email": "", "Firma": "", "Nachricht": "Bitte Kontaktdaten der Mitarbeiter für den Termin heute um 11:00 Uhr durch geben ", "send_email": "Pohl Service", "Telefonnummer": "015144166148", "receiver_email": "stp@pohl-service.eu,mw@pohl-service.eu"}
481	099137029108	{"Name": "Herr Winter ", "Email": "", "Firma": "Inkasso ", "Nachricht": "Bitte um Rückmeldung zwecks Gebührenausgleich ", "send_email": "Pohl Service", "Telefonnummer": "099137029108", "receiver_email": "stp@pohl-service.eu,mw@pohl-service.eu"}
482	024029744485	{"Name": "Herr Beyss ", "Email": "", "Firma": "", "Nachricht": "Bitte um Rückmeldung zwecks Anfrage bei Autovermietung ", "send_email": "Pohl Service", "Telefonnummer": "024029744485", "receiver_email": "stp@pohl-service.eu,mw@pohl-service.eu"}
483	048351330	{"Name": "Herr Krieger", "Firma": "Klaas", "send_email": "Zentrale", "Telefon-Nr.": "048351330", "receiver_email": "sprechstunde@protekto.group", "Grund des Anrufs": "Termin für morgen soll verschoben werden, bitte melden!", "Rückruf erbeten": "1"}
484	051136734315	{"Name": "Martin Jansen", "Firma": "", "send_email": "Zentrale", "Telefon-Nr.": "051136734315", "receiver_email": "sprechstunde@protekto.group", "Grund des Anrufs": "Geschäftsführer sprechen\\r\\nwollte nicht angeben worum es geht", "Rückruf erbeten": "1"}
485	tiergarant@innovicom.de	{"Email": "", "Vorname": "Frau", "Nachname": "Jesmundo", "Nachricht": "morgen nachmittags bitte zurückrufen. (16 Uhr)\\r\\nes wurde zwei mal abgebucht diesen Monat\\r\\n", "send_email": "Zentrale", "Telefonnummer": "042167307117", "receiver_email": "info@petplan.de", "Rückruf erbeten?": "1", "Schadenfallnummer": "", "Versicherungsnummer": "80742669"}
486	017681122011	{"Vorname": "alicia", "Nachname": "Ritter", "Mitteilung": "Sucht Praktikum im März für 2 Wochen 9. Klasse ", "send_email": "Zentrale", "Telefonnummer": "017681122011", "receiver_email": "post@zahnpraxis-kapiza.de", "Bittet um Rückruf": "1"}
488	kundksoftware@innovicom.de	{"Name": "Herr Pavel ", "Firma": "Coach Two ", "Nachricht": "Es geht um eine Rückmeldung bzgl einer Email Ticket 459460", "send_email": "Zentrale", "Telefonnummer": "0800 180 0404 ", "Erreichbarkeit": "", "receiver_email": "info@kk-software.de", "Abteilung: Anruf für": "Systemhaus-Team"}
489	0964492200	{"Name": "Martin Baier", "Firma": "Baier", "Nachricht": "Anruf für: Herr Weißhaar   Thema Datev und Ertragskonten", "send_email": "Zentrale", "Telefonnummer": "09644922040", "Erreichbarkeit": "in der  nächsten Std.", "receiver_email": "info@kk-software.de", "Abteilung: Anruf für": "ERP-Team"}
490	01607055063	{"Name": "Herr Radert ", "Firma": "", "Nachricht": "Alter Schlachthof ", "send_email": "Hühl, Dagmar", "Telefonnummer": "01607055063", "Erreichbarkeit": "", "receiver_email": "huehl@bbu-projekt.com", "Rückruf erbeten?": "1"}
491	01737126512	{"Name": "Herr Marashi", "Email": "", "Firma": "", "Nachricht": "Meldet sich auf Ebay Anzeige: kann das KFZ DB Vito heute angeschaut werden?", "send_email": "Pohl Service", "Telefonnummer": "01737126512", "receiver_email": "stp@pohl-service.eu,mw@pohl-service.eu"}
492	054193932490	{"Name": "Digital Hoch 5", "send_email": "Zentrale", "Zimmeranzahl": "10-50", "E-Mailadresse": "hallo@digitalhoch5.de", "Telefonnummer": "054193932490", "receiver_email": "customer-service@helloguest.com", "Hotelname / Firmenname": "", "Zusätzliche Anmerkungen": "Herr Erkin : möchte eine Preisinformation für Hotel Größe 10-50 Zimmer\\r\\nInfos bitte bis morgen da eine Präsentation Anfang nächste Woche an potenzielle Kunden stattfindet."}
493	017670084444	{"Name": "Herr Song", "Email": "", "Firma": "", "Nachricht": "Steffen Paul. Es geht um ein Balkonkraftwerk.\\r\\nEr hat bereits eine Email geschrieben ", "send_email": "Pohl Solar GmbH", "Telefonnummer": "017670084444", "receiver_email": "sp@pohl-solar.de,mw@pohl-solar.de,mw@pohl-service.eu,ds@pohl-solar.de"}
494	0623295998	{"Vorname": "", "Nachname": "Weiß ", "Mitteilung": "Herr Weiß hat sich zurückgemeldet. Er hatte einen Anruf aus der Praxis bekommen.", "send_email": "Zentrale", "Telefonnummer": "0623295998", "receiver_email": "post@zahnpraxis-kapitza.de", "Bittet um Rückruf": "1"}
495	'phone_number'	{"Name": "Test Name", "send_email": "Zentrale", "Firmennamen": "Test Firma", "Email Adresse": "test Email", "Telefonnummer": "1234", "receiver_email": "info@innovicom.de", "Rückruf gewünscht": "1", "Weitere Informationen": "Test Nachricht"}
496	062329109135	{"Vorname": "Christel ", "Nachname": "Hermann", "Mitteilung": "Gestern wurde Implantat gemacht. Patientin nimmt Makromar ab wann darf  wieder eingenommen werden?Und Ibu 600 hier hatte kalten Schweiß. Es gibt fragen bitte drigend RR", "send_email": "Zentrale", "Telefonnummer": "062329109135", "receiver_email": "post@zahnpraxis-kapitza.de", "Bittet um Rückruf": "1"}
497	015111092968	{"Vorname": "Christian ", "Nachname": "Jagus", "Mitteilung": "Termin erwünscht ", "send_email": "Zentrale", "Telefonnummer": "015111092968", "receiver_email": "post@zahnpraxis-kapitza.de", "Bittet um Rückruf für neuen Termin": "1"}
499	01734811586	{"Vorname": "Oksana", "Nachname": "Oksana Korovai", "Mitteilung": "Zahnreinigung bei der Dame die das immer bei der Patientin  macht!\\r\\nWunschtermin ab 15.03.-22.03 vor Termin bei Frau Doktor am 25.03.", "send_email": "Zentrale", "Telefonnummer": "01734811586", "receiver_email": "post@zahnpraxis-kapitza.de", "Bittet um Rückruf für neuen Termin": "1"}
501	030220136976	{"Name": "Herr Pannert ", "Email": "", "Firma": "", "Nachricht": "Anliegen sei bekannt ", "send_email": "Support", "Telefonnummer": "030220136976", "receiver_email": "support@innosoft.de"}
535	0236220170	{"Name": "Herr Jovanoski ", "Email": "", "Firma": "", "Nachricht": "Hatte einen Anruf in Abwesenheit ", "send_email": "Pohl Service", "Telefonnummer": "0236220170", "receiver_email": "stp@pohl-service.eu,mw@pohl-service.eu"}
503	01734861906	{"Name": "Herr Karhardt ", "Email": "", "Firma": "", "Nachricht": "Möchte mit Kurt sprechen bzgl Frankental ", "send_email": "Pohl Service", "Telefonnummer": "01734861906", "receiver_email": "stp@pohl-service.eu,mw@pohl-service.eu"}
504	015735983343	{"Email": "", "Firma": "", "Vorname": "Fabian ", "Nachname": "Pfeiffer", "Nachricht": "", "send_email": "Zentrale", "Telefonnummer": "015735983343", "receiver_email": "hello@rebelrecruiting.com", "Rückruf erbeten?": "1", "Kontakt mit Mitarbeiter:": "Frau Melzer "}
505	01786492613	{"Name": "Jürgen Schulz ", "Firma": "", "Nachricht": "Hat Probleme mit der Software ", "send_email": "Zentrale", "Telefonnummer": "01786492613", "Erreichbarkeit": "", "receiver_email": "info@kk-software.de", "Abteilung: Anruf für": "Softwareentwicklungs-Team"}
506	017670113806	{"Name": "Herr Tutisch ", "Email": "", "Firma": "", "Nachricht": "Es geht um die Bewerbung für den Ausbildungsplatz ", "send_email": "Phone (für alles, was nicht passt)", "Telefonnummer": "017670113806", "receiver_email": "phone@innosoft.de"}
507	016097642516	{"Name": "Herr Malte Bösch ", "Email": "", "Firma": "", "Nachricht": "Wartet seit September 2023 auf Rechnungsausgleich ", "send_email": "Pohl Service", "Telefonnummer": "016097642516", "receiver_email": "stp@pohl-service.eu,mw@pohl-service.eu"}
498	017631139567	{"Vorname": "Herr ", "Nachname": "Gärtner ", "Mitteilung": "Hat den Termin für morgen 1.2 bestätigt ", "send_email": "Zentrale", "Telefonnummer": "017631139567", "receiver_email": "post@zahnpraxis-kapitza.de"}
508	015228052290	{"Name": "Benno Dau ", "Firma": "Objekt Carpet ", "Nachricht": "Bitte um Rückmeldung zwecks Termin ", "send_email": "Ruf, Dilek", "Telefonnummer": "015228052290", "Erreichbarkeit": "", "receiver_email": "dilek.ruf@bbu-projekt.com", "Rückruf erbeten?": "1"}
509	022851131940	{"Name": "Herr Hoffmann ", "Email": "", "Firma": "AOK Bonn  ", "Nachricht": "Bitte um Rückmeldung zwecks Personalanfrage ", "send_email": "Pohl Service", "Telefonnummer": "0211879130595", "receiver_email": "stp@pohl-service.eu,mw@pohl-service.eu"}
502	056089590040	{"Name": "Frau Henning ", "Firma": "", "Nachricht": "Fragt nach Frau Köpl ", "send_email": "Zentrale", "Telefonnummer": "056089590040", "Erreichbarkeit": "", "receiver_email": "info@kk-software.de", "Abteilung: Anruf für": "Systemhaus-Team"}
537	0623240154	{"Vorname": "Elisabeth ", "Nachname": "Moser ", "Mitteilung": "Benötigt einen Bericht für die Versicherung ", "send_email": "Zentrale", "Telefonnummer": "0623240154", "receiver_email": "post@zahnpraxis-kapitza.de", "Bittet um Rückruf": "1"}
510	01633304616	{"Name": " Rinas  Achmet", "Email": "rinasachmet27@gmail.com", "Firma": "", "Nachricht": "Anrufer meint er bekommt 29,95 Euro pro monat vom Kto. abgezogen und weiß nicht wofür und möchte das Kündigen. Verwendungszweg PlusVSNR.240159CGFGA6 ", "send_email": "Phone (für alles, was nicht passt)", "Telefonnummer": "01633304616", "receiver_email": "phone@innosoft.de"}
511	03554858545	{"Name": "Herr Stein  ", "Email": "", "Firma": "", "Nachricht": "Bitte um Rückmeldung zwecks Kundenanfrage ", "send_email": "Support", "Telefonnummer": "03554858545", "receiver_email": "support@innosoft.de"}
512	07042817920	{"Name": "Daniel  Baumann ", "Firma": "", "Nachricht": "", "send_email": "Jordan, Matthias", "Telefonnummer": "07042817920", "Erreichbarkeit": "", "receiver_email": "jordan@bbu-projekt.com", "Rückruf erbeten?": "1"}
513	01797869417	{"Vorname": "Karin", "Nachname": "Sigllechner", "Mitteilung": "Kundin hat keine Versicherungs Policen mehr.\\r\\nBitte diese per Mail senden. Von beiden Tieren.", "send_email": "Zentrale", "Email Adresse": "karin-dianas@web.de", "Telefonnummer": "01797869417", "receiver_email": "telefon@petplan.de", "Schadenfallnummer": "", "Versicherungsnummer": "PG00054806,"}
514	015786120374	{"Name": "Florian Hecht ", "Email": "", "Firma": "", "Nachricht": "", "send_email": "Support", "Telefonnummer": "015786120374", "receiver_email": "support@innosoft.de"}
515	01721315555	{"Email": "", "Firma": "", "Vorname": "Karsten ", "Nachname": "Zinski ", "Nachricht": "", "send_email": "Zentrale", "Telefonnummer": "01721315555", "receiver_email": "hello@rebelrecruiting.com", "Rückruf erbeten?": "1", "Jobsuche für Marketing": "1", "Kontakt mit Mitarbeiter:": "Herr Jatav "}
516	01631776837	{"Name": "Herr Trtietze ", "Email": "", "Firma": "", "Nachricht": "Es geht um den Vito ", "send_email": "Pohl Service", "Telefonnummer": "01631776837", "receiver_email": "stp@pohl-service.eu,mw@pohl-service.eu"}
517	01727954033	{"Name": "Herr Erdmann ", "Firma": "", "Nachricht": "Bitte um Rückmeldung zwecks Emailverkehr  ", "send_email": "Zentrale", "Telefonnummer": "01727954033", "Erreichbarkeit": "", "receiver_email": "info@kk-software.de", "Abteilung: Anruf für": "Softwareentwicklungs-Team"}
518	01714520198	{"Name": "Herr Spreen ", "Firma": "", "Nachricht": "Bitte um Rückmeldung ", "send_email": "Peters, Helge", "Telefonnummer": "01714520198", "Erreichbarkeit": "", "receiver_email": "peters@bbu-projekt.com", "Rückruf erbeten?": "1"}
519	0756494866230	{"Name": "Frau Sandra Keazor ", "Email": "", "Firma": "Navy Solar ", "Nachricht": "Bitte um Rückmeldung zwecks Reinigung PV Anlagen, Emailkontakt vorhanden ", "send_email": "Pohl Service", "Telefonnummer": "0756494866230", "receiver_email": "stp@pohl-service.eu,mw@pohl-service.eu"}
520	01791099962	{"Email": "", "Firma": "", "Vorname": "Daniela ", "Nachname": "Königspunkt ", "Nachricht": "Benötigt eine Telefonnummer ", "send_email": "Zentrale", "Telefonnummer": "01791099962", "receiver_email": "hello@rebelrecruiting.com", "Rückruf erbeten?": "1", "Kontakt mit Mitarbeiter:": "Nathalie "}
521	015256708424	{"Name": "Herr Gimpel ", "Email": "", "Firma": "", "Nachricht": "Bitte um schnelle Rückmeldung zwecks Softwareanliegen ", "send_email": "Support", "Telefonnummer": "015256708424", "receiver_email": "support@innosoft.de"}
522	021515794705	{"Name": "Herr Pistel", "Email": "", "Firma": "Germania", "Nachricht": "Rückruf von Herrn Pohl erwünscht", "send_email": "Pohl Service", "Telefonnummer": "021515794705  01737277638", "receiver_email": "stp@pohl-service.eu,mw@pohl-service.eu"}
523	017670873017	{"Vorname": "Mona", "Nachname": "Förtsch", "Mitteilung": "Der Termin am 19.02., um 15.30 soll verschoben werden ", "send_email": "Zentrale", "Telefonnummer": "017670873017", "receiver_email": "post@zahnpraxis-kapitza.de", "Bittet um Rückruf für neuen Termin": "1"}
524	06232854498	{"Vorname": "", "Nachname": "Strehl ", "Mitteilung": "Die Termine für Implantate sind bis Mai ausgebucht", "send_email": "Zentrale", "Telefonnummer": "06232854498", "receiver_email": "post@zahnpraxis-kapitza.de", "Bittet um Rückruf": "1"}
525	017641256499	{"Vorname": "Viktor", "Nachname": "Hense", "Mitteilung": "Wurde  gerade angerufen, ist jetzt erreichbar!", "send_email": "Zentrale", "Telefonnummer": "017641256499", "receiver_email": "post@zahnpraxis-kapitza.de", "Bittet um Rückruf für neuen Termin": "1"}
526	030761770	{"Name": "", "Email": "", "Firma": "Landhaus Alpinia", "Nachricht": "Es wurden 2 Zimmer gebucht im falschen Hotel. Es wurde im Hotel statt Gästehaus gebucht Alpinia.\\r\\nHerr Damfke ", "send_email": "Pohl Service", "Telefonnummer": "030761770", "receiver_email": "stp@pohl-service.eu,mw@pohl-service.eu"}
527	01632728969	{"Name": "Frau Wenner", "Email": "", "Firma": "Monteuerzimmer Strüderhof ", "Nachricht": "12.-14. Zimmer gebucht \\r\\nEs geht um die Unterkunft \\r\\nZimmer wird schon heute benötigt", "send_email": "Pohl Service", "Telefonnummer": "01632728969", "receiver_email": "stp@pohl-service.eu,mw@pohl-service.eu"}
528	01701119436	{"Vorname": "Lydia", "Nachname": "Schaab", "Mitteilung": "Wurde angerufen bitte nochmal versuchen.", "send_email": "Zentrale", "Telefonnummer": "01701119436", "receiver_email": "post@zahnpraxis-kapitza.de", "Bittet um Rückruf": "1"}
251	017622526636	{"Vorname": "", "Nachname": "Klause", "Mitteilung": "Möchte gern morgen früh einen Termin haben", "send_email": "Zentrale", "Telefonnummer": "017622526636", "receiver_email": "post@zahnpraxis-kapitza.de", "Bittet um Rückruf": "1"}
529	0222516867	{"Name": "Elisabeth Kenn-Bak", "Email": "e.kenn-bak@web.de", "Firma": "", "Nachricht": "Kundin möchte PV Anlage oh. Speicher. Bitte Rück Ruf o. mail zwecks Termin vor Ort.", "send_email": "Pohl Solar GmbH", "Telefonnummer": "0222516867", "receiver_email": "sp@pohl-solar.de,mw@pohl-solar.de,mw@pohl-service.eu,ds@pohl-solar.de"}
530	022515064220	{"Name": "Herr Jeselik ", "Email": "", "Firma": "", "Nachricht": "Es geht um eine Gutschrift ", "send_email": "Pohl Service", "Telefonnummer": "022515064220", "receiver_email": "stp@pohl-service.eu,mw@pohl-service.eu"}
531	017632991083	{"Name": "Yoob", "Email": "", "Firma": "", "Nachricht": "MA ist vor  Ort und das Foto ist nicht vom Objekt Idestein\\r\\nkann nichts finden. Bitte dringend anrufen.", "send_email": "Pohl Solar GmbH", "Telefonnummer": "017632991083", "receiver_email": "sp@pohl-solar.de,mw@pohl-solar.de,mw@pohl-service.eu,ds@pohl-solar.de"}
532	015751636120	{"Name": "Herr Zahat ", "Email": "", "Firma": "", "Nachricht": "Möchte mit  Kurt sprechen ", "send_email": "Pohl Service", "Telefonnummer": "015751636120", "receiver_email": "stp@pohl-service.eu,mw@pohl-service.eu"}
538	02033632040	{"Vorname": "Markus", "Nachname": "Fettweiß", "Mitteilung": "Hat fragen zur Schadenmeldung. bis 11:15 Uhr sonst morgen wieder.\\r\\n", "send_email": "Zentrale", "Email Adresse": "markusfettweiss@gmail.com", "Telefonnummer": "02033632040", "receiver_email": "telefon@petplan.de", "Rückruf erbeten?": "1", "Schadenfallnummer": "2024116922", "Versicherungsnummer": ""}
539	021186943843	{"Name": "Herr Varga", "Email": "kontakt@vs-rekruting.de", "Firma": "Von Strünck", "Nachricht": "Anruf für Herrn Pohl. Es ging um einige offene Stellen.", "send_email": "Pohl Service", "Telefonnummer": "021186943843", "receiver_email": "stp@pohl-service.eu,mw@pohl-service.eu"}
540	017676317200	{"Vorname": "Frau ", "Nachname": "Bollnow ", "Mitteilung": "Bitte um Rückmeldung zwecks Erhöhung. Laut Kundin hat sie nie eine Email erhalten, weil sie keine EMailadresse hat. ", "send_email": "Zentrale", "Email Adresse": "", "Telefonnummer": "017676317200", "receiver_email": "telefon@petplan.de", "Rückruf erbeten?": "1", "Schadenfallnummer": "", "Versicherungsnummer": "85707993 "}
541	015901123633	{"Vorname": "Lena", "Nachname": "Hänsel ", "Mitteilung": "Bitte um Rückmeldung zwecks Schadenfalls ", "send_email": "Zentrale", "Email Adresse": "", "Telefonnummer": "015901123633", "receiver_email": "telefon@petplan.de", "Rückruf erbeten?": "1", "Schadenfallnummer": "", "Versicherungsnummer": "85734152"}
500	02694930030	{"Name": "Herr Sippel ", "Email": "", "Firma": "", "Nachricht": "Bitte Rückmeldung zwecks Objekt Bachstraße ", "send_email": "Pohl Solar GmbH", "Telefonnummer": "02694930030", "receiver_email": "sp@pohl-solar.de,mw@pohl-solar.de,mw@pohl-service.eu,ds@pohl-solar.de"}
542	02283827206	{"Name": "Frau Nöte ", "Email": "", "Firma": "KJF GmbH", "Nachricht": "Bittet um Rückruf von Frau Wiebelhaus\\r\\nEs geht um die Rechnung RE-202201008", "send_email": "Pohl Service", "Telefonnummer": "02283827206", "receiver_email": "stp@pohl-service.eu,mw@pohl-service.eu"}
543	022228279106	{"Name": "Herr Gürman", "Email": "mykfz.bon@gmail.com", "Firma": "MYKFZ", "Nachricht": "Offene Rechnung v.27.11.2023 über 2 neu Reifen für KFZ Caddy Kenz. BN-P8002. Rechn Nr. 210. Bittet um sofortigen Ausgleich.", "send_email": "Pohl Service", "Telefonnummer": "022228279106", "receiver_email": "stp@pohl-service.eu,mw@pohl-service.eu"}
534	02365795638	{"Name": "Herr Schmal ", "Email": "", "Firma": "", "Nachricht": "Bittet um erneuten Rückruf ", "send_email": "Pohl Service", "Telefonnummer": "02365795638", "receiver_email": "stp@pohl-service.eu,mw@pohl-service.eu"}
544	015110226573	{"Vorname": "Liliana ", "Nachname": "Raber ", "Mitteilung": "Hatte einen Anruf in Abwesenheit ", "send_email": "Zentrale", "Telefonnummer": "015110226573", "receiver_email": "post@zahnpraxis-kapitza.de", "Bittet um Rückruf": "1"}
545	017681062135	{"Vorname": "Frau ", "Nachname": "Matel ", "Mitteilung": "Hat den Termin für morgen den 8.2 um 8.30h bestätigt ", "send_email": "Zentrale", "Telefonnummer": "017681062135", "receiver_email": "post@zahnpraxis-kapitza.de"}
546	015735990002	{"Email": "", "Firma": "Extetheiser", "Vorname": "Jealsny", "Nachname": "Wember", "Nachricht": "Kundenanfragen sollen maximiert werden", "send_email": "Zentrale", "Telefonnummer": "015735990002", "receiver_email": "hello@rebelrecruiting.com", "Rückruf erbeten?": "1", "Kontakt mit Mitarbeiter:": "ja hat den Namen vergessen"}
547	015140340010	{"Vorname": "Franziska", "Nachname": "Stiller", "Mitteilung": "Hat Probleme mit der Füllung", "send_email": "Zentrale", "Telefonnummer": "015140340010", "receiver_email": "post@zahnpraxis-kapitza.de", "Bittet um Rückruf für neuen Termin": "1"}
548	0623226815	{"Vorname": "Maria", "Nachname": "Wotzinski", "Mitteilung": "Benötigt Termin Mitte März ", "send_email": "Zentrale", "Telefonnummer": "0623226815", "receiver_email": "post@zahnpraxis-kapitza.de", "Bittet um Rückruf für neuen Termin": "1"}
549	01704164009	{"Vorname": "Petra ", "Nachname": "Kühn ", "Mitteilung": "Kann erst am 11.4 ", "send_email": "Zentrale", "Terminabsage": "1", "Telefonnummer": "01704164009", "receiver_email": "post@zahnpraxis-kapitza.de", "Bittet um Rückruf für neuen Termin": "1"}
550	017681026783	{"Name": "Herr Schuck ", "Firma": "Netblue ", "Nachricht": "Hatte mehrere Anrufe in Abwesenheit, bitte länger klingeln lassen ", "send_email": "Zentrale", "Telefonnummer": "017681026783", "Erreichbarkeit": "", "receiver_email": "info@kk-software.de", "Abteilung: Anruf für": "Systemhaus-Team"}
551	017632603903	{"Name": "Lukas Natali ", "Firma": "", "Nachricht": "Handelsblatt ", "send_email": "Zentrale", "Telefonnummer": "017632603903", "Erreichbarkeit": "", "receiver_email": "info@kk-software.de", "Abteilung: Anruf für": "ERP-Team"}
553	017670065003	{"Name": "Frau Büsch ", "Email": "", "Firma": "", "Nachricht": "Bitte um Rückmeldung zwecks offener Rechnung für die Anmietung einer Ferienwohnung für 2 Nächte. ", "send_email": "Pohl Solar GmbH", "Telefonnummer": "017670065003", "receiver_email": "sp@pohl-solar.de,mw@pohl-solar.de,mw@pohl-service.eu,ds@pohl-solar.de"}
554	017670027220	{"Name": "Frau Köhler", "send_email": "Zentrale", "Zimmeranzahl": "", "E-Mailadresse": "sabine.koehler@aramis.de", "Telefonnummer": "017670027220", "receiver_email": "customer-service@helloguest.com", "Hotelname / Firmenname": "Aramis", "Zusätzliche Anmerkungen": "Anruf für Frauenholz: Leistung nicht abrufbar Rechnung kann nicht bezahlt werden. Bitte dringend Rückruf."}
555	093828522	{"Name": "Dr Kämpf ", "Firma": "", "Nachricht": "Bittet um Rückruf, da diese am Montag schließen ", "send_email": "Zentrale", "Telefonnummer": "093828522", "Erreichbarkeit": "", "receiver_email": "info@kk-software.de", "Abteilung: Anruf für": "Systemhaus-Team"}
556	01712793956	{"Name": "Herrr Misch ", "send_email": "Zentrale", "Zimmeranzahl": "", "E-Mailadresse": "", "Telefonnummer": "01712793956", "receiver_email": "customer-service@helloguest.com", "Hotelname / Firmenname": "", "Zusätzliche Anmerkungen": "Bitte um Auskunft, Digitaler Empfang benötigt "}
552	01774842999	{"Ort": "", "PLZ": "", "Land": "", "Name": "Frau Claudia Klausa ", "Produkt": "Kundennummer: 10354, Bitte um Rückmeldung zwecks Bestellung. ", "Straße": "", "Geburtsort": "", "send_email": "Zentrale", "Geburtsland": "", "Geburtszeit": "", "Geburtsdatum": "", "Telefonnummer": "01774842999", "E-Mail Adresse": "", "Größenangabe": "", "receiver_email": "timo_wagenbach@web.de"}
557	033956869921	{"Vorname": "Hans-Joachim", "Nachname": "Meyer", "Mitteilung": "Kunde bräuchte noch einmal den neuen Versicherungsschein. Bitte per Email zuschicken.", "send_email": "Zentrale", "Email Adresse": "hajoadler@gmx.net", "Telefonnummer": "033956869921", "receiver_email": "telefon@petplan.de", "Schadenfallnummer": "", "Versicherungsnummer": ""}
558	09118006742	{"Name": "Susanne Tunesko", "send_email": "Zentrale", "Firmennamen": "", "Email Adresse": "", "Telefonnummer": "015233942898", "receiver_email": "telefonnotiz@empuron.com", "Rückruf gewünscht": "1", "Weitere Informationen": "Anruferin möchte gerne mit Personalabteilung sprechen\\r\\n\\r\\nes geht um eine mögliche Ausbildung für ihren Sohn (Fachinformartiker Ausbildung)\\r\\n\\r\\n"}
559	0938231020	{"Name": "Thomas Weinig", "Firma": "", "Nachricht": "Melvin Langmeier solle sich bitte telefonisch melden\\r\\nes geht ums System vom Landratzamt (Stadt Geraldhofen)\\r\\nNeue Neuzugangsdaten?", "send_email": "Zentrale", "Telefonnummer": "01752992999", "Erreichbarkeit": "versuchen", "receiver_email": "info@kk-software.de", "Abteilung: Anruf für": "Softwareentwicklungs-Team"}
560	01792127855	{"Vorname": "Heike", "Nachname": "Kendler", "Mitteilung": "Krankengymnastik verschrieben.\\r\\nSie fragt, ob sie noch ein Folgerezept bekommen kann, da ihr das dort empfohlen wurde.\\r\\n\\r\\nauf Anrufbeanworter sprechen ob es geht", "send_email": "Zentrale", "Telefonnummer": "06232605935", "receiver_email": "post@zahnpraxis-kapitza.de", "Bittet um Rückruf": "1"}
561	015906529482	{"Name": "Mike Schenk ", "send_email": "Zentrale", "Zimmeranzahl": "", "E-Mailadresse": "", "Telefonnummer": "015906529482", "receiver_email": "customer-service@helloguest.com", "Hotelname / Firmenname": "", "Zusätzliche Anmerkungen": "Ehemaliger Mitarbeiter Email ist raus und Anliegen sei bekannt "}
562	015254509163	{"Name": "Marcel Köllner", "Firma": "Ranstatt Personalberatung", "Nachricht": "Anruf für : Herrn Thomas Leiber o. Lukas Würth-Bittner", "send_email": "Zentrale", "Telefonnummer": "015254509163", "Erreichbarkeit": "Bis 17.30", "receiver_email": "info@kk-software.de", "Abteilung: Anruf für": "ERP-Team"}
563	01733618723	{"Email": "", "Firma": "", "Vorname": "Tihan ", "Nachname": "Yilmas ", "Nachricht": "Es geht um den Termin um 16.30 heute den  13.2, möchte wissen ob dieser Face to Face stattfindet?", "send_email": "Zentrale", "Telefonnummer": "01733618723", "receiver_email": "hello@rebelrecruiting.com", "Rückruf erbeten?": "1", "Kontakt mit Mitarbeiter:": "Bruno Diehl "}
564	01738626972	{"Email": "", "Firma": "Viper Vision ", "Vorname": "David ", "Nachname": "Gerowski ", "Nachricht": "Anliegen sei bekannt ", "send_email": "Zentrale", "Telefonnummer": "01738626972", "receiver_email": "hello@rebelrecruiting.com", "Rückruf erbeten?": "1", "Kontakt mit Mitarbeiter:": "Herr Schore "}
565	06232912374	{"Vorname": "Annemarie", "Nachname": "Himpe", "Mitteilung": "Hat einen Anruf bekommen\\r\\nSie hat einen Termin am Freitag, um 15 Uhr", "send_email": "Zentrale", "Telefonnummer": "06232912374", "receiver_email": "post@zahnpraxis-kapitza.de", "Bittet um Rückruf": "1"}
566	017684824555	{"Vorname": "Marie Luisa ", "Nachname": "Kirr", "Mitteilung": "", "send_email": "Zentrale", "Telefonnummer": "017684824555", "receiver_email": "post@zahnpraxis-kapitza.de", "Bittet um Rückruf für neuen Termin": "1"}
567	0420296868824	{"Name": "Herr Vogt ", "Email": "", "Firma": "AMS ", "Nachricht": "Bittet um Rückruf von Herrn Sieper ", "send_email": "Support", "Telefonnummer": "0420296868824", "receiver_email": "support@innosoft.de"}
568	062359208729	{"Vorname": "", "Nachname": "Baum ", "Mitteilung": "Terminverschiebung per Brief bekommen Jonas 06.03., 14 Uhr \\r\\nTermine ab 14 Uhr sind möglich ", "send_email": "Zentrale", "Telefonnummer": "062359208729", "receiver_email": "post@zahnpraxis-kapitza.de", "Bittet um Rückruf für neuen Termin": "1"}
569	040210917312	{"Name": "Herr Pierotsch ", "Email": "", "Firma": "Expo AG ", "Nachricht": "Bittet um Rückruf ", "send_email": "Pohl Service", "Telefonnummer": "040210917312", "receiver_email": "stp@pohl-service.eu,mw@pohl-service.eu"}
570	017624149397	{"Name": "Herr Arab ", "Email": "", "Firma": "", "Nachricht": "Sehr schlechtes Deutsch möchte mit Herrn Pohl sprechen ", "send_email": "Pohl Service", "Telefonnummer": "017624149397", "receiver_email": "stp@pohl-service.eu,mw@pohl-service.eu"}
571	02181233722	{"Name": "Herr Jansen ", "Email": "", "Firma": "Autohaus Schulz ", "Nachricht": "Bitte um Rückmeldung zwecks Offene Rechnung SU-P 80002 ", "send_email": "Pohl Service", "Telefonnummer": "02181233722", "receiver_email": "stp@pohl-service.eu,mw@pohl-service.eu"}
573	015204786176	{"Vorname": "Jenny", "Nachname": "Holtbur", "Mitteilung": "Kundin wünscht Rückruf bezüglich Chipp Pflicht!\\r\\nDroht mit Anwalt. Es gäbe keinen Hnweis im Vertrag auf Chip Pflicht.", "send_email": "Zentrale", "Email Adresse": "jenny109@gmx.net", "Telefonnummer": "015204786176", "receiver_email": "telefon@petplan.de", "Rückruf erbeten?": "1", "Schadenfallnummer": "", "Versicherungsnummer": "2024113970"}
574	02117702478212	{"Name": "Frau Vancello ", "Email": "", "Firma": "", "Nachricht": "Bitte um Rückmeldung von der Buchhaltung ", "send_email": "Pohl Service", "Telefonnummer": "02117702478212", "receiver_email": "stp@pohl-service.eu,mw@pohl-service.eu"}
575	09281605620	{"Name": "Thomas Eckhart", "send_email": "Zentrale", "Zimmeranzahl": "103", "E-Mailadresse": "te@hotel-central-hof.de", "Telefonnummer": "09281605620", "receiver_email": "customer-service@helloguest.com", "Hotelname / Firmenname": "Hotel Central ", "Zusätzliche Anmerkungen": "Hat ein Messeangebot bekommen und eine Deadline \\r\\nMöchte ein Angebot besprechen"}
576	05112809671	{"Name": "Frau John ", "Firma": "", "Nachricht": "Es geht um die Bewerbung ", "send_email": "Daka, Lydia", "Telefonnummer": "05112809671", "Erreichbarkeit": "", "receiver_email": "daka@bbu-projekt.com", "Rückruf erbeten?": "1"}
577	062326235850	{"Vorname": "Angelika ", "Nachname": "Wünsch", "Mitteilung": "Termin 23.02. um 11 Uhr abgesagt", "send_email": "Zentrale", "Telefonnummer": "062326235850", "receiver_email": "post@zahnpraxis-kapitza.de", "Bittet um Rückruf für neuen Termin": "1"}
572	015206773983	{"Name": "Frau Ruppe ", "Email": "", "Firma": "", "Nachricht": "Es geht um die Ferienwohnung ", "send_email": "Pohl Service", "Telefonnummer": "015206773983", "receiver_email": "stp@pohl-service.eu,mw@pohl-service.eu"}
578	017678536838	{"Vorname": "Ilisabeth", "Nachname": "Lajewski", "Mitteilung": "Die Dame wollte einmal nachfragen ob es bereits eine Genehmigung gibt für Physiotherapie wegen Kieferschmerzen \\"Ostheotherapie\\".\\r\\nDie Dame wollte fragen ob Sie das ausstellen können.\\r\\n\\r\\nEs geht um die Marie, die Tochter.\\r\\nDie Frau Lajewski ist gestern mit Ihrer Tochter da gewesen.\\r\\n\\r\\nWenn die Frau Lajewski nicht erreichbar ist, einfach auf der Festnetznummer anrufen und auf den AB sprechen.", "send_email": "Zentrale", "Telefonnummer": "017678536838", "receiver_email": "post@zahnpraxis-kapitza.de", "Bittet um Rückruf": "1"}
579	015901689566	{"Name": "Frau Gruhn ", "Firma": "", "Nachricht": "Es geht um eine Terminvereinbarung ", "send_email": "Ruf, Dilek", "Telefonnummer": "015901689566", "Erreichbarkeit": "", "receiver_email": "dilek.ruf@bbu-projekt.com", "Rückruf erbeten?": "1"}
581	0043743552454	{"Name": "Herr Walner ", "send_email": "Zentrale", "Zimmeranzahl": "", "E-Mailadresse": "", "Telefonnummer": "00436641240177", "receiver_email": "customer-service@helloguest.com", "Hotelname / Firmenname": "Hotel Walner ", "Zusätzliche Anmerkungen": "Bitte um Rückmeldung zwecks Zugang "}
582	05971899355	{"Vorname": "KleintierPraxis Hecking-Veltman", "Nachname": "Frau Scheffer ", "Mitteilung": "Neue Flyer benötigt \\r\\nKleintierPraxis Hecking-Veltman\\r\\nNeunkirchener Straße 126 \\r\\n48431 Rheine ", "send_email": "Zentrale", "Email Adresse": "", "Telefonnummer": "05971899355", "receiver_email": "telefon@petplan.de", "Rückruf erbeten?": "1", "Schadenfallnummer": "", "Versicherungsnummer": ""}
583	09217891416	{"Name": "Herr Hager ", "send_email": "Zentrale", "Firmennamen": "MMV Leasing ", "Email Adresse": "", "Telefonnummer": "09217891416", "receiver_email": "telefonnotiz@empuron.com", "Rückruf gewünscht": "1", "Weitere Informationen": "Bitte um Rückmeldung zwecks BMW "}
584	091031027	{"Name": "Frau Pelka", "Firma": "", "Nachricht": "Info für Herrn Müller: Betrifft den Switch. Anfrage eines Versandes für Express, damit der Artikel morgen vor Ort sein kann. Bitte noch einmal um Rückmeldung. ", "send_email": "Zentrale", "Telefonnummer": "091031027", "Erreichbarkeit": "", "receiver_email": "info@kk-software.de", "Abteilung: Anruf für": "Systemhaus-Team"}
585	023021884550	{"Name": "Herr Wiegel ", "Email": "", "Firma": "Melitta ", "Nachricht": "Bitte um Rückmeldung zwecks Kaffee Werbung ", "send_email": "Pohl Service", "Telefonnummer": "023021884550", "receiver_email": "stp@pohl-service.eu,mw@pohl-service.eu"}
586	078219238958	{"Name": "Frau Strebl", "Email": "v.strebl@pfif.net", "Firma": "Pfif Partner für Innovation", "Nachricht": "Anruf für Herrn Ebbrecht: Es geht um die   Forschungszulage. Bitte Rückruf", "send_email": "Phone (für alles, was nicht passt)", "Telefonnummer": "078219238958", "receiver_email": "phone@innosoft.de"}
587	017687844711	{"Name": "Herr Scharla ", "Firma": "", "Nachricht": "Anliegen sei bekannt ", "send_email": "Ruf, Dilek", "Telefonnummer": "017687844711", "Erreichbarkeit": "", "receiver_email": "dilek.ruf@bbu-projekt.com", "Rückruf erbeten?": "1"}
588	015734359965	{"Vorname": "Dunja", "Nachname": "Godglück", "Mitteilung": "Bitte für beide Katzen die Chip Nr. in die Verträge aufnehmen. Vers. Nr. 85741667  Mogli jetzt Majo Chip Nr.276095611262251\\r\\nVers. Nr 85741666 Muffin \\r\\nChip Nr. 276095611233587", "send_email": "Zentrale", "Email Adresse": "petra.godglueck@kabelmail.de", "Telefonnummer": "015734359965", "receiver_email": "telefon@petplan.de", "Schadenfallnummer": "", "Versicherungsnummer": "85741667"}
589	015738796743	{"Name": "Herr Sima ", "Firma": "Office hoch 5 ", "Nachricht": "Bitte um Rückmeldung, Herr Sima betreut Hardwaregeräte  ", "send_email": "Ruf, Dilek", "Telefonnummer": "015738796743", "Erreichbarkeit": "", "receiver_email": "dilek.ruf@bbu-projekt.com", "Rückruf erbeten?": "1"}
590	015172216634	{"Name": "Herr Pöhler ", "Firma": "", "Nachricht": "Kommt auf Empfehlung ", "send_email": "Ruf, Dilek", "Telefonnummer": "015172216634", "Erreichbarkeit": "", "receiver_email": "dilek.ruf@bbu-projekt.com", "Rückruf erbeten?": "1"}
591	015161464232	{"Email": "allan.jens.potullski@googlemail.com", "Firma": "Privat Person", "Vorname": "Jens ", "Nachname": "Potullski", "Nachricht": "Anruf für Bruno ", "send_email": "Zentrale", "Telefonnummer": "015161464232", "receiver_email": "hello@rebelrecruiting.com", "Ist auf Jobsuche?": "1", "Kontakt mit Mitarbeiter:": "nein"}
592	05115356930	{"Name": "Frau Wilhelm ", "Firma": "", "Nachricht": "Anliegen sei bekannt ", "send_email": "Burau, Daniel", "Telefonnummer": "05115356930", "Erreichbarkeit": "", "receiver_email": "burau@bbu-projekt.com", "Rückruf erbeten?": "1"}
593	079319613399	{"Name": "Renner Tanja", "Email": "tanjakemmer@web.de", "Firma": "Vermieterin", "Nachricht": "Offen Rechnung über 2 Monteure v. 05.02-08.02.2024\\r\\nbitte dringend ausgleichen!", "send_email": "Pohl Service", "Telefonnummer": "079319613399", "receiver_email": "stp@pohl-service.eu,mw@pohl-service.eu"}
594	015771207688	{"Name": "Frau Avedi ", "Email": "", "Firma": "", "Nachricht": "Hat Fragen zu einem Vertrag ", "send_email": "Pohl Service", "Telefonnummer": "015771207688", "receiver_email": "stp@pohl-service.eu,mw@pohl-service.eu"}
595	01777281799	{"Name": "Herr Jenau ", "Firma": "Linau Games ", "Nachricht": "Hat eine Empfehlung bekommen von Herrn Hörschelmann ", "send_email": "Ruf, Dilek", "Telefonnummer": "01777281799", "Erreichbarkeit": "", "receiver_email": "dilek.ruf@bbu-projekt.com", "Rückruf erbeten?": "1"}
596	01721010667	{"Name": "Herr Marschner ", "Firma": "", "Nachricht": "Bittet um Rückruf von Herrn Bittner ", "send_email": "Zentrale", "Telefonnummer": "01721010667", "Erreichbarkeit": "", "receiver_email": "info@kk-software.de", "Abteilung: Anruf für": "Systemhaus-Team"}
597	03443279921	{"Name": "Frau Sondermann ", "Email": "abellothar86@gmail.com", "Firma": "Gasthof ", "Nachricht": "Es geht um eine Rechnung ", "send_email": "Pohl Service", "Telefonnummer": "03443279921", "receiver_email": "stp@pohl-service.eu,mw@pohl-service.eu"}
580	01737204535	{"Email": "", "Firma": "", "Vorname": "Jürgen ", "Nachname": "Lünnenbürger ", "Nachricht": "Es geht um ein Angebot ", "send_email": "Zentrale", "Telefonnummer": "01737204535", "receiver_email": "hello@rebelrecruiting.com", "Rückruf erbeten?": "1", "Kontakt mit Mitarbeiter:": "Felix "}
477	0228344724	{"Name": "Gauger 53343 Plz", "Email": "friedrich-gauger@web.de", "Firma": "", "Nachricht": "Möchte wissen ob es einen Herrn Hilger gibt in der Firma. Herr Skubi hat ihm gesagt er kennt ihn nicht. ", "send_email": "Pohl Solar GmbH", "Telefonnummer": "0228344724", "receiver_email": "sp@pohl-solar.de,mw@pohl-solar.de,mw@pohl-service.eu,ds@pohl-solar.de"}
599	01785374604	{"Vorname": "", "Nachname": "", "Mitteilung": "Fips (hund) braucht 2 operationen\\r\\nbeide werde jeweils 2000 Euro kosten, deshalb wollte die Kundin das gerne anmelden.", "send_email": "Zentrale", "Email Adresse": "", "Telefonnummer": "01785374604", "receiver_email": "telefon@petplan.de", "Schadenfallnummer": "", "Versicherungsnummer": "Kundennummer 32389"}
600	09119549216	{"Name": "Nicole Göttler", "send_email": "Zentrale", "Zimmeranzahl": "", "E-Mailadresse": "", "Telefonnummer": "09119549216 oder 015140232320", "receiver_email": "customer-service@helloguest.com", "Hotelname / Firmenname": "", "Zusätzliche Anmerkungen": "Kooperation möglich?\\r\\n\\r\\nbitte zurückrufen "}
601	01788502183	{"Name": "Amir ", "Email": "", "Firma": "", "Nachricht": "es geht um seine Lohnabrechnung, er würde gerne Auskunft bekommen.\\r\\n\\r\\nBitte zurückrufen", "send_email": "Pohl Service", "Telefonnummer": "01788502183", "receiver_email": "stp@pohl-service.eu,mw@pohl-service.eu"}
598	lichte@innovicom.de	{"Name": "Herr Iruwitz", "Email": "", "Firma": "", "Nachricht": "es geht um System 300, möchte da Auskunft bekommen. (er bräuchte 4 Meter Höhe und statischen nachweis?)\\r\\n\\r\\nbitte zurückrufen", "send_email": "Zentrale", "Telefonnummer": "0711520896184", "receiver_email": "ab@lichte.email", "Ansprechpartner": ""}
602	015120196040	{"Vorname": "Joachim", "Nachname": "Bossek", "Mitteilung": "Kunde möchte wissen wie lange der nächste Termin dauern soll, da er diesen bei längerem Verlauf absagen müsste", "send_email": "Zentrale", "Telefonnummer": "015120196040", "receiver_email": "post@zahnpraxis-kapitza.de", "Bittet um Rückruf": "1"}
603	01725958067	{"Vorname": "Emelie", "Nachname": "", "Mitteilung": "Zahnaufhellungskosten? möchte info bekommen", "send_email": "Zentrale", "Telefonnummer": "01725958067", "receiver_email": "post@zahnpraxis-kapitza.de", "Bittet um Rückruf": "1"}
604	062323128397	{"Vorname": "Constaze", "Nachname": "Bruger", "Mitteilung": "braucht  kein Zovirax mehr. Sie hat es bereits vom Hausarzt bekommen", "send_email": "Zentrale", "Telefonnummer": "062323128397", "receiver_email": "post@zahnpraxis-kapitza.de"}
605	017661848873	{"Vorname": "", "Nachname": "Kaloshi  ", "Mitteilung": "vor 3 Monaten wurde Zahn gezogen und nun kommt Eiter raus. Möchte schnell vorbeikommen, er hat schmerzen.", "send_email": "Zentrale", "Telefonnummer": "017661848873", "receiver_email": "post@zahnpraxis-kapitza.de", "Bittet um Rückruf": "1", "Bittet um Rückruf für neuen Termin": "1"}
606	026419127614	{"Name": "Paul Rehm ", "Email": "", "Firma": "DAA ", "Nachricht": "Es geht um ein Stellenangebot ", "send_email": "Pohl Service", "Telefonnummer": "026419127614", "receiver_email": "stp@pohl-service.eu,mw@pohl-service.eu"}
607	01626167431	{"Name": "Herr Backhaus ", "Email": "", "Firma": "", "Nachricht": "Anliegen sei bekannt ", "send_email": "Pohl Service", "Telefonnummer": "01626167431", "receiver_email": "stp@pohl-service.eu,mw@pohl-service.eu"}
167	graewe@innovicom.de	{"Name": "Giselar Holborn", "Email": "gilselarholborn@googlemail.com", "Firma": "Privat", "Nachricht": "Kundin möchte einen Besteck Koffer bestellen passend für 60 Teile. Das Besteck hat sehr breite Griffe. Es wurde schonmal ein Koffer bestellt der war aber nicht passend für das Besteck! Gibt es einen Koffer der grösser ist für die Besteck Aufnahme?", "send_email": "Zentrale", "Kundennummer": "", "Telefonnumer": "0228 9085865", "receiver_email": "service@graewe-shop.de", "Rückruf erbeten?": "1", "Bestellnummer / Externe Nummer": ""}
608	04025440389	{"Name": "Herr Ruraild ", "Email": "", "Firma": "", "Nachricht": "Es geht um die PV Anlage ", "send_email": "Pohl Service", "Telefonnummer": "04025440389", "receiver_email": "stp@pohl-service.eu,mw@pohl-service.eu"}
609	04025440389	{"Name": "Herr Ruraild ", "Email": "", "Firma": "", "Nachricht": "Es geht um die PV Anlage ", "send_email": "Pohl Service", "Telefonnummer": "04025440389", "receiver_email": "stp@pohl-service.eu,mw@pohl-service.eu"}
610	072747054249	{"Vorname": "Ida ", "Nachname": "Zimmermann ", "Mitteilung": "Fragt ob sie einen Termin am 22.3 um 11h hat", "send_email": "Zentrale", "Telefonnummer": "072747054249", "receiver_email": "post@zahnpraxis-kapitza.de", "Bittet um Rückruf": "1"}
611	06232605935	{"Vorname": "Heike ", "Nachname": "Kendler ", "Mitteilung": "Benötigt die Verordnung, bitte der Tochter(Kendler Fenja) mitgeben ", "send_email": "Zentrale", "Telefonnummer": "06232605935", "receiver_email": "post@zahnpraxis-kapitza.de", "Bittet um Rückruf": "1"}
612	01775258193	{"Email": "", "Firma": "", "Vorname": "Thomas ", "Nachname": "Berger ", "Nachricht": "Anliegen sei bekannt ", "send_email": "Zentrale", "Telefonnummer": "01775258193", "receiver_email": "hello@rebelrecruiting.com", "Rückruf erbeten?": "1", "Kontakt mit Mitarbeiter:": "Felix "}
\.


--
-- Data for Name: dashboard_general_info; Type: TABLE DATA; Schema: public; Owner: pi
--

COPY public.dashboard_general_info (id, welcome_text, imp_info, date_created) FROM stdin;
4	Messages	some information	2023-07-07 20:31:43.865172+02
8	my text	my information	2023-07-07 20:39:52.228146+02
9	Willkommen bei Heinze, mein Name ist ... wie kann ich helfen?		2023-07-10 20:35:44.954207+02
21	<p>Herzlich willkommen bei Petplan, mein Name ist XXX, wie kann ich Ihnen helfen?</p>	<h3>Neuabschluss gewünscht?</h3><p>Hier die Seite aufrufen:</p><p><a href="https://figopet.de/sofort-abschliesen/?utm_source=callcenter&amp;utm_medium=callcenter_antrag&amp;utm_campaign=callcenter_antrag_telefon">https://figopet.de/sofort-abschliesen/</a></p><h2>WICHTIG:</h2><p><strong>Alle Kündigungen, Datenänderungen wie IBAN, Adress- und Namensänderungen wird schriftlich vom Kunden selbst benötigt.</strong><br><strong>Am einfachsten über das Formular der Website (figopet oder petplan), oder per email an die </strong><a href="mailto:info@petplan.de"><strong>info@petplan.de</strong></a><strong> oder </strong><a href="mailto:info@figopet.de"><strong>info@figopet.de</strong></a><strong> .</strong><br><strong>Eine telefonische Auskunft des Kunden reicht nicht aus.</strong><br><strong>Wir leiten solche Informationen und Wünsche der Kunden NICHT weiter zu Petplan / Figopet!</strong></p>	2023-08-05 20:20:33.030593+02
15	<p>Herzlich Willkommen bei der Zahnpraxis Kapitza, mein Name ist [XXX], wie kann ich Ihnen helfen?</p>	<p>Mo, Di, Do, Fr &nbsp; &nbsp;bis 16 Uhr&nbsp;<br>Mi &nbsp; &nbsp; &nbsp; &nbsp; &nbsp; &nbsp; &nbsp; &nbsp;bis14 Uhr</p>	2023-08-05 16:26:20.781679+02
14	<p>Willkommen bei der K&amp;K Software AG. Mein Name ist [Name der Person].</p>	<h4>Teams:</h4><ul><li>Systemhaus-Team: Analyse der IT-Infrastruktur, IT-Systembetreuung, Datensicherung, Vertrieb von Hard-/ Software, Absicherung von Systemen, Aufbau &amp; Betreuung von Netzwerkinfrastruktur<ul><li>Herr Krauß, Herr Müller, Herr Wirth-Bittner</li></ul></li><li>ERP-Team: das Produkt ist ERPNext und wir machen Beratung, Workshops, Einführung, individuelle Anpassungen, Support und Hosting für dieses ERP-System<ul><li>Frau Köpl, Herr Sirlinger,&nbsp; Frau Nedwidek, Herr Tverdostup, Herr Zöcklein, Herr Fischer, Herr Menz</li></ul></li><li>Softwareentwicklungs-Team: vollständige Umsetzung &amp; einzelne Bausteine von Softwareprojekten, Betreuung bestehender Software, Datenbanken, Webseiten, Support<ul><li>Herr Leiber, Herr Lutz, Herr Schuldheis, Frau Teichrib, Herr Gebauer, Frau Nitz, Herr Geist, Herr Reinhard, Herr Krüger, Herr Bluhm</li></ul></li><li>Verwaltung: Buchhaltung, Faktura, Marketing, Werbeanrufe, Bewerbermanagement etc.<ul><li>Herr Koch, Frau Bauerfeld, Frau Dürrfuß, Frau Walter</li></ul></li></ul>	2023-08-05 16:12:25.528101+02
16	<p>Herzlich willkommen bei Lichte Systemwand...wie kann ich Ihnen helfen?</p>	<p><br data-cke-filler="true"></p>	2023-08-05 19:46:13.78609+02
12	<p>Herzlich willkommen bei Figo, mein Name ist XXX, wie kann ich dir helfen?</p>	<p>Die Anspreche ist per "Du". Bitte die Kunden nicht "Siezen"! Nur auf Nachfrage bestätigen, das "Petplan" jetzt "Figo" heißt. Ansonsten nichts von der Umbenennung erwähnen.<br>Neukundenabschluss:</p><p><a href="https://figopet.de/sofort-abschliesen/?utm_source=callcenter&amp;utm_medium=callcenter_antrag&amp;utm_campaign=callcenter_antrag_telefon" class="ck-link_selected">HIER KLICKEN für Neukundenabschluss</a></p>	2023-07-17 18:24:26.151889+02
13	BEDA Ambulante Pflege guten Tag, mein Name ist XXX, wie kann ich Ihnen helfen?	Bei dringenden Mitteilungen wie Anrufen vom Krankenhaus oder ähnliches, Im Einwähler die Beda Ambulante Pflege einwählen und verbinden.\n	2023-07-25 19:10:16.25165+02
3	<p>New text test<br><br>Test Points</p><ul><li>1</li><li>2</li><li>3</li></ul><p>Link test <a href="https://www.google.com" class="ck-link_selected">here</a></p>	<p>My new info</p><ul><li>point 1</li><li>point 2</li></ul>	2023-07-05 13:42:01.089524+02
18	<p>Guten Tag, die Firma Innosoft mein Name ist…. wie kann ich ihnen helfen.</p>	<p>Bitte den Anrufer grob klassifizieren bzw. Fragen was sein Anliegen ist, um dann in der Verteilerliste oben im Formular (erstes Feld) die richtige Abteilung auszuwählen.</p><p>Folgende Kategorien für Anrufe würden wir gerne unterscheiden:</p><ul><li><strong>support@innosoft.de</strong> &nbsp; für Support-Anfragen unserer Software von Bestandskunden</li><li><strong>sales@innosoft.de</strong> &nbsp; &nbsp; für Interessenten unserer Software</li><li><strong>phone@innosoft.de</strong> &nbsp; &nbsp;für alle anderen Anrufkategorien oder solche, die nicht genau zu spezifizieren sind</li></ul>	2023-08-05 20:00:30.080296+02
19	<p>Pohl Solar GmbH, schönen guten Tag, mein Name ist xxx, wie kann ich Ihnen weiter helfen?</p>	<p>Bitte den Anrufer unterscheiden zwischen Pohl Solar Service und Pohl Solar GmbH.<br>Entsprechend den Empfänger (ganz oben) auswählen.</p>	2023-08-05 20:06:54.708624+02
28	<p>Herzlich Willkommen bei der Empuron AG. Meine Name ist [XXX], was kann ich für Sie tun?</p>	<p><br data-cke-filler="true"></p>	2023-11-07 15:21:12.45748+01
22	<p>Herzlich Willkommen bei der MFL Mobility, mein Name ist ...</p>	<p><strong>Technik / Reifen / Service : 040-48091-3334</strong><br><strong>Unfallschaden: 040-48091-3535 leasingvertrag@bdk-bank.de</strong><br><br>Die Wartungsfälligkeit wird bei Ihrem Wagen angezeigt und Digital geführt ohne Wartungsheft.</p><p><strong>Zulassung:</strong></p><p>Die Zulassung erfolgt auf:<br>Firma Kempen GmbH, Ernst-Ludwig-Ring 4, 61231 Bad Nauheim<br>Abweichende EVB und SEPA für die Kfz. Steuer wird vor der Zulassung angefragt.<br>Wunschkennzeichen auf “FB” möglich, kosten 25 €.<br>Keine Ummeldung der Fahrzeuge während der Leasingzeit notwendig<br>Vertragsaktivierung:<br>Leasingbeginn durch die ALD ab Erstzulassung.</p><p><strong>Wo sende ich meine Vertragsunterlagen hin?</strong></p><p>Der Original ALD Leasingvertrag muss postalisch eingereicht werden<br>MFL Mobility GmbH<br>Steinkopfstraße 6-8<br>61231 Bad Nauheim</p>	2023-08-05 20:28:26.850943+02
24	<p>Herzlich Willkommen bei Rebel Recruiting, wie kann ich dir weiter helfen?</p>	<p>Bitte das Anrufer Anliegen so genau wie möglich notieren.</p>	2023-08-05 20:47:53.919846+02
20	<p>Herzlich Willkommen bei der Gräwe GmbH, wie kann ich Ihnen weiter helfen?</p>	<p><strong>Bei Bestellung bitte die Bestellnummer oder so abfragen.</strong></p>	2023-08-05 20:14:07.757411+02
29	<p>Herzlich Willkommen bei der Protekto Gruppe, was kann ich für Sie tun?</p>	<p><br data-cke-filler="true"></p>	2023-11-10 10:21:15.063079+01
25	<p>HVB Hausverwaltung Guten Tag, mein Name ist … wie kann ich Ihnen helfen?</p>	<h4>Ansprechpartner der verschiedenen Abteilungen</h4><ol><li>Zentrale (allgemein)</li><li>Herrn Küppers (Objektbetreuer) &nbsp;</li><li>Frau Schiefer (Buchhaltung)</li><li>Herrn Büsgen (Geschäftsführer)</li></ol>	2023-08-13 13:36:31.837612+02
26	<p>Sanitätshaus Uber, mein Name ist … - wie kann ich Ihnen weiter helfen?</p>	<p>Bei dem Feld “um wen geht es”, muss der Patienten Name eingetragen werden. Häufig rufen ja Betreuer oder Verwandte für eine 3. Person an.</p>	2023-08-24 21:28:45.239609+02
30	<p>EB Hausverwaltung Guten Tag, mein Name ist … wie kann ich Ihnen helfen?</p>	<p><br data-cke-filler="true"></p>	2023-11-28 11:16:57.010219+01
31	<p>Willkommen bei Innovicom.</p>	<p>Nur ein Test.</p>	2023-12-24 17:01:35.528897+01
17	<p>Herzlich willkommen im Bestellservice From the Sky von Gisela Rösch, wie kann ich Ihnen helfen?</p>	<p>1010&nbsp;&nbsp;&nbsp;&nbsp;Parfüm Wie der Kuss Deines Erzengels&nbsp;&nbsp;&nbsp;&nbsp;79,00 € &nbsp;&nbsp;&nbsp;&nbsp;54,00 €&nbsp;<br>1020&nbsp;&nbsp;&nbsp;&nbsp;Kosmetikserie Energie der Elemente&nbsp;&nbsp;&nbsp;&nbsp;237,00 € &nbsp;&nbsp;&nbsp;&nbsp;124,00 €&nbsp;<br>1030&nbsp;&nbsp;&nbsp;&nbsp;Haus/Schlafanzug Energie der Elemente&nbsp;&nbsp;&nbsp;&nbsp;139,00 € &nbsp;&nbsp;&nbsp;&nbsp;89,00 €&nbsp;<br>1040&nbsp;&nbsp;&nbsp;&nbsp;Chakren Schal&nbsp;&nbsp;&nbsp;&nbsp;139,00 € &nbsp;&nbsp;&nbsp;&nbsp;99,00 €&nbsp;<br>1050&nbsp;&nbsp;&nbsp;&nbsp;Karneol &amp; Orakelset&nbsp;&nbsp;&nbsp;&nbsp;181,00 € &nbsp;&nbsp;&nbsp;&nbsp;151,00 €&nbsp;<br>1060&nbsp;&nbsp;&nbsp;&nbsp;Set: Chakren Schal &amp; Parfüm Erzengel&nbsp;&nbsp;&nbsp;&nbsp;218,00 € &nbsp;&nbsp;&nbsp;&nbsp;148,00 €&nbsp;<br>2010&nbsp;&nbsp;&nbsp;&nbsp;Persönlichkeitshoroskop DAS ORIGINAL&nbsp;&nbsp;&nbsp;&nbsp;99,00 € &nbsp;&nbsp;&nbsp;&nbsp;89,00 €&nbsp;<br>2020&nbsp;&nbsp;&nbsp;&nbsp;Lebensaufgabe- und Karmahoroskop&nbsp;&nbsp;&nbsp;&nbsp;99,00 € &nbsp;&nbsp;&nbsp;&nbsp;89,00 €&nbsp;<br>2030&nbsp;&nbsp;&nbsp;&nbsp;Jahreshoroskop 2024&nbsp;&nbsp;&nbsp;&nbsp;99,00 € &nbsp;&nbsp;&nbsp;&nbsp;89,00 €&nbsp;<br>2040&nbsp;&nbsp;&nbsp;&nbsp;(Selbst-) Liebe &amp; Leidenschaft Spell Candle&nbsp;&nbsp;&nbsp;&nbsp;45,00 € &nbsp;&nbsp;&nbsp;&nbsp;32,00 €&nbsp;<br>2050&nbsp;&nbsp;&nbsp;&nbsp;Erfolg &amp; Reichtum Spell Candle&nbsp;&nbsp;&nbsp;&nbsp;45,00 € &nbsp;&nbsp;&nbsp;&nbsp;32,00 €&nbsp;<br>2060&nbsp;&nbsp;&nbsp;&nbsp;Set: Spell Candle Liebe &amp; Erfolg&nbsp;&nbsp;&nbsp;&nbsp;90,00 € &nbsp;&nbsp;&nbsp;&nbsp;56,00 €&nbsp;<br>2070&nbsp;&nbsp;&nbsp;&nbsp;Doppelberatung: Sterne küssen Karten&nbsp;&nbsp;&nbsp;&nbsp;294,00 € &nbsp;&nbsp;&nbsp;&nbsp;189,00 €&nbsp;<br><br data-cke-filler="true"></p>	2023-08-05 19:55:28.059562+02
27	<p>Herzlich Willkommen bei HelloGuest Solutions, wie kann ich Ihnen weiterhelfen?</p>	<h4><strong>Wir nehmen hier im Formular KEINE Technischen Probleme oder Anfragen auf.</strong><br><strong>Dafür bitte das Ticketsystem “Customer Service Center” nutzen.</strong></h4><p><strong><br data-cke-filler="true"></strong></p><p><strong>Bitte um Vorqualifizierung/Verifizierung der eingehenden Anrufe:</strong></p><ol><li>handelt es sich um einen bestehenden Kunden?</li><li>handelt es sich um technische Probleme?</li></ol><p>Falls eine dieser Fragen mit "Ja" beantwortet wird, weisen Sie den Anrufer bitte darauf hin, dass er ein Ticket im Ticketsystem eröffnen soll.<br>Das Ticketsystem nennt sich Customer Service Center.<br>Bitte weisen Sie darauf hin, dass technische Anfragen und Anfragen zu laufenden technischen Vorgängen telefonisch leider nicht bearbeitet werden können.</p>	2023-10-23 17:11:54.774517+02
32	<p>Herzlich willkommen bei Herrn Schmack meine Name ist ……. Wie darf ich Ihnen Helfen</p>	<p>Ganz wichtig ist immer <strong>E-Mail</strong> und <strong>Telefonnummer</strong></p>	2024-01-04 13:14:27.043852+01
23	<p>BBU PROJEKT, Guten Morgen/Guten Tag/Hallo</p>	<p><br data-cke-filler="true"></p>	2023-08-05 20:32:47.322985+02
\.


--
-- Data for Name: dashboard_general_info_destination; Type: TABLE DATA; Schema: public; Owner: pi
--

COPY public.dashboard_general_info_destination (id, general_info_id, destinations_id) FROM stdin;
2	3	1
3	8	2
4	9	3
7	12	4
8	13	5
9	14	10
10	15	11
11	16	13
12	17	15
13	18	16
14	19	17
15	20	18
16	21	19
17	22	20
18	23	21
19	24	14
20	25	23
21	26	27
22	27	30
23	28	32
24	29	31
25	30	33
26	31	28
\.


--
-- Data for Name: dashboard_invoices; Type: TABLE DATA; Schema: public; Owner: pi
--

COPY public.dashboard_invoices (id, invoice_number, date_created) FROM stdin;
6	10000	2023-12-09 16:11:13.698712+01
7	10001	2023-12-09 16:11:29.162852+01
8	10002	2023-12-09 16:12:05.868566+01
9	10003	2023-12-09 16:17:20.424798+01
10	10004	2023-12-09 16:17:55.458787+01
11	10005	2023-12-09 16:18:42.831127+01
12	10006	2023-12-09 16:30:28.039324+01
13	10007	2023-12-09 16:30:50.306273+01
14	10008	2023-12-09 16:33:36.210047+01
15	10009	2023-12-09 16:38:01.48953+01
16	10010	2023-12-09 16:42:32.353592+01
17	10011	2023-12-09 16:43:02.824712+01
18	10012	2023-12-09 16:43:21.582708+01
19	10013	2023-12-11 13:13:49.492613+01
20	10014	2023-12-11 13:13:49.621308+01
21	10015	2023-12-11 13:13:49.726747+01
22	10016	2023-12-11 13:13:49.771464+01
23	10017	2023-12-11 13:13:49.850351+01
24	10018	2023-12-11 13:13:50.392839+01
25	10019	2023-12-11 13:14:26.04349+01
26	10020	2023-12-11 14:11:32.73291+01
27	10021	2023-12-11 23:46:16.235977+01
28	10022	2023-12-11 23:59:05.654674+01
29	10023	2023-12-11 23:59:22.18512+01
30	10024	2023-12-12 00:02:06.89572+01
31	10025	2023-12-12 00:04:16.949802+01
32	10026	2023-12-12 00:04:23.318156+01
33	10027	2023-12-12 00:07:08.623431+01
34	10028	2023-12-12 00:08:46.194039+01
35	10029	2023-12-12 00:15:02.462611+01
36	10030	2023-12-12 00:17:21.308128+01
37	10031	2023-12-12 00:23:13.073147+01
38	10032	2023-12-12 00:23:17.151076+01
39	10033	2023-12-12 00:23:21.883819+01
40	10034	2023-12-12 00:25:04.592575+01
41	10035	2023-12-12 00:25:11.084611+01
42	10036	2023-12-12 00:26:25.098494+01
43	10037	2023-12-12 00:32:07.358158+01
44	10038	2023-12-12 12:20:29.127777+01
45	10039	2023-12-12 12:22:28.591207+01
46	10040	2023-12-12 12:23:04.715658+01
47	10041	2023-12-12 12:23:56.361893+01
48	10042	2023-12-27 18:26:32.464563+01
49	10043	2024-01-12 15:47:48.592647+01
50	10044	2024-01-12 16:04:33.920991+01
51	10045	2024-01-12 16:05:15.047997+01
52	10046	2024-01-12 16:09:02.98982+01
53	10047	2024-01-12 16:11:45.754121+01
54	10048	2024-01-12 16:13:19.873005+01
55	10049	2024-01-12 16:17:57.878116+01
56	10050	2024-01-12 16:20:44.537852+01
57	10051	2024-01-12 16:21:54.892657+01
58	10052	2024-01-12 16:23:05.518511+01
59	10053	2024-01-12 16:24:07.273652+01
60	10054	2024-01-12 16:25:24.205384+01
61	10055	2024-01-12 16:27:03.56197+01
62	10056	2024-01-12 20:43:39.050297+01
63	10057	2024-01-12 20:44:39.260694+01
64	10058	2024-01-12 20:47:28.815855+01
65	10059	2024-01-12 20:49:27.9785+01
66	10060	2024-01-12 20:52:26.218207+01
\.


--
-- Data for Name: dashboard_invoices_destinations; Type: TABLE DATA; Schema: public; Owner: pi
--

COPY public.dashboard_invoices_destinations (id, invoices_id, destinations_id) FROM stdin;
3	6	28
4	6	29
5	7	28
6	7	29
7	8	28
8	8	29
9	9	28
10	9	29
11	10	28
12	11	28
13	12	28
14	12	29
15	13	28
16	14	12
17	15	12
18	16	12
19	17	12
20	18	28
21	18	29
22	19	34
23	20	34
24	21	34
25	22	34
26	23	34
27	24	34
28	25	29
29	26	29
30	27	1
31	27	9
32	28	1
33	28	9
34	29	1
35	29	9
36	30	1
37	30	9
38	31	1
39	31	9
40	32	1
41	32	9
42	33	1
43	33	9
44	34	1
45	34	9
46	35	29
47	36	34
48	36	35
49	36	28
50	36	29
51	37	34
52	37	35
53	37	28
54	37	29
55	38	34
56	38	35
57	38	28
58	38	29
59	39	34
60	39	35
61	39	28
62	39	29
63	40	34
64	40	35
65	40	28
66	40	29
67	41	34
68	41	35
69	41	28
70	41	29
71	42	34
72	42	35
73	42	28
74	42	29
75	43	34
76	43	35
77	43	28
78	43	29
79	44	34
80	45	35
81	46	34
82	47	34
83	47	35
84	47	28
85	47	29
86	48	36
87	49	34
88	50	35
89	51	34
90	52	34
91	53	34
92	54	34
93	55	34
94	56	34
95	57	34
96	58	34
97	59	34
98	60	34
99	61	34
100	62	36
101	63	36
102	64	36
103	65	36
104	66	36
\.


--
-- Data for Name: dashboard_invoices_user; Type: TABLE DATA; Schema: public; Owner: pi
--

COPY public.dashboard_invoices_user (id, invoices_id, client_id) FROM stdin;
1	7	29
2	8	29
3	9	29
4	10	29
5	11	29
6	12	29
7	13	29
8	14	11
9	15	11
10	16	11
11	17	11
12	18	29
13	19	29
14	20	29
15	21	29
16	22	29
17	23	29
18	24	29
19	25	29
20	26	29
21	27	1
22	28	1
23	29	1
24	30	1
25	31	1
26	32	1
27	33	1
28	34	1
29	35	29
30	36	29
31	37	29
32	38	29
33	39	29
34	40	29
35	41	29
36	42	29
37	43	29
38	44	29
39	45	29
40	46	29
41	47	29
42	48	29
43	49	29
44	50	29
45	51	29
46	52	29
47	53	29
48	54	29
49	55	29
50	56	29
51	57	29
52	58	29
53	59	29
54	60	29
55	61	29
56	62	29
57	63	29
58	64	29
59	65	29
60	66	29
\.


--
-- Data for Name: dashboard_user_forms; Type: TABLE DATA; Schema: public; Owner: pi
--

COPY public.dashboard_user_forms (id, name, cid, date_created, emails) FROM stdin;
48	lichte		2023-08-05 19:49:47.714979+02	{"Zentrale": "ab@lichte.email"}
61	uberform		2023-08-24 21:39:59.637169+02	{"Zentrale": "info@innovicom.de"}
80	schmackform		2024-01-04 16:26:14.391052+01	{"Standard": "kontakt@schmack.net"}
50	innosoft		2023-08-05 19:59:58.686494+02	{"Support": "support@innosoft.de", "Sales (für Interessenten)": "sales@innosoft.de", "Phone (für alles, was nicht passt)": "phone@innosoft.de"}
54	mfl		2023-08-05 20:26:46.541027+02	{"Zentrale": "mail@leaseandbuy.de"}
56	rebel		2023-08-05 20:47:41.061505+02	{"Zentrale": "hello@rebelrecruiting.com"}
53	tiergarant		2023-08-05 20:19:30.714562+02	{"Zentrale": "info@petplan.de"}
81	anrufinfo		2024-01-30 21:35:28.567469+01	{"Zentrale": "telefonnotiz@empuron.com"}
71	protekto		2023-11-10 10:13:08.699479+01	{"Zentrale": "sprechstunde@protekto.group"}
55	bbu		2023-08-05 20:32:27.583034+02	{"Student": "office@bbu-projekt.com", "Ruf, Dilek": "dilek.ruf@bbu-projekt.com", "Daka, Lydia": "daka@bbu-projekt.com", "Weimer, Ines": "weimer@bbu-projekt.com", "Burau, Daniel": "burau@bbu-projekt.com", "Hühl, Dagmar": "huehl@bbu-projekt.com", "Peters, Helge": "peters@bbu-projekt.com", "Shaaban, Razan": "shaaban@bbu-projekt.com", "Tillmann, Marc": "tilmann@bbu-projekt.com", "Hanoglu, Tayfun": "hanoglu@bbu-projekt.com", "Jordan, Matthias": "jordan@bbu-projekt.com", "Kober, Katharina": "kober@bbu-projekt.com", "Langeroudi, Tina": "langeroudi@bbu-projekt.com", "Zentrale (office)": "office@bbu-projekt.com", "Brandstäter, Julia": "brandstaeter@bbu-projekt.com", "Shulyatiev, Vladimir": "shulyatiev@bbu-projekt.com"}
57	graewe		2023-08-05 20:54:15.184408+02	{"Zentrale": "service@graewe-shop.de"}
63	petplan-2		2023-09-05 10:05:11.607148+02	{"Zentrale": "telefon@petplan.de"}
62	figo_3		2023-09-04 08:40:24.656328+02	{"Zentrale": "telefon@figopet.de"}
58	hvb		2023-08-13 13:34:29.745501+02	{"Zentrale": "kueppers@hvb-hv.de", "Buchhaltung": "schiefer@hvb-hv.de", "Objektbetreuung": "kueppers@hvb-hv.de", "Geschäftsführer (GF)": "kueppers@hvb-hv.de"}
38	beda_2		2023-07-25 19:02:00.932906+02	{"Allgemein": "call-tele24@beda-pflege.de", "Buchhaltung": "re-schilling@beda-pflege.de"}
51	pohl		2023-08-05 20:06:42.978323+02	{"Pohl Service": "stp@pohl-service.eu,mw@pohl-service.eu", "Pohl Solar GmbH": "sp@pohl-solar.de,mw@pohl-solar.de,mw@pohl-service.eu,ds@pohl-solar.de"}
12	heinze_1		2023-07-11 10:12:45.360606+02	{"Allgemein": "schueco-id@heinze.de"}
36	figo_2		2023-07-19 10:20:46.376584+02	{"Figo Zentrale": "info@figopet.de"}
67	new_testn		2023-10-22 20:41:51.17965+02	{"Vaibhav": "vaibhav28890@gmail.com", "Vaibhav v": "vaibhav0249@gmail.com"}
72	ebverwaltung		2023-11-28 11:22:11.509278+01	{"Test": "info@innovicom.de"}
69	dynamic_form1		2023-11-06 22:42:12.170421+01	{"Vaibhav": "vaibhav28890@gmail.com"}
46	kundk		2023-08-05 19:15:46.938844+02	{"Zentrale": "info@kk-software.de"}
33	final_form		2023-07-16 14:28:56.741285+02	{"User 1": "vaibhav28890@gmail.com,friday8229@gmail.com", "User 2": "new@gmail.com,new2@gmail.com"}
47	new_test		2023-08-05 19:33:49.908838+02	{}
73	fromthesky-2		2023-12-05 18:53:11.504613+01	{"Zentrale": "timo_wagenbach@web.de"}
74	test1		2023-12-12 01:04:12.583243+01	{"Vaibhav": "vaibhav28890@gmail.com"}
70	empuron		2023-11-07 15:20:25.186573+01	{"Zentrale": "telefonnotiz@empuron.com"}
75	test2		2023-12-12 02:07:47.064346+01	{"Vaibhav": "vaibhav28890@gmail.com"}
68	hello1		2023-10-23 17:05:20.750309+02	{"Zentrale": "customer-service@helloguest.com"}
76	test3		2023-12-12 02:28:10.980583+01	{"Vaibhav": "vaibhav28890@gmail.com"}
77	test4		2023-12-12 02:30:37.843728+01	{"Vaibahv": "vaibhav28890@gmail.com"}
78	test-autofill-1		2023-12-24 17:00:56.202664+01	{"Test": "info@innovicom.de"}
43	kapitza		2023-08-05 16:36:21.910304+02	{"Zentrale": "post@zahnpraxis-kapitza.de"}
\.


--
-- Data for Name: dashboard_user_forms_destination; Type: TABLE DATA; Schema: public; Owner: pi
--

COPY public.dashboard_user_forms_destination (id, user_forms_id, destinations_id) FROM stdin;
11	12	3
32	33	1
34	36	4
36	38	5
41	43	11
44	46	10
45	47	1
46	48	13
48	50	16
49	51	17
51	53	19
52	54	20
53	55	21
54	56	14
55	57	18
56	58	23
59	61	27
60	62	4
61	63	19
64	67	9
65	68	30
66	69	1
67	70	32
68	71	31
70	72	33
71	73	15
72	74	1
73	75	1
74	76	9
75	77	9
76	78	28
79	81	32
80	80	38
\.


--
-- Data for Name: dashboard_user_forms_form_client; Type: TABLE DATA; Schema: public; Owner: pi
--

COPY public.dashboard_user_forms_form_client (id, user_forms_id, client_id) FROM stdin;
11	12	3
31	33	1
34	36	5
36	38	8
41	43	10
44	46	9
45	47	1
46	48	12
48	50	15
49	51	16
51	53	18
52	54	19
53	55	20
54	56	13
55	57	17
56	58	23
59	61	24
60	62	5
61	63	18
65	67	1
66	68	30
67	69	1
68	70	32
69	71	31
70	72	33
71	73	14
72	74	1
73	75	1
74	76	1
75	77	1
76	78	29
78	80	34
79	81	32
\.


--
-- Data for Name: dashboard_usercontact; Type: TABLE DATA; Schema: public; Owner: pi
--

COPY public.dashboard_usercontact (id, name, email, date_created, phone) FROM stdin;
1	Contact 1	contact1@gmail.com	2023-07-04 20:17:07.986736+02	873625412312
2	Contact 2	contact2@gmail.com	2023-07-04 20:34:36.751677+02	321323423123
\.


--
-- Data for Name: dashboard_usercontact_destination; Type: TABLE DATA; Schema: public; Owner: pi
--

COPY public.dashboard_usercontact_destination (id, usercontact_id, destinations_id) FROM stdin;
1	1	1
2	2	1
\.


--
-- Data for Name: dashboard_usercontact_user; Type: TABLE DATA; Schema: public; Owner: pi
--

COPY public.dashboard_usercontact_user (id, usercontact_id, client_id) FROM stdin;
1	1	1
2	2	1
\.


--
-- Data for Name: dashboard_userorder; Type: TABLE DATA; Schema: public; Owner: pi
--

COPY public.dashboard_userorder (id, order_id, date_created, status) FROM stdin;
2	51351	2023-07-07 21:08:26.964157+02	pending
1	34231	2023-07-05 14:51:20.892734+02	pending
3	23122	2023-07-30 21:11:35.329266+02	pending
\.


--
-- Data for Name: dashboard_userorder_product; Type: TABLE DATA; Schema: public; Owner: pi
--

COPY public.dashboard_userorder_product (id, userorder_id, userproduct_id) FROM stdin;
1	1	3
2	2	4
3	3	4
\.


--
-- Data for Name: dashboard_userorder_user; Type: TABLE DATA; Schema: public; Owner: pi
--

COPY public.dashboard_userorder_user (id, userorder_id, client_id) FROM stdin;
1	1	1
2	2	1
3	3	1
\.


--
-- Data for Name: dashboard_userproduct; Type: TABLE DATA; Schema: public; Owner: pi
--

COPY public.dashboard_userproduct (id, name, number, sales_price, purchase_price, date_created, other, shipping, tax, status) FROM stdin;
4	Item 2	2312	160	80	2023-07-04 20:35:20.797903+02	20	20	20	f
5	product 1	3212312	80	40	2023-07-07 20:46:59.016147+02	10	10	10	f
6	product1	232122	80	40	2023-07-07 20:47:28.846078+02	10	10	10	f
3	Item 1	3213	80	10	2023-07-04 20:32:43.933227+02	10	10	10	t
\.


--
-- Data for Name: dashboard_userproduct_destination; Type: TABLE DATA; Schema: public; Owner: pi
--

COPY public.dashboard_userproduct_destination (id, userproduct_id, destinations_id) FROM stdin;
1	3	1
2	4	1
3	6	2
\.


--
-- Data for Name: dashboard_userproduct_user; Type: TABLE DATA; Schema: public; Owner: pi
--

COPY public.dashboard_userproduct_user (id, userproduct_id, client_id) FROM stdin;
3	3	1
4	4	1
5	5	2
6	6	2
\.


--
-- Data for Name: django_admin_log; Type: TABLE DATA; Schema: public; Owner: pi
--

COPY public.django_admin_log (id, action_time, object_id, object_repr, action_flag, change_message, content_type_id, user_id) FROM stdin;
1	2023-07-04 20:54:10.688983+02	1	info 1	1	[{"added": {}}]	7	1
2	2023-07-04 20:54:37.016233+02	2	info 2	1	[{"added": {}}]	7	1
3	2023-07-04 20:54:59.438387+02	2	info 2	3		7	1
4	2023-07-04 20:54:59.441373+02	1	info 1	3		7	1
5	2023-07-05 11:19:04.427605+02	3	Info 1	1	[{"added": {}}]	7	1
6	2023-07-05 11:20:00.170808+02	4	info 2	1	[{"added": {}}]	7	1
7	2023-07-05 13:40:21.342833+02	2	None	3		15	1
8	2023-07-05 13:40:21.346521+02	1	None	3		15	1
9	2023-07-05 14:50:57.009444+02	2	Item 1	3		11	1
10	2023-07-05 14:50:57.012967+02	1	Item 1	3		11	1
11	2023-07-05 14:51:20.901103+02	1	None	1	[{"added": {}}]	12	1
12	2023-07-07 16:46:54.684578+02	1	test_form	3		16	1
13	2023-07-07 17:51:00.187352+02	2	test_form	2	[{"changed": {"fields": ["Cid"]}}]	16	1
14	2023-07-07 21:08:26.968949+02	2	51351	1	[{"added": {}}]	12	1
15	2023-07-07 21:08:39.48436+02	1	34234	2	[{"changed": {"fields": ["Order id"]}}]	12	1
16	2023-07-07 21:08:46.592857+02	1	3423	2	[{"changed": {"fields": ["Order id"]}}]	12	1
17	2023-07-07 21:08:53.44421+02	1	34231	2	[{"changed": {"fields": ["Order id"]}}]	12	1
18	2023-07-14 20:11:04.274161+02	11	my welcome text	3		15	1
19	2023-07-14 20:11:04.276959+02	10	my welcome text	3		15	1
20	2023-07-14 20:11:13.760399+02	7	my text	3		15	1
21	2023-07-14 20:11:13.762647+02	6	my text	3		15	1
22	2023-07-14 20:11:13.763554+02	5	my text	3		15	1
23	2023-07-15 17:44:57.921089+02	17	form_test	2	[{"changed": {"fields": ["Emails", "Cid"]}}]	16	1
24	2023-07-15 17:45:18.422448+02	17	form_test	2	[{"changed": {"fields": ["Emails"]}}]	16	1
25	2023-07-15 19:39:45.418678+02	29	et8	2	[{"changed": {"fields": ["Name", "Emails", "Cid"]}}]	16	1
26	2023-07-15 19:47:33.593175+02	29	et8	3		16	1
27	2023-07-15 19:47:33.597055+02	28	et7	3		16	1
28	2023-07-15 19:47:33.59865+02	27	et6	3		16	1
29	2023-07-15 19:47:33.599856+02	26	et5	3		16	1
30	2023-07-15 19:47:33.601192+02	25	et4	3		16	1
31	2023-07-15 19:47:33.602414+02	24	et2	3		16	1
32	2023-07-15 19:47:33.603665+02	23	et3	3		16	1
33	2023-07-15 19:47:33.604731+02	22	et1	3		16	1
34	2023-07-15 19:47:33.605746+02	21	et	3		16	1
35	2023-07-15 19:47:33.606765+02	20	email_test	3		16	1
36	2023-07-15 19:47:33.608245+02	18	email_testform	3		16	1
37	2023-07-15 19:47:33.609343+02	15	some_test1	3		16	1
38	2023-07-15 19:47:33.610448+02	14	yet_another	3		16	1
39	2023-07-15 19:47:33.611551+02	13	some_form	3		16	1
40	2023-07-15 19:47:33.612709+02	10	test_5	3		16	1
41	2023-07-15 19:47:33.613941+02	9	value_test	3		16	1
42	2023-07-15 19:47:33.614972+02	8	another_test	3		16	1
43	2023-07-15 19:47:33.615996+02	7	test1	3		16	1
44	2023-07-15 19:47:33.617022+02	6	new_test	3		16	1
45	2023-07-15 19:47:33.618014+02	5	new_form	3		16	1
46	2023-07-15 19:47:33.618983+02	4	test_form1	3		16	1
47	2023-07-15 19:47:33.620018+02	3	test_form2	3		16	1
48	2023-07-15 20:17:50.331682+02	31	email_test	3		16	1
49	2023-07-15 20:17:50.334605+02	30	et9	3		16	1
50	2023-07-16 14:26:51.76672+02	32	t1	3		16	1
51	2023-07-16 14:26:51.769456+02	17	form_test	3		16	1
52	2023-07-16 14:26:51.770584+02	16	multifunctional_form	3		16	1
53	2023-07-16 14:26:51.771534+02	2	test_form	3		16	1
54	2023-07-25 19:07:22.505871+02	5	53719455202	2	[{"changed": {"fields": ["Name", "Email"]}}]	10	1
55	2023-07-25 19:08:01.54786+02	5	53719455202	2	[{"changed": {"fields": ["Name"]}}]	10	1
56	2023-07-25 20:51:21.230838+02	6	53719451733	3		10	1
57	2023-07-25 20:55:31.415752+02	7	53719451733	3		10	1
58	2023-07-25 20:57:33.037712+02	8	53719451733	3		10	1
59	2023-07-30 21:11:35.333237+02	3	23122	1	[{"added": {}}]	12	1
60	2023-09-16 16:40:16.824741+02	23	test@test.com	3		4	1
61	2023-09-16 16:40:16.829719+02	22	testuser21@gmail.com	3		4	1
62	2023-09-16 16:40:16.83138+02	26	testuser@gmail.com	3		4	1
63	2023-09-16 16:42:11.135706+02	27	testuser@gmail.com	3		4	1
64	2023-09-16 16:44:40.779064+02	28	testuser@gmail.com	3		4	1
65	2023-09-22 20:27:49.613276+02	41	text_test	2	[{"changed": {"fields": ["Name", "Cid"]}}]	16	1
66	2023-09-22 20:30:03.715494+02	41	text_test	2	[{"changed": {"fields": ["Emails"]}}]	16	1
67	2023-10-23 16:00:10.56788+02	30	helloguest@innovicom.de	2	[{"changed": {"fields": ["Place", "Tax num"]}}]	9	1
68	2023-11-27 22:13:32.449108+01	29	marcel@nexxone.de	2	[{"changed": {"fields": ["Call price", "Free calls", "Free mins"]}}]	9	1
69	2023-12-06 10:08:11.343458+01	2	53719451738	2	[{"changed": {"fields": ["Email", "Free call"]}}]	10	1
70	2023-12-06 10:08:39.018769+01	2	53719451738	2	[{"changed": {"fields": ["Price percall", "Free calls", "Free mins", "Monthly fes", "Monthly fee", "Free min"]}}]	10	1
71	2023-12-06 10:09:10.47234+01	2	53719451738	2	[{"changed": {"fields": ["Call price"]}}]	10	1
72	2023-12-09 16:10:07.596964+01	1	10000	3		18	1
73	2023-12-09 16:33:18.336691+01	22	53719455215	3		10	1
74	2023-12-10 21:15:41.057488+01	1		3		19	1
75	2023-12-10 21:17:53.937387+01	2		3		19	1
76	2023-12-12 01:15:29.855039+01	153	blaze	3		17	1
77	2023-12-12 01:15:29.857487+01	152	'phone_number'	3		17	1
78	2023-12-12 01:15:29.858351+01	151	022419009343	3		17	1
79	2023-12-12 01:15:29.859085+01	150	015114098974	3		17	1
80	2023-12-12 01:15:29.859832+01	149	01722505869	3		17	1
81	2023-12-12 01:15:29.860758+01	148	01794567157	3		17	1
82	2023-12-12 01:15:29.861459+01	147	pohl@innovicom.de	3		17	1
83	2023-12-12 01:15:29.862093+01	146	01702844384	3		17	1
84	2023-12-12 01:15:29.862775+01	145	051369759541	3		17	1
85	2023-12-12 01:15:29.863414+01	144	017647952323	3		17	1
86	2023-12-12 01:15:29.864038+01	143	015256708427	3		17	1
87	2023-12-12 01:15:29.864773+01	142	022419053348	3		17	1
88	2023-12-12 01:15:29.865408+01	141	017681449018	3		17	1
89	2023-12-12 01:15:29.866148+01	140	022412326949	3		17	1
90	2023-12-12 01:15:29.866789+01	139	022412326949	3		17	1
91	2023-12-12 01:15:29.867451+01	138	022412326949	3		17	1
92	2023-12-12 01:15:29.868376+01	137	pohl@innovicom.de	3		17	1
93	2023-12-12 01:15:29.869497+01	136	01638565230	3		17	1
94	2023-12-12 01:15:29.870338+01	135	pohl@innovicom.de	3		17	1
95	2023-12-12 01:15:29.871016+01	134	015123370232	3		17	1
96	2023-12-12 01:15:29.872765+01	133	7463746232	3		17	1
97	2023-12-12 01:15:29.874064+01	132	01781782327	3		17	1
98	2023-12-12 01:15:29.875494+01	131	pohl@innovicom.de	3		17	1
99	2023-12-12 01:15:29.876236+01	130	1234	3		17	1
100	2023-12-12 01:15:29.876913+01	129	1234	3		17	1
101	2023-12-12 01:15:29.877606+01	128	021515665552	3		17	1
102	2023-12-12 01:15:29.880033+01	127	069247415830	3		17	1
103	2023-12-12 01:15:29.880785+01	126	015167706261	3		17	1
104	2023-12-12 01:15:29.881509+01	125	graewe@innovicom.de	3		17	1
105	2023-12-12 01:15:29.88221+01	124	04221156167	3		17	1
106	2023-12-12 01:15:29.882875+01	123	mfl@innovicom.de	3		17	1
107	2023-12-12 01:15:29.883576+01	122	042218507979	3		17	1
108	2023-12-12 01:15:29.884243+01	121	01737339453	3		17	1
109	2023-12-12 01:15:29.884912+01	120	mfl@innovicom.de	3		17	1
110	2023-12-12 01:15:29.885636+01	119	042442317	3		17	1
111	2023-12-12 01:15:29.886323+01	118	022411681243	3		17	1
112	2023-12-12 01:15:29.886994+01	117	015771970377	3		17	1
113	2023-12-12 01:15:29.887677+01	116	015781058854	3		17	1
114	2023-12-12 01:15:29.888388+01	115	01794201322	3		17	1
115	2023-12-12 01:15:29.889062+01	114	mfl@innovicom.de	3		17	1
116	2023-12-12 01:15:29.88976+01	113	0224121926	3		17	1
117	2023-12-12 01:15:29.89044+01	112	hvb@innovicom.de	3		17	1
118	2023-12-12 01:15:29.891106+01	111	017630155487	3		17	1
119	2023-12-12 01:15:29.891881+01	110	0228474970	3		17	1
120	2023-12-12 01:15:29.892696+01	109	015123370232	3		17	1
121	2023-12-12 01:15:29.893434+01	108	0228474970	3		17	1
122	2023-12-12 01:15:29.894116+01	107	015114038327	3		17	1
123	2023-12-12 01:15:29.894794+01	106	015114038327	3		17	1
124	2023-12-12 01:15:29.895576+01	105	mfl@innovicom.de	3		17	1
125	2023-12-12 01:15:29.896308+01	104	mfl@innovicom.de	3		17	1
126	2023-12-12 01:15:29.896988+01	103	mfl@innovicom.de	3		17	1
127	2023-12-12 01:15:29.897689+01	102	01792162561	3		17	1
128	2023-12-12 01:15:29.898367+01	101	015115775298	3		17	1
129	2023-12-12 01:15:29.899066+01	100	01711288899	3		17	1
130	2023-12-12 01:15:29.899758+01	99	0041414170192	3		17	1
131	2023-12-12 01:15:29.900428+01	98	017657773165	3		17	1
132	2023-12-12 01:15:29.901124+01	97	01773079387	3		17	1
133	2023-12-12 01:15:29.901909+01	96	051116844317	3		17	1
134	2023-12-12 01:15:29.902666+01	95	022419009343	3		17	1
135	2023-12-12 01:15:29.903366+01	94	02241881299	3		17	1
136	2023-12-12 01:15:29.904071+01	93	015219520247	3		17	1
137	2023-12-12 01:15:29.904789+01	92	017672759105	3		17	1
138	2023-12-12 01:15:29.905462+01	91	022419739960	3		17	1
139	2023-12-12 01:15:29.90625+01	90	0405478754	3		17	1
140	2023-12-12 01:15:29.907021+01	89	015787724023	3		17	1
141	2023-12-12 01:15:29.907709+01	88	022412530642	3		17	1
142	2023-12-12 01:15:29.908427+01	87	06232980220	3		17	1
143	2023-12-12 01:15:29.909118+01	86	01637980000	3		17	1
144	2023-12-12 01:15:29.90982+01	85	graewe@innovicom.de	3		17	1
145	2023-12-12 01:15:29.910494+01	84	05118201240	3		17	1
146	2023-12-12 01:15:29.911161+01	83	015162629544	3		17	1
147	2023-12-12 01:15:29.911862+01	82	01782127599	3		17	1
148	2023-12-12 01:15:29.91256+01	81	01754112163	3		17	1
149	2023-12-12 01:15:29.913302+01	80	01605513676	3		17	1
150	2023-12-12 01:15:29.913952+01	79	08974443898	3		17	1
151	2023-12-12 01:15:29.914637+01	78	01635746327	3		17	1
152	2023-12-12 01:15:29.915293+01	77	01737339453	3		17	1
153	2023-12-12 01:15:29.916073+01	76	0245191130807	3		17	1
154	2023-12-12 01:15:29.916723+01	75	01776561509	3		17	1
155	2023-12-12 01:15:29.917523+01	74	022182007820	3		17	1
156	2023-12-12 01:15:29.918216+01	73	022086041	3		17	1
157	2023-12-12 01:15:29.918849+01	72	040227465220	3		17	1
158	2023-12-12 01:15:29.919498+01	71	0228647108	3		17	1
159	2023-12-12 01:15:29.920138+01	70	0228470762	3		17	1
160	2023-12-12 01:15:29.920802+01	69	042237075907	3		17	1
161	2023-12-12 01:15:29.921467+01	68	022131092633	3		17	1
162	2023-12-12 01:15:29.922077+01	67	0048123348743	3		17	1
163	2023-12-12 01:15:29.922721+01	66	0228350650	3		17	1
164	2023-12-12 01:15:29.923337+01	65	05112858010	3		17	1
165	2023-12-12 01:15:29.923964+01	64	022454949	3		17	1
166	2023-12-12 01:15:29.924602+01	63	022419735019	3		17	1
167	2023-12-12 01:15:29.92534+01	62	015156171557	3		17	1
168	2023-12-12 01:15:29.926844+01	61	0422113902	3		17	1
169	2023-12-12 01:15:29.927502+01	60	mfl@innovicom.de	3		17	1
170	2023-12-12 01:15:29.928186+01	59	015115775298	3		17	1
171	2023-12-12 01:15:29.929799+01	58	tiergarant@innovicom.de	3		17	1
172	2023-12-12 01:15:29.930518+01	57	01702731758	3		17	1
173	2023-12-12 01:15:29.931219+01	56	015115775298	3		17	1
174	2023-12-12 01:15:29.931937+01	55	graewe@innovicom.de	3		17	1
175	2023-12-12 01:15:29.932609+01	54	mfl@innovicom.de	3		17	1
176	2023-12-12 01:15:45.446117+01	53	01749730335	3		17	1
177	2023-12-12 01:15:45.448106+01	52	mfl@innovicom.de	3		17	1
178	2023-12-12 01:15:45.449031+01	51	015773463151	3		17	1
179	2023-12-12 01:15:45.449816+01	50	01772132468	3		17	1
180	2023-12-12 01:15:45.450631+01	49	0202268621	3		17	1
181	2023-12-12 01:15:45.451443+01	48	'phone_number'	3		17	1
182	2023-12-12 01:15:45.45217+01	47	015730010776	3		17	1
183	2023-12-12 01:15:45.452873+01	46	015207595260	3		17	1
184	2023-12-12 01:15:45.453767+01	45	015733352301	3		17	1
185	2023-12-12 01:15:45.454441+01	44	015787724023	3		17	1
186	2023-12-12 01:15:45.45513+01	43	01634492828	3		17	1
187	2023-12-12 01:15:45.455894+01	42	01752428880	3		17	1
188	2023-12-12 01:15:45.456601+01	41	01727699405	3		17	1
189	2023-12-12 01:15:45.457296+01	40	016095696873	3		17	1
190	2023-12-12 01:15:45.45797+01	39	mfl@innovicom.de	3		17	1
191	2023-12-12 01:15:45.458755+01	38	015144923894	3		17	1
192	2023-12-12 01:15:45.459466+01	37	09721970013	3		17	1
193	2023-12-12 01:15:45.460161+01	36	015786788876	3		17	1
194	2023-12-12 01:15:45.46085+01	35	016094490467	3		17	1
195	2023-12-12 01:15:45.461505+01	34	hvb@innovicom.de	3		17	1
196	2023-12-12 01:15:45.462156+01	33	07117654610	3		17	1
197	2023-12-12 01:15:45.462883+01	32	07117654610	3		17	1
198	2023-12-12 01:15:45.463556+01	31	0222513388	3		17	1
199	2023-12-12 01:15:45.464241+01	30	022844641870	3		17	1
200	2023-12-12 01:15:45.464892+01	29	0991383137339	3		17	1
201	2023-12-12 01:15:45.465547+01	28	021154415352	3		17	1
202	2023-12-12 01:15:45.466244+01	27	0228350650	3		17	1
203	2023-12-12 01:15:45.466884+01	26	022818034985	3		17	1
204	2023-12-12 01:15:45.46761+01	25	0228311820	3		17	1
205	2023-12-12 01:15:45.468267+01	24	02241202561	3		17	1
206	2023-12-12 01:15:45.468908+01	23	03081097722	3		17	1
207	2023-12-12 01:15:45.469727+01	22	mfl@innovicom.de	3		17	1
208	2023-12-12 01:15:45.470533+01	21	01743489400	3		17	1
209	2023-12-12 01:15:45.47119+01	20	01794552925	3		17	1
210	2023-12-12 01:15:45.471864+01	19	022254040	3		17	1
211	2023-12-12 01:15:45.472556+01	18	01631854739	3		17	1
212	2023-12-12 01:15:45.47326+01	17	01798111262	3		17	1
213	2023-12-12 01:15:45.473957+01	16	01636246666	3		17	1
214	2023-12-12 01:15:45.474633+01	15	02283695263	3		17	1
215	2023-12-12 01:15:45.475312+01	14	01785137672	3		17	1
216	2023-12-12 01:15:45.475981+01	13	02246909871	3		17	1
217	2023-12-12 01:15:45.476686+01	12	015733365355	3		17	1
218	2023-12-12 01:15:45.477846+01	11	mfl@innovicom.de	3		17	1
219	2023-12-12 01:15:45.478572+01	10	00359877249659	3		17	1
220	2023-12-12 01:15:45.479269+01	9	mfl@innovicom.de	3		17	1
221	2023-12-12 01:15:45.47996+01	8	022252748	3		17	1
222	2023-12-12 01:15:45.480719+01	7	022266337	3		17	1
223	2023-12-12 01:15:45.481389+01	6	044083088595	3		17	1
224	2023-12-12 01:15:45.482056+01	5	042156501901	3		17	1
225	2023-12-12 01:15:45.482688+01	4	0031208912984	3		17	1
226	2023-12-12 01:15:45.48338+01	3	062329806944	3		17	1
227	2023-12-12 01:15:45.484011+01	2	blaze	3		17	1
228	2023-12-12 01:15:45.484629+01	1	9283716352	3		17	1
229	2023-12-12 01:18:36.184103+01	155	blaze	3		17	1
230	2023-12-12 01:18:36.186949+01	154	blaze	3		17	1
231	2024-01-13 12:46:02.623857+01	37	53719455224	2	[{"changed": {"fields": ["Email", "Forward destination"]}}]	10	1
232	2024-01-13 13:11:12.766791+01	37	53719455224	2	[{"changed": {"fields": ["Forward destination"]}}]	10	1
233	2024-01-13 13:25:11.594213+01	36	53719455295	2	[{"changed": {"fields": ["Email", "Forward destination"]}}]	10	1
234	2024-02-11 14:47:01.39686+01	37	53719455224	3		10	1
235	2024-02-11 14:52:46.897479+01	1	53719451739/1423	2	[{"changed": {"fields": ["Number", "Email"]}}]	10	1
236	2024-02-11 14:53:08.144128+01	9	53719451733/1943	2	[{"changed": {"fields": ["Number", "Email"]}}]	10	1
237	2024-02-11 14:54:33.831481+01	36	53719455295/1100	2	[{"changed": {"fields": ["Number"]}}]	10	1
238	2024-02-11 14:54:39.075391+01	35	53719455294/1100	2	[{"changed": {"fields": ["Number", "Email"]}}]	10	1
239	2024-02-11 14:54:43.872702+01	34	53719455293/1100	2	[{"changed": {"fields": ["Number", "Email"]}}]	10	1
240	2024-02-11 14:54:49.196557+01	33	53719455292/1100	2	[{"changed": {"fields": ["Number", "Email"]}}]	10	1
241	2024-02-11 14:54:54.920885+01	32	53719455223/1100	2	[{"changed": {"fields": ["Number", "Email"]}}]	10	1
242	2024-02-11 14:55:13.548615+01	31	53719455222/1100	2	[{"changed": {"fields": ["Number", "Email"]}}]	10	1
243	2024-02-11 14:55:18.275469+01	30	53719455221/1100	2	[{"changed": {"fields": ["Number", "Email"]}}]	10	1
244	2024-02-11 14:55:22.759072+01	29	53719455291/1100	2	[{"changed": {"fields": ["Number", "Email"]}}]	10	1
245	2024-02-11 14:55:27.107983+01	28	53719455290/1100	2	[{"changed": {"fields": ["Number", "Email"]}}]	10	1
246	2024-02-11 14:55:32.427942+01	27	53719455220/1100	2	[{"changed": {"fields": ["Number", "Email"]}}]	10	1
247	2024-02-11 14:55:37.709096+01	26	53719455219/1100	2	[{"changed": {"fields": ["Number", "Email"]}}]	10	1
248	2024-02-11 14:55:53.796822+01	25	53719455218/1100	2	[{"changed": {"fields": ["Number", "Email"]}}]	10	1
249	2024-02-11 14:55:58.125512+01	24	53719455217/1100	2	[{"changed": {"fields": ["Number", "Email"]}}]	10	1
250	2024-02-11 14:56:02.445091+01	23	53719455216/1100	2	[{"changed": {"fields": ["Number", "Email"]}}]	10	1
251	2024-02-11 14:56:07.689162+01	21	53719455214/1100	2	[{"changed": {"fields": ["Number", "Email"]}}]	10	1
252	2024-02-11 14:56:12.004833+01	20	53719455213/1100	2	[{"changed": {"fields": ["Number", "Email"]}}]	10	1
253	2024-02-11 14:56:16.37096+01	19	53719455212/1100	2	[{"changed": {"fields": ["Number", "Email"]}}]	10	1
254	2024-02-11 14:56:22.311959+01	18	53719455211/1100	2	[{"changed": {"fields": ["Number", "Email"]}}]	10	1
255	2024-02-11 14:56:47.960435+01	17	53719455210/1100	2	[{"changed": {"fields": ["Number", "Email"]}}]	10	1
256	2024-02-11 14:56:53.543932+01	16	53719455209/1100	2	[{"changed": {"fields": ["Number", "Email"]}}]	10	1
257	2024-02-11 14:56:58.119807+01	15	53719455208/1100	2	[{"changed": {"fields": ["Number", "Email"]}}]	10	1
258	2024-02-11 14:57:02.710336+01	14	53719455207/1100	2	[{"changed": {"fields": ["Number", "Email"]}}]	10	1
259	2024-02-11 14:57:07.238133+01	13	53719455206/1100	2	[{"changed": {"fields": ["Number", "Email"]}}]	10	1
260	2024-02-11 14:57:11.992956+01	12	53719455205/1100	2	[{"changed": {"fields": ["Number", "Email"]}}]	10	1
261	2024-02-11 14:57:17.105777+01	11	53719455204/1100	2	[{"changed": {"fields": ["Number", "Email"]}}]	10	1
262	2024-02-11 14:57:21.691962+01	10	53719455203/1100	2	[{"changed": {"fields": ["Number", "Email"]}}]	10	1
263	2024-02-11 14:57:40.032973+01	5	53719455202/1100	2	[{"changed": {"fields": ["Number"]}}]	10	1
264	2024-02-11 14:57:43.997216+01	4	53719455200/1100	2	[{"changed": {"fields": ["Number", "Email"]}}]	10	1
265	2024-02-11 14:57:48.976703+01	3	53719451737/1100	2	[{"changed": {"fields": ["Number", "Email"]}}]	10	1
266	2024-02-11 14:57:53.030251+01	2	53719451738/1100	2	[{"changed": {"fields": ["Number"]}}]	10	1
\.


--
-- Data for Name: django_content_type; Type: TABLE DATA; Schema: public; Owner: pi
--

COPY public.django_content_type (id, app_label, model) FROM stdin;
1	admin	logentry
2	auth	permission
3	auth	group
4	auth	user
5	contenttypes	contenttype
6	sessions	session
7	dashboard	disappearing_info
8	dashboard	usercontact
9	dashboard	client
10	dashboard	destinations
11	dashboard	userproduct
12	dashboard	userorder
13	dashboard	callstat
14	dashboard	disappearing_record
15	dashboard	general_info
16	dashboard	user_forms
17	dashboard	formdata
18	dashboard	invoices
19	dashboard	agents
\.


--
-- Data for Name: django_migrations; Type: TABLE DATA; Schema: public; Owner: pi
--

COPY public.django_migrations (id, app, name, applied) FROM stdin;
1	contenttypes	0001_initial	2023-07-04 20:05:52.424266+02
2	auth	0001_initial	2023-07-04 20:05:52.494729+02
3	admin	0001_initial	2023-07-04 20:05:52.517756+02
4	admin	0002_logentry_remove_auto_add	2023-07-04 20:05:52.525809+02
5	admin	0003_logentry_add_action_flag_choices	2023-07-04 20:05:52.533565+02
6	contenttypes	0002_remove_content_type_name	2023-07-04 20:05:52.549091+02
7	auth	0002_alter_permission_name_max_length	2023-07-04 20:05:52.56391+02
8	auth	0003_alter_user_email_max_length	2023-07-04 20:05:52.575488+02
9	auth	0004_alter_user_username_opts	2023-07-04 20:05:52.586274+02
10	auth	0005_alter_user_last_login_null	2023-07-04 20:05:52.597043+02
11	auth	0006_require_contenttypes_0002	2023-07-04 20:05:52.60003+02
12	auth	0007_alter_validators_add_error_messages	2023-07-04 20:05:52.610929+02
13	auth	0008_alter_user_username_max_length	2023-07-04 20:05:52.624885+02
14	auth	0009_alter_user_last_name_max_length	2023-07-04 20:05:52.634145+02
15	auth	0010_alter_group_name_max_length	2023-07-04 20:05:52.645908+02
16	auth	0011_update_proxy_permissions	2023-07-04 20:05:52.658815+02
17	auth	0012_alter_user_first_name_max_length	2023-07-04 20:05:52.668561+02
18	dashboard	0001_initial	2023-07-04 20:05:52.675224+02
19	dashboard	0002_usercontact	2023-07-04 20:05:52.688775+02
20	dashboard	0003_client	2023-07-04 20:05:52.703688+02
21	dashboard	0004_alter_usercontact_user_destinations	2023-07-04 20:05:52.741411+02
22	dashboard	0005_usercontact_destination_usercontact_phone	2023-07-04 20:05:52.765959+02
23	dashboard	0006_userproduct	2023-07-04 20:05:52.794765+02
24	dashboard	0007_userorder	2023-07-04 20:05:52.820262+02
25	dashboard	0008_userorder_status	2023-07-04 20:05:52.828282+02
26	dashboard	0009_callstat	2023-07-04 20:05:52.852624+02
27	dashboard	0010_alter_client_id	2023-07-04 20:05:52.90661+02
28	dashboard	0011_client_place_client_street_client_tax_num_and_more	2023-07-04 20:05:52.954261+02
29	dashboard	0012_client_invoice_email	2023-07-04 20:05:52.969365+02
30	dashboard	0013_client_daily_stats_client_form_fun_and_more	2023-07-04 20:05:53.025151+02
31	dashboard	0014_alter_destinations_number	2023-07-04 20:05:53.038888+02
32	dashboard	0015_userorder_destination_userorder_user	2023-07-04 20:05:53.064253+02
33	dashboard	0016_remove_userorder_destination_remove_userorder_other_and_more	2023-07-04 20:05:53.159412+02
34	dashboard	0017_remove_usercontact_destination_and_more	2023-07-04 20:05:53.23075+02
35	dashboard	0018_alter_usercontact_destination_alter_usercontact_user	2023-07-04 20:05:53.262154+02
36	dashboard	0019_remove_callstat_destination_alter_callstat_name_and_more	2023-07-04 20:05:53.698193+02
37	dashboard	0020_remove_userorder_user_userorder_user	2023-07-04 20:05:53.816518+02
38	dashboard	0021_remove_userorder_user_userorder_user	2023-07-04 20:05:53.866904+02
39	sessions	0001_initial	2023-07-04 20:05:53.880335+02
40	dashboard	0022_disappearing_record	2023-07-05 10:17:49.082343+02
41	dashboard	0023_general_info	2023-07-05 12:59:21.367366+02
42	dashboard	0024_remove_general_info_name	2023-07-05 13:29:38.906642+02
43	dashboard	0025_user_forms	2023-07-07 16:21:35.726451+02
44	dashboard	0026_rename_location_user_forms_cid_and_more	2023-07-07 17:07:55.536921+02
45	dashboard	0027_user_forms_emails	2023-07-15 17:17:59.449137+02
46	dashboard	0028_alter_user_forms_emails	2023-07-15 18:55:27.128827+02
47	dashboard	0029_client_company_name	2023-07-17 18:42:05.983561+02
48	dashboard	0030_alter_disappearing_info_info_and_more	2023-07-29 16:41:56.372509+02
49	dashboard	0031_userproduct_status	2023-07-29 21:29:38.194657+02
50	dashboard	0032_client_call_price	2023-07-30 16:18:20.818379+02
51	dashboard	0033_alter_client_call_price	2023-07-30 16:22:56.891345+02
52	dashboard	0034_destinations_call_price	2023-07-30 16:37:13.622034+02
53	dashboard	0035_client_country	2023-09-16 16:38:05.709099+02
54	dashboard	0036_client_diss_info_client_imp_info_client_sales	2023-10-14 13:36:43.833789+02
55	dashboard	0037_formdata	2023-11-06 22:34:02.210223+01
56	dashboard	0038_destinations_price_percall	2023-11-27 21:28:32.38347+01
57	dashboard	0039_client_free_calls_client_free_mins	2023-11-27 21:54:10.618862+01
58	dashboard	0040_remove_client_free_calls_remove_client_free_mins_and_more	2023-12-05 11:34:34.673796+01
59	dashboard	0041_destinations_free_call_destinations_free_min_and_more	2023-12-05 11:34:34.735867+01
60	dashboard	0042_rename_monthly_fes_destinations_monthly_fees	2023-12-06 10:15:50.925324+01
61	dashboard	0043_invoices	2023-12-09 15:57:17.887223+01
62	dashboard	0044_invoices_date_created	2023-12-09 16:00:11.706628+01
63	dashboard	0045_alter_invoices_id	2023-12-09 16:08:04.530465+01
64	dashboard	0046_remove_invoices_user_invoices_user	2023-12-09 16:10:26.196413+01
65	dashboard	0047_agents	2023-12-10 17:09:01.811442+01
66	dashboard	0048_agents_pin	2023-12-10 21:33:29.633298+01
67	dashboard	0049_destinations_fd_cost_and_more	2024-01-13 12:27:50.170772+01
68	dashboard	0050_alter_destinations_fd_cost	2024-01-13 12:42:08.487845+01
69	dashboard	0051_alter_destinations_fd_cost	2024-01-13 13:20:36.659433+01
\.


--
-- Data for Name: django_session; Type: TABLE DATA; Schema: public; Owner: pi
--

COPY public.django_session (session_key, session_data, expire_date) FROM stdin;
ty06q6564lubnuwwplkjbuh26jje29lv	.eJxVjEEOwiAQRe_C2hBmqDi4dO8ZyACjVA0kpV0Z726bdKHb_977bxV4mUtYukxhzOqsrFGH3zFyekrdSH5wvTedWp2nMepN0Tvt-tqyvC67-3dQuJe1FgNsEguaJCeiaMVGcXiU7MEjZLRgvHO0CjzALREzRCQrAzEQoPp8AQuEN7U:1qq9wA:p3jBq-tRPROItPkJe7MMp8lEaoOaMF3wPuUmd4CPyFY	2023-10-24 12:26:02.154997+02
zmnvz3dv3baefbczzjga5awvpx314b9p	.eJxVjEEOwiAQRe_C2pABpox16b5nIANDpWpoUtqV8e7apAvd_vfef6nA21rC1vISJlEXZdXpd4ucHrnuQO5cb7NOc12XKepd0QdtepglP6-H-3dQuJVvzZ6EnMMREUl8EtcBeZEemEyMDs4AQhbZjsAGTWeEwbKDmLE3zqv3B8fbNuk:1qGkQo:vDQqgLleLmgOXq44PZ-D8t2f0h2J_w7jarUgYnPsccA	2023-07-18 20:07:18.560596+02
wklm3twaa330135xzcoyr3o2qnvq964m	.eJxVjMsOwiAQRf-FtSG0wAy4dO83kBkeUjU0Ke3K-O_apAvd3nPOfYlA21rD1vMSpiTOYhCn340pPnLbQbpTu80yzm1dJpa7Ig_a5XVO-Xk53L-DSr1-a7AWfBoHpbnErI0uDhnA4miZAFJxpEChQmZ2HgDJWJPQF42gyKN4fwDGPzb_:1qGkR3:MATFU1qyE0ja_MH1gvkZox8dtnoaWztwaF3a6O4vh7s	2023-07-18 20:07:33.74559+02
h1kvq5njua6qgdeiu0ayefmc55kp6q2i	.eJxVjEEOwiAQRe_C2pABpox16b5nIANDpWpoUtqV8e7apAvd_vfef6nA21rC1vISJlEXZdXpd4ucHrnuQO5cb7NOc12XKepd0QdtepglP6-H-3dQuJVvzZ6EnMMREUl8EtcBeZEemEyMDs4AQhbZjsAGTWeEwbKDmLE3zqv3B8fbNuk:1qGknR:eFOPzWqHFgXd52fZqlS08OxQt8LY9Ly0cvwKjIaOr2g	2023-07-18 20:30:41.572064+02
xaabv089m5qkwmep0bdx483x66dvp9tv	.eJxVjEEOwiAQRe_C2pABpox16b5nIANDpWpoUtqV8e7apAvd_vfef6nA21rC1vISJlEXZdXpd4ucHrnuQO5cb7NOc12XKepd0QdtepglP6-H-3dQuJVvzZ6EnMMREUl8EtcBeZEemEyMDs4AQhbZjsAGTWeEwbKDmLE3zqv3B8fbNuk:1qGxj4:KUI-l5vx33bZy3NsyBU1ZDMrq6ag_OUjTJJBH7pNys4	2023-07-19 10:19:02.459172+02
yjcdxnxdvjxnwyupi6sr64dof1jqtqjl	.eJxVjEEOwiAQRe_C2pABpox16b5nIANDpWpoUtqV8e7apAvd_vfef6nA21rC1vISJlEXZdXpd4ucHrnuQO5cb7NOc12XKepd0QdtepglP6-H-3dQuJVvzZ6EnMMREUl8EtcBeZEemEyMDs4AQhbZjsAGTWeEwbKDmLE3zqv3B8fbNuk:1qGxtg:zaeU1CT43gnE9AeFDthAwK3odXDYT6F8xRtnaFdN6JY	2023-07-19 10:30:00.976878+02
ynm0gx6y9plr3a1v8msg3ax8hflroz2d	.eJxVjEEOwiAQRe_C2pABpox16b5nIANDpWpoUtqV8e7apAvd_vfef6nA21rC1vISJlEXZdXpd4ucHrnuQO5cb7NOc12XKepd0QdtepglP6-H-3dQuJVvzZ6EnMMREUl8EtcBeZEemEyMDs4AQhbZjsAGTWeEwbKDmLE3zqv3B8fbNuk:1qGyQR:TS5DfYnCOHvfDqLkRwCk8kLpwE5JvFblmOTLSCfm7Ts	2023-07-19 11:03:51.030136+02
mk57yltpcaxvxshq2ajnc9u0k8wtmksj	.eJxVjEEOwiAQRe_C2pABpox16b5nIANDpWpoUtqV8e7apAvd_vfef6nA21rC1vISJlEXZdXpd4ucHrnuQO5cb7NOc12XKepd0QdtepglP6-H-3dQuJVvzZ6EnMMREUl8EtcBeZEemEyMDs4AQhbZjsAGTWeEwbKDmLE3zqv3B8fbNuk:1qGyTb:FKaimc3Dsv1B5OyuHra7DpUImUZ_s29fY3pWNPOPcZY	2023-07-19 11:07:07.580962+02
fme77ys4g6tjrmhun1rszkp5fy8c3e9k	.eJxVjMsOwiAQRf-FtSG0wAy4dO83kBkeUjU0Ke3K-O_apAvd3nPOfYlA21rD1vMSpiTOYhCn340pPnLbQbpTu80yzm1dJpa7Ig_a5XVO-Xk53L-DSr1-a7AWfBoHpbnErI0uDhnA4miZAFJxpEChQmZ2HgDJWJPQF42gyKN4fwDGPzb_:1qGyec:l_B67PppsopiWS-iNRV2YrEe_HSj7iiQ_PxZK8NgtDk	2023-07-19 11:18:30.773516+02
z4o6d76bf7fckcooxuw6u979t0abjqpu	.eJxVjEEOwiAQRe_C2pABpox16b5nIANDpWpoUtqV8e7apAvd_vfef6nA21rC1vISJlEXZdXpd4ucHrnuQO5cb7NOc12XKepd0QdtepglP6-H-3dQuJVvzZ6EnMMREUl8EtcBeZEemEyMDs4AQhbZjsAGTWeEwbKDmLE3zqv3B8fbNuk:1qH0I0:wWpSYq6B4SF9d6FlAv5PTPAQ6s4fOqjJDDdGpwF40AI	2023-07-19 13:03:16.165546+02
k2bw2ofo4jx5o7rr5iibyy9h4losa69h	.eJxVjEEOwiAQRe_C2pABpox16b5nIANDpWpoUtqV8e7apAvd_vfef6nA21rC1vISJlEXZdXpd4ucHrnuQO5cb7NOc12XKepd0QdtepglP6-H-3dQuJVvzZ6EnMMREUl8EtcBeZEemEyMDs4AQhbZjsAGTWeEwbKDmLE3zqv3B8fbNuk:1qH0pg:SXYTIPK9gxxKjH5WkgazHZ8X_Gbp9JMnx5Gk4fWyBOQ	2023-07-19 13:38:04.638644+02
nt7y0247vn0twnk4h4pfq0j9c5nt2l15	.eJxVjMsOwiAQRf-FtSG0wAy4dO83kBkeUjU0Ke3K-O_apAvd3nPOfYlA21rD1vMSpiTOYhCn340pPnLbQbpTu80yzm1dJpa7Ig_a5XVO-Xk53L-DSr1-a7AWfBoHpbnErI0uDhnA4miZAFJxpEChQmZ2HgDJWJPQF42gyKN4fwDGPzb_:1qH0qg:mA287RyzFcTNHvZRy7wYfsLGQjsair1wKY2q56cIS7A	2023-07-19 13:39:06.682128+02
pook0ff46mcerlya8mnsnjpbq0br1afi	.eJxVjEEOwiAQRe_C2pABpox16b5nIANDpWpoUtqV8e7apAvd_vfef6nA21rC1vISJlEXZdXpd4ucHrnuQO5cb7NOc12XKepd0QdtepglP6-H-3dQuJVvzZ6EnMMREUl8EtcBeZEemEyMDs4AQhbZjsAGTWeEwbKDmLE3zqv3B8fbNuk:1qH0zC:Z0Lni6ZwN0FD-iLG9Zu6g8I4gAViEegzLX-2asDdOOw	2023-07-19 13:47:54.309352+02
7g6apojxoiy3jzfpevyndq2lr6lb6uhy	.eJxVjEEOwiAQRe_C2pABpox16b5nIANDpWpoUtqV8e7apAvd_vfef6nA21rC1vISJlEXZdXpd4ucHrnuQO5cb7NOc12XKepd0QdtepglP6-H-3dQuJVvzZ6EnMMREUl8EtcBeZEemEyMDs4AQhbZjsAGTWeEwbKDmLE3zqv3B8fbNuk:1qH26L:5liGhKATfMfU9w87BW9VIo0dx-n7ItmwJmjDYePeC6c	2023-07-19 14:59:21.110146+02
v3id1k8uxcrqe04sotr35hqtqye87abe	.eJxVjEEOwiAQRe_C2pABpox16b5nIANDpWpoUtqV8e7apAvd_vfef6nA21rC1vISJlEXZdXpd4ucHrnuQO5cb7NOc12XKepd0QdtepglP6-H-3dQuJVvzZ6EnMMREUl8EtcBeZEemEyMDs4AQhbZjsAGTWeEwbKDmLE3zqv3B8fbNuk:1qHPa6:pGAkNhA8Jl_lOoDjr0_p8fSxIKN2kD-5LDzpMlykNAg	2023-07-20 16:03:38.285386+02
jhh04v87u2nu9l6ylbxh93hft0y39ypq	.eJxVjMsOwiAQRf-FtSG0wAy4dO83kBkeUjU0Ke3K-O_apAvd3nPOfYlA21rD1vMSpiTOYhCn340pPnLbQbpTu80yzm1dJpa7Ig_a5XVO-Xk53L-DSr1-a7AWfBoHpbnErI0uDhnA4miZAFJxpEChQmZ2HgDJWJPQF42gyKN4fwDGPzb_:1qHPqG:0bADDp9mSIj0cXrfiBYlyMUtRMLLadcl1oFbfcJOvOo	2023-07-20 16:20:20.700448+02
uzxif3drzp2s4a4lg9o2raqt5ncb6lxy	.eJxVjEEOwiAQRe_C2pABpox16b5nIANDpWpoUtqV8e7apAvd_vfef6nA21rC1vISJlEXZdXpd4ucHrnuQO5cb7NOc12XKepd0QdtepglP6-H-3dQuJVvzZ6EnMMREUl8EtcBeZEemEyMDs4AQhbZjsAGTWeEwbKDmLE3zqv3B8fbNuk:1qHSPn:jWc5LCBNitpAOn8nG34CiZH9HUiIHdOq7yaoaQ54WGQ	2023-07-20 19:05:11.203959+02
eidi2jjibr4eh4lbar0a0t763c0ao8m9	.eJxVjEEOwiAQRe_C2pABpox16b5nIANDpWpoUtqV8e7apAvd_vfef6nA21rC1vISJlEXZdXpd4ucHrnuQO5cb7NOc12XKepd0QdtepglP6-H-3dQuJVvzZ6EnMMREUl8EtcBeZEemEyMDs4AQhbZjsAGTWeEwbKDmLE3zqv3B8fbNuk:1qHhl4:Zz8SP28KASoaqZKjMCt51kGxa4LHMO1RTrRx9jJznKw	2023-07-21 11:28:10.585525+02
xlek0rzxlbb7kyr2x25bvbv5czimt5nu	.eJxVjEEOwiAQRe_C2pABpox16b5nIANDpWpoUtqV8e7apAvd_vfef6nA21rC1vISJlEXZdXpd4ucHrnuQO5cb7NOc12XKepd0QdtepglP6-H-3dQuJVvzZ6EnMMREUl8EtcBeZEemEyMDs4AQhbZjsAGTWeEwbKDmLE3zqv3B8fbNuk:1qHmjz:M8P01Xg-YliOOkeaQRnR1KnhUSZgrnHW9VHQPMQKvZI	2023-07-21 16:47:23.395408+02
eymt7m7r4z2geu81na44jjib1f27mm2f	.eJxVjEEOwiAQRe_C2pABpox16b5nIANDpWpoUtqV8e7apAvd_vfef6nA21rC1vISJlEXZdXpd4ucHrnuQO5cb7NOc12XKepd0QdtepglP6-H-3dQuJVvzZ6EnMMREUl8EtcBeZEemEyMDs4AQhbZjsAGTWeEwbKDmLE3zqv3B8fbNuk:1qHn7x:_7u75r6l6W1GJ7F7MNyHhefN0Rzlux01qhddkX4XeKY	2023-07-21 17:12:09.682852+02
ppy4tp9m11sbu3j3x32k2tzm0sia31kk	.eJxVjEEOwiAQRe_C2pABpox16b5nIANDpWpoUtqV8e7apAvd_vfef6nA21rC1vISJlEXZdXpd4ucHrnuQO5cb7NOc12XKepd0QdtepglP6-H-3dQuJVvzZ6EnMMREUl8EtcBeZEemEyMDs4AQhbZjsAGTWeEwbKDmLE3zqv3B8fbNuk:1qHnD5:pYJ8PXwxCfSmBSMWYTrfExT1XbYXmTitLe3lNGshsAI	2023-07-21 17:17:27.769073+02
q4zqsf46uwzypsoa0izdwhgnge78hl0y	.eJxVjEEOwiAQRe_C2pABpox16b5nIANDpWpoUtqV8e7apAvd_vfef6nA21rC1vISJlEXZdXpd4ucHrnuQO5cb7NOc12XKepd0QdtepglP6-H-3dQuJVvzZ6EnMMREUl8EtcBeZEemEyMDs4AQhbZjsAGTWeEwbKDmLE3zqv3B8fbNuk:1qHnZt:TgdK_wwah38bEmI5cuTnjg39PCgK_8A66eNaYVabRnQ	2023-07-21 17:41:01.472006+02
c3k0f7zhd1szaih0huqotqfn33h9jul9	.eJxVjMsOwiAQRf-FtSG0wAy4dO83kBkeUjU0Ke3K-O_apAvd3nPOfYlA21rD1vMSpiTOYhCn340pPnLbQbpTu80yzm1dJpa7Ig_a5XVO-Xk53L-DSr1-a7AWfBoHpbnErI0uDhnA4miZAFJxpEChQmZ2HgDJWJPQF42gyKN4fwDGPzb_:1qHnjL:yrQD7keTSYmkYsntYQGCiXRZBNXyGKPyjra2Nd6p4zM	2023-07-21 17:50:47.457796+02
pzqc8q2ttdparncna4pwgbckfrwh6k6h	.eJxVjMsOwiAQRf-FtSG0wAy4dO83kBkeUjU0Ke3K-O_apAvd3nPOfYlA21rD1vMSpiTOYhCn340pPnLbQbpTu80yzm1dJpa7Ig_a5XVO-Xk53L-DSr1-a7AWfBoHpbnErI0uDhnA4miZAFJxpEChQmZ2HgDJWJPQF42gyKN4fwDGPzb_:1qHq9o:p5nJBJpWntdytui2STiYlgj6JZMeviQ8343UsFmQUJ4	2023-07-21 20:26:16.931977+02
ggdcovzle5avez09hugimzjomcl0hcnp	.eJxVjMsOwiAQRf-FtSHKTHm4dN9vIMMAUjWQlHZl_HfbpAvd3nPOfQtP61L82tPspyiuAsTpdwvEz1R3EB9U701yq8s8Bbkr8qBdji2m1-1w_w4K9bLVRgUOlrIhnaLVCMoAEpxxMFoBKXA4EF3cprFyzCaD5axzDgETJiM-X-AfODg:1qHqGg:baA5Li8P-G7iqXl_Y3yCKmhGitI4R1WN41GxG-sIxjo	2023-07-21 20:33:22.130374+02
hnigv1lorwx9p20t0manhcawlgu43u8c	.eJxVjEEOwiAQRe_C2pABpox16b5nIANDpWpoUtqV8e7apAvd_vfef6nA21rC1vISJlEXZdXpd4ucHrnuQO5cb7NOc12XKepd0QdtepglP6-H-3dQuJVvzZ6EnMMREUl8EtcBeZEemEyMDs4AQhbZjsAGTWeEwbKDmLE3zqv3B8fbNuk:1qHqcL:Pk1eQvHpd8O8uLM0Gj3z83Z-NjakNxBVhgQOR4cuhJQ	2023-07-21 20:55:45.867356+02
z2k1ghokim3xv4rzdbwgd1gh60pd8cd4	.eJxVjEEOwiAQRe_C2pABpox16b5nIANDpWpoUtqV8e7apAvd_vfef6nA21rC1vISJlEXZdXpd4ucHrnuQO5cb7NOc12XKepd0QdtepglP6-H-3dQuJVvzZ6EnMMREUl8EtcBeZEemEyMDs4AQhbZjsAGTWeEwbKDmLE3zqv3B8fbNuk:1qPNTg:dqrgzqpJgvdcJ6FBd7M62ooNpPpJY_DGgIsqR1oDSlw	2023-08-11 15:25:56.596022+02
59eyb4u6524j7dy9kqtxefu0hcg9qg9s	.eJxVjEEOwiAQRe_C2pABpox16b5nIANDpWpoUtqV8e7apAvd_vfef6nA21rC1vISJlEXZdXpd4ucHrnuQO5cb7NOc12XKepd0QdtepglP6-H-3dQuJVvzZ6EnMMREUl8EtcBeZEemEyMDs4AQhbZjsAGTWeEwbKDmLE3zqv3B8fbNuk:1qI7nG:hdPHlUZbdt8DGj4dVaGJwXuzGpoccdSwzasaISUl8UU	2023-07-22 15:16:10.819261+02
9pp3bfh7tp4ud2pa9gl72muzahnmhz5p	.eJxVjEEOwiAQRe_C2pABpox16b5nIANDpWpoUtqV8e7apAvd_vfef6nA21rC1vISJlEXZdXpd4ucHrnuQO5cb7NOc12XKepd0QdtepglP6-H-3dQuJVvzZ6EnMMREUl8EtcBeZEemEyMDs4AQhbZjsAGTWeEwbKDmLE3zqv3B8fbNuk:1qI9x6:vK7QKLQ8YZnYCKaNQPSMUbrsOqHBs02Dpyut9WCLWaY	2023-07-22 17:34:28.335728+02
ny2345dbtupxusuxta1xuz0gmmd879u2	.eJxVjEEOwiAQRe_C2pABpox16b5nIANDpWpoUtqV8e7apAvd_vfef6nA21rC1vISJlEXZdXpd4ucHrnuQO5cb7NOc12XKepd0QdtepglP6-H-3dQuJVvzZ6EnMMREUl8EtcBeZEemEyMDs4AQhbZjsAGTWeEwbKDmLE3zqv3B8fbNuk:1qI9yv:BCdyFvXn4DaxiqYpKXbiJMFX2AVrq6rfS8u_0ITXW-w	2023-07-22 17:36:21.878372+02
y1gc69dngnzxzz5tmpc382jh0wgwfkhw	.eJxVjEEOwiAQRe_C2hCmAoJL956hGZgZqRpISrsy3l2bdKHb_977LzXiupRx7TyPE6mzsurwuyXMD64boDvWW9O51WWekt4UvdOur434edndv4OCvXxrTwgA7MQYdMByIutcjgQ-BBNxEBucMUdC9uSELMRMIsmylyEYSOr9AeRuOC4:1qIute:dP2dEN6XElTYDD3hhgoUEjbjZIxzeX2Oe4NFlSAPEv4	2023-07-24 19:42:02.614089+02
h7norpf3qe4tn1gny456wo94idg6bkwy	.eJxVjEEOwiAQRe_C2pABpox16b5nIANDpWpoUtqV8e7apAvd_vfef6nA21rC1vISJlEXZdXpd4ucHrnuQO5cb7NOc12XKepd0QdtepglP6-H-3dQuJVvzZ6EnMMREUl8EtcBeZEemEyMDs4AQhbZjsAGTWeEwbKDmLE3zqv3B8fbNuk:1qICHt:unQSQCU-qsS9e4mE98XyKdYp4_1Ie6nM0NAs3ltoChI	2023-07-22 20:04:05.429391+02
6bvixr6r4d7hbuvd3u3tmgkfa3lb6bue	.eJxVjEEOwiAQRe_C2pABpox16b5nIANDpWpoUtqV8e7apAvd_vfef6nA21rC1vISJlEXZdXpd4ucHrnuQO5cb7NOc12XKepd0QdtepglP6-H-3dQuJVvzZ6EnMMREUl8EtcBeZEemEyMDs4AQhbZjsAGTWeEwbKDmLE3zqv3B8fbNuk:1qICZ8:iV0rU9kvW4RGxFtd_hyWw_OoK1AulrmiXeusoorSV9g	2023-07-22 20:21:54.707972+02
faz3eoan3bnyh8dqjpvwqdyt820p8vko	.eJxVjEEOwiAQRe_C2pABpox16b5nIANDpWpoUtqV8e7apAvd_vfef6nA21rC1vISJlEXZdXpd4ucHrnuQO5cb7NOc12XKepd0QdtepglP6-H-3dQuJVvzZ6EnMMREUl8EtcBeZEemEyMDs4AQhbZjsAGTWeEwbKDmLE3zqv3B8fbNuk:1qICc8:5hghD8nGCSD3Uv-1MTHyP9sMqQ6a0k9DYQImyqFwFyc	2023-07-22 20:25:00.572496+02
8xye1pu454j5dlug3e9qx5v5zsy491fr	.eJxVjEEOwiAQRe_C2hCmAoJL956hGZgZqRpISrsy3l2bdKHb_977LzXiupRx7TyPE6mzsurwuyXMD64boDvWW9O51WWekt4UvdOur434edndv4OCvXxrTwgA7MQYdMByIutcjgQ-BBNxEBucMUdC9uSELMRMIsmylyEYSOr9AeRuOC4:1qIuz9:yYpiWZ4xmdBK9d1lg6Vi-Nk8j5wwjp4yA2z9cw8lN0c	2023-07-24 19:47:43.845376+02
6it9zgnj27trl5bjl34o34h4h48i3wyf	.eJxVjEEOwiAQRe_C2pABpox16b5nIANDpWpoUtqV8e7apAvd_vfef6nA21rC1vISJlEXZdXpd4ucHrnuQO5cb7NOc12XKepd0QdtepglP6-H-3dQuJVvzZ6EnMMREUl8EtcBeZEemEyMDs4AQhbZjsAGTWeEwbKDmLE3zqv3B8fbNuk:1qICgS:rIeMQdmQ2jdBCUoQVt5WwyFh1rTgK68exYbHCF20Vt0	2023-07-22 20:29:28.270547+02
ftw0ueh7spqfefdjdcmzxkinvyhrfdyt	.eJxVjEEOwiAQRe_C2pABpox16b5nIANDpWpoUtqV8e7apAvd_vfef6nA21rC1vISJlEXZdXpd4ucHrnuQO5cb7NOc12XKepd0QdtepglP6-H-3dQuJVvzZ6EnMMREUl8EtcBeZEemEyMDs4AQhbZjsAGTWeEwbKDmLE3zqv3B8fbNuk:1qIUUc:KUszvYyK3ZZ5brzxlE-2bDRJAe3-S7Xsipw2BCnW9t0	2023-07-23 15:30:26.327311+02
02szzuvr47tun475wo53a033br5jv4xm	.eJxVjEEOwiAQRe_C2pABpox16b5nIANDpWpoUtqV8e7apAvd_vfef6nA21rC1vISJlEXZdXpd4ucHrnuQO5cb7NOc12XKepd0QdtepglP6-H-3dQuJVvzZ6EnMMREUl8EtcBeZEemEyMDs4AQhbZjsAGTWeEwbKDmLE3zqv3B8fbNuk:1qIY5l:_6ZB7R9mhAM0qUZkXWwH2-X2pXKc44y0qKIgXlgNsPc	2023-07-23 19:21:01.455885+02
1geortd98xp0fyjdlqqz9u55zyvdjc19	.eJxVjEEOwiAQRe_C2pABpox16b5nIANDpWpoUtqV8e7apAvd_vfef6nA21rC1vISJlEXZdXpd4ucHrnuQO5cb7NOc12XKepd0QdtepglP6-H-3dQuJVvzZ6EnMMREUl8EtcBeZEemEyMDs4AQhbZjsAGTWeEwbKDmLE3zqv3B8fbNuk:1qJDk0:oO40hkmisJ8Ur1OPdiDq-_UkoCW7CbuXI8bQkeqDr-Q	2023-07-25 15:49:20.3598+02
6nei77octetguebz1vlvs9fufth9t3zo	.eJxVjEEOwiAQRe_C2pABpox16b5nIANDpWpoUtqV8e7apAvd_vfef6nA21rC1vISJlEXZdXpd4ucHrnuQO5cb7NOc12XKepd0QdtepglP6-H-3dQuJVvzZ6EnMMREUl8EtcBeZEemEyMDs4AQhbZjsAGTWeEwbKDmLE3zqv3B8fbNuk:1qIYQn:nkYITpLFbYz7HeHg6Ba1r6Z62hadbrmMeCcAJ5Qylfg	2023-07-23 19:42:45.05294+02
y4jnhci6fb17y39z8ky66e19jyiztimu	.eJxVjEEOwiAQRe_C2pABpox16b5nIANDpWpoUtqV8e7apAvd_vfef6nA21rC1vISJlEXZdXpd4ucHrnuQO5cb7NOc12XKepd0QdtepglP6-H-3dQuJVvzZ6EnMMREUl8EtcBeZEemEyMDs4AQhbZjsAGTWeEwbKDmLE3zqv3B8fbNuk:1qIZ6Q:D21s__ufhCLkQ5Q7VySTryW0pseaRSfyGzm6dbpy1Fg	2023-07-23 20:25:46.836846+02
u3tp5c1ji3930682x7cmh6jmosgg1xqg	.eJxVjEEOwiAQRe_C2pABpox16b5nIANDpWpoUtqV8e7apAvd_vfef6nA21rC1vISJlEXZdXpd4ucHrnuQO5cb7NOc12XKepd0QdtepglP6-H-3dQuJVvzZ6EnMMREUl8EtcBeZEemEyMDs4AQhbZjsAGTWeEwbKDmLE3zqv3B8fbNuk:1qJFNn:4-yRSkXUhTtgwp6Iy5SWWHi8ttsHr5FcSk_hViI3zUk	2023-07-25 17:34:31.535752+02
0iv46901adeldaodsawoascmqekawzr5	.eJxVjEEOwiAQRe_C2pABpox16b5nIANDpWpoUtqV8e7apAvd_vfef6nA21rC1vISJlEXZdXpd4ucHrnuQO5cb7NOc12XKepd0QdtepglP6-H-3dQuJVvzZ6EnMMREUl8EtcBeZEemEyMDs4AQhbZjsAGTWeEwbKDmLE3zqv3B8fbNuk:1qK0dq:OVZeCMG14fL__RPMmdRUVtEzEIEkNiBavFqjK5iNVXA	2023-07-27 20:02:14.159507+02
url4vlkukm947ksbeq5rmp6jibe9am4x	.eJxVjEEOwiAQRe_C2pABpox16b5nIANDpWpoUtqV8e7apAvd_vfef6nA21rC1vISJlEXZdXpd4ucHrnuQO5cb7NOc12XKepd0QdtepglP6-H-3dQuJVvzZ6EnMMREUl8EtcBeZEemEyMDs4AQhbZjsAGTWeEwbKDmLE3zqv3B8fbNuk:1qKMe0:sTJgIREpdBNCaRUe4NvX7LCD87U651LSRQDtKh6NLlk	2023-07-28 19:31:52.281526+02
zelqkmg3cz4u2sbmcsj3rqyc5zs33f3i	.eJxVjMsOwiAQRf-FtSG0wAy4dO83kBkeUjU0Ke3K-O_apAvd3nPOfYlA21rD1vMSpiTOYhCn340pPnLbQbpTu80yzm1dJpa7Ig_a5XVO-Xk53L-DSr1-a7AWfBoHpbnErI0uDhnA4miZAFJxpEChQmZ2HgDJWJPQF42gyKN4fwDGPzb_:1qKN9c:Dg-YGMnG4fConlIq29kl7-Qjfw4ja9MvfF6GJQ-6n8I	2023-07-28 20:04:32.270076+02
ip4otaybkf8m9e6x6hlepc3ot8f5k2zj	.eJxVjEEOwiAQRe_C2pABpox16b5nIANDpWpoUtqV8e7apAvd_vfef6nA21rC1vISJlEXZdXpd4ucHrnuQO5cb7NOc12XKepd0QdtepglP6-H-3dQuJVvzZ6EnMMREUl8EtcBeZEemEyMDs4AQhbZjsAGTWeEwbKDmLE3zqv3B8fbNuk:1qKcU0:Dt3Dyxj-Y9V5hNP1XFx1EYYzGMeCQonNnd4WaOKw6Z4	2023-07-29 12:26:36.950124+02
e1w81rrk6ztla8b573i9jkpvjqfqrsmj	.eJxVjEEOwiAQRe_C2pABpox16b5nIANDpWpoUtqV8e7apAvd_vfef6nA21rC1vISJlEXZdXpd4ucHrnuQO5cb7NOc12XKepd0QdtepglP6-H-3dQuJVvzZ6EnMMREUl8EtcBeZEemEyMDs4AQhbZjsAGTWeEwbKDmLE3zqv3B8fbNuk:1qKhNQ:9EJJ_V-YRh0Ncxcpo6oUpTqa3ikw-VbNtPE0965Rg7E	2023-07-29 17:40:08.27383+02
lfqe5n7l69j5zpu3u4d5ep1181e6jgdu	.eJxVjMsOwiAQRf-FtSG0wAy4dO83kBkeUjU0Ke3K-O_apAvd3nPOfYlA21rD1vMSpiTOYhCn340pPnLbQbpTu80yzm1dJpa7Ig_a5XVO-Xk53L-DSr1-a7AWfBoHpbnErI0uDhnA4miZAFJxpEChQmZ2HgDJWJPQF42gyKN4fwDGPzb_:1qKhR8:4wdq30e0pZxo_G5vgjWvYwDpqQU03yD2TnjkJzZab8o	2023-07-29 17:43:58.113299+02
jkiw93bbas1doct3smjpy5pzrxn50in8	.eJxVjEEOwiAQRe_C2pABpox16b5nIANDpWpoUtqV8e7apAvd_vfef6nA21rC1vISJlEXZdXpd4ucHrnuQO5cb7NOc12XKepd0QdtepglP6-H-3dQuJVvzZ6EnMMREUl8EtcBeZEemEyMDs4AQhbZjsAGTWeEwbKDmLE3zqv3B8fbNuk:1qL0hs:8xV-7ezBVR9g2uIZAVk-RmHlRDA2jVPmL41V5kh82Kw	2023-07-30 14:18:32.635693+02
357a89apnjuhv3j01mwd2tbc961y5qof	.eJxVjMsOwiAQRf-FtSG0wAy4dO83kBkeUjU0Ke3K-O_apAvd3nPOfYlA21rD1vMSpiTOYhCn340pPnLbQbpTu80yzm1dJpa7Ig_a5XVO-Xk53L-DSr1-a7AWfBoHpbnErI0uDhnA4miZAFJxpEChQmZ2HgDJWJPQF42gyKN4fwDGPzb_:1qL0pe:9JeD_nN8ZrEt9osJk7kiEr2k1190EsFUd3xRmbp2Okg	2023-07-30 14:26:34.767438+02
ldnsfhm31o2icdgm1mjqu7pf5uxo97yv	.eJxVjMsOwiAQRf-FtSG0wAy4dO83kBkeUjU0Ke3K-O_apAvd3nPOfYlA21rD1vMSpiTOYhCn340pPnLbQbpTu80yzm1dJpa7Ig_a5XVO-Xk53L-DSr1-a7AWfBoHpbnErI0uDhnA4miZAFJxpEChQmZ2HgDJWJPQF42gyKN4fwDGPzb_:1qL6vI:I3V_fsiJbd1puG1QjwIeqOyrMrYGmvL40wbCB4r-RPk	2023-07-30 20:56:48.126962+02
xfojjr3if8j4fkusg97r5rg1i9hsds83	.eJxVjEEOwiAQRe_C2pABpox16b5nIANDpWpoUtqV8e7apAvd_vfef6nA21rC1vISJlEXZdXpd4ucHrnuQO5cb7NOc12XKepd0QdtepglP6-H-3dQuJVvzZ6EnMMREUl8EtcBeZEemEyMDs4AQhbZjsAGTWeEwbKDmLE3zqv3B8fbNuk:1qLIgI:Abt-Ji9bvz3pE7MJ-Q6vsDQKfJEgv7tQ2l6xoHNAONg	2023-07-31 09:30:06.521388+02
nhoswqazza5xu03czza5562n51txe808	.eJxVjEEOwiAQRe_C2pABpox16b5nIANDpWpoUtqV8e7apAvd_vfef6nA21rC1vISJlEXZdXpd4ucHrnuQO5cb7NOc12XKepd0QdtepglP6-H-3dQuJVvzZ6EnMMREUl8EtcBeZEemEyMDs4AQhbZjsAGTWeEwbKDmLE3zqv3B8fbNuk:1qLSqf:AYBBTqqDvOXk4EJagN40sG8mQtDdwciGP_EyWdqSeWY	2023-07-31 20:21:29.642163+02
kz0cc4v3cgz4d65lcniru0wtt8z0fbao	.eJxVjEEOwiAQRe_C2pABpox16b5nIANDpWpoUtqV8e7apAvd_vfef6nA21rC1vISJlEXZdXpd4ucHrnuQO5cb7NOc12XKepd0QdtepglP6-H-3dQuJVvzZ6EnMMREUl8EtcBeZEemEyMDs4AQhbZjsAGTWeEwbKDmLE3zqv3B8fbNuk:1qLfqO:9axABwCuWnGdTUETOGpgn0dlVYKf0xtgiMmLs_7B0vM	2023-08-01 10:14:04.361075+02
w2yqv5y2j75jfth9r9jhhmktqbocomkp	.eJxVjEEOwiAQRe_C2hBmqDi4dO8ZyACjVA0kpV0Z726bdKHb_977bxV4mUtYukxhzOqsrFGH3zFyekrdSH5wvTedWp2nMepN0Tvt-tqyvC67-3dQuJe1FgNsEguaJCeiaMVGcXiU7MEjZLRgvHO0CjzALREzRCQrAzEQoPp8AQuEN7U:1ql5iO:GzVqn8LpPtTi7jJy4IkAEdTa61-TeL4-JBle3qe0wY0	2023-10-10 12:54:52.075961+02
b74n6j85lge8iw7css7yx7rtr2oyjjwh	.eJxVjEEOwiAQRe_C2pABpox16b5nIANDpWpoUtqV8e7apAvd_vfef6nA21rC1vISJlEXZdXpd4ucHrnuQO5cb7NOc12XKepd0QdtepglP6-H-3dQuJVvzZ6EnMMREUl8EtcBeZEemEyMDs4AQhbZjsAGTWeEwbKDmLE3zqv3B8fbNuk:1qPNcv:WrEQEa72EChzQZwMYy9J8gGveFevsP-lkT9atqy662Y	2023-08-11 15:35:29.377598+02
qvrre70tzxzm6ooz1sxdfva4n9igk9jm	.eJxVjEEOwiAQRe_C2pABpox16b5nIANDpWpoUtqV8e7apAvd_vfef6nA21rC1vISJlEXZdXpd4ucHrnuQO5cb7NOc12XKepd0QdtepglP6-H-3dQuJVvzZ6EnMMREUl8EtcBeZEemEyMDs4AQhbZjsAGTWeEwbKDmLE3zqv3B8fbNuk:1qPl9m:-1-2dOwd8f4gz2TUe5LVWjnVePGkxCnrTxg3tSboHm0	2023-08-12 16:42:58.060676+02
f3c07dbvc4lkozcqirp8p8o5vm68bnf3	.eJxVjEEOwiAQRe_C2pABpox16b5nIANDpWpoUtqV8e7apAvd_vfef6nA21rC1vISJlEXZdXpd4ucHrnuQO5cb7NOc12XKepd0QdtepglP6-H-3dQuJVvzZ6EnMMREUl8EtcBeZEemEyMDs4AQhbZjsAGTWeEwbKDmLE3zqv3B8fbNuk:1qPocL:nv-7V2MafSJrdZuVyvidOMxffN4GdNMYJZ0ObmkxHgk	2023-08-12 20:24:41.233029+02
lg1qpgt93fe9pg45a51hro975abj6vle	.eJxVjEEOwiAQRe_C2hCmMEVcuu8ZCDCDVA0kpV0Z765NutDtf-_9l_BhW4vfOi9-JnERTpx-txjSg-sO6B7qrcnU6rrMUe6KPGiXUyN-Xg_376CEXr51YgUAEZTTljJrDEjGKoU8DpiZgCifc0IiDhBHYjQ4GE7OaZetBfH-APaNOGw:1qOLXO:bm1gg_H_8NMlzNepEllIYv-2Qb9DVvial34wyEQIduM	2023-08-08 19:09:30.171631+02
po45yjvzfo67lhdevtuhoxrzppyd5ckc	.eJxVjEEOwiAQRe_C2pABpox16b5nIANDpWpoUtqV8e7apAvd_vfef6nA21rC1vISJlEXZdXpd4ucHrnuQO5cb7NOc12XKepd0QdtepglP6-H-3dQuJVvzZ6EnMMREUl8EtcBeZEemEyMDs4AQhbZjsAGTWeEwbKDmLE3zqv3B8fbNuk:1qPpeA:yIi3vBFTLmmFId0Rd7NDO-lo3SMRNNkWQYn3LarcAro	2023-08-12 21:30:38.128166+02
9ylcei60o7img20w0as1l8f9dtsg9zox	.eJxVjEEOwiAQRe_C2pABpox16b5nIANDpWpoUtqV8e7apAvd_vfef6nA21rC1vISJlEXZdXpd4ucHrnuQO5cb7NOc12XKepd0QdtepglP6-H-3dQuJVvzZ6EnMMREUl8EtcBeZEemEyMDs4AQhbZjsAGTWeEwbKDmLE3zqv3B8fbNuk:1qOLtm:mfHP6AXRA4GcX86emsDTYMwRp-RaFCnYjbJRMZyB__Q	2023-08-08 19:32:38.871648+02
1vjpyfd6g2nterao5v7wh7w4q9guz4ns	.eJxVjEEOwiAQRe_C2pABpox16b5nIANDpWpoUtqV8e7apAvd_vfef6nA21rC1vISJlEXZdXpd4ucHrnuQO5cb7NOc12XKepd0QdtepglP6-H-3dQuJVvzZ6EnMMREUl8EtcBeZEemEyMDs4AQhbZjsAGTWeEwbKDmLE3zqv3B8fbNuk:1qPq5o:CUzm2luZ6ggjXNInRSEfr6hVSxHBssAxdl5S_uSK0zk	2023-08-12 21:59:12.424091+02
1bzuyv3dyihs2eu97k5s1kfhtt5lo05m	.eJxVjEEOwiAQRe_C2pABpox16b5nIANDpWpoUtqV8e7apAvd_vfef6nA21rC1vISJlEXZdXpd4ucHrnuQO5cb7NOc12XKepd0QdtepglP6-H-3dQuJVvzZ6EnMMREUl8EtcBeZEemEyMDs4AQhbZjsAGTWeEwbKDmLE3zqv3B8fbNuk:1qPqI2:Z8qlnsxztEuMAuJTvOv9qw4PRV16107_2zJTxFBcBEk	2023-08-12 22:11:50.257125+02
rzrcg4uez369879f966sz3hdsrl4pq8j	.eJxVjEEOwiAQRe_C2pABpox16b5nIANDpWpoUtqV8e7apAvd_vfef6nA21rC1vISJlEXZdXpd4ucHrnuQO5cb7NOc12XKepd0QdtepglP6-H-3dQuJVvzZ6EnMMREUl8EtcBeZEemEyMDs4AQhbZjsAGTWeEwbKDmLE3zqv3B8fbNuk:1qSL8m:p8ydU4PdO8qyeafpeBh2gVKxRB7DRPAwnKhm3bXItK4	2023-08-19 19:32:36.603275+02
wag2pxk142v1urvvj0iz1o720z7sg7lt	.eJxVjEEOwiAQRe_C2pABpox16b5nIANDpWpoUtqV8e7apAvd_vfef6nA21rC1vISJlEXZdXpd4ucHrnuQO5cb7NOc12XKepd0QdtepglP6-H-3dQuJVvzZ6EnMMREUl8EtcBeZEemEyMDs4AQhbZjsAGTWeEwbKDmLE3zqv3B8fbNuk:1qOMzD:sJ9S5xGqLys9zm4lk1R3ZRH9tOGK8LLeYVEDq2tGZRA	2023-08-08 20:42:19.521018+02
82hcidkqhgaza1xaids4vqrmk859nb8l	.eJxVjMsOwiAQRf-FtSG0wAy4dO83kBkeUjU0Ke3K-O_apAvd3nPOfYlA21rD1vMSpiTOYhCn340pPnLbQbpTu80yzm1dJpa7Ig_a5XVO-Xk53L-DSr1-a7AWfBoHpbnErI0uDhnA4miZAFJxpEChQmZ2HgDJWJPQF42gyKN4fwDGPzb_:1qON2d:VOgN0WQMK1BRrpGfngSr-JqPa2TWWxr2OVwBX7bCjt0	2023-08-08 20:45:51.762395+02
fl44f09bznhqggaail5ycnug1sabfha2	.eJxVjMsOwiAQRf-FtSG0wAy4dO83kBkeUjU0Ke3K-O_apAvd3nPOfYlA21rD1vMSpiTOYhCn340pPnLbQbpTu80yzm1dJpa7Ig_a5XVO-Xk53L-DSr1-a7AWfBoHpbnErI0uDhnA4miZAFJxpEChQmZ2HgDJWJPQF42gyKN4fwDGPzb_:1qON8m:ZCpb-o1OTgnazk1pn-O3T0ZHlzu_KS_1kgaYjFomkqI	2023-08-08 20:52:12.010325+02
yupry6fst7os1coffvkgbtku22ix0zsq	.eJxVjEEOwiAQRe_C2pABpox16b5nIANDpWpoUtqV8e7apAvd_vfef6nA21rC1vISJlEXZdXpd4ucHrnuQO5cb7NOc12XKepd0QdtepglP6-H-3dQuJVvzZ6EnMMREUl8EtcBeZEemEyMDs4AQhbZjsAGTWeEwbKDmLE3zqv3B8fbNuk:1qQ1eM:x8cZBemc6ThM0jRiU3qOtmMekzLnUwq9d9bHMfmjDA4	2023-08-13 10:19:38.805588+02
dgem5uue1c95veysxc9u07svxwp1b1gn	.eJxVjEEOwiAQRe_C2pABpox16b5nIANDpWpoUtqV8e7apAvd_vfef6nA21rC1vISJlEXZdXpd4ucHrnuQO5cb7NOc12XKepd0QdtepglP6-H-3dQuJVvzZ6EnMMREUl8EtcBeZEemEyMDs4AQhbZjsAGTWeEwbKDmLE3zqv3B8fbNuk:1qQ1lh:boP7fG56af41ifSCySTumcKk8vmRz7mLZJNrP7Ae23k	2023-08-13 10:27:13.847908+02
xekqwl95g30yencvfq836eqtl79e0mdz	.eJxVjEEOwiAQRe_C2pABpox16b5nIANDpWpoUtqV8e7apAvd_vfef6nA21rC1vISJlEXZdXpd4ucHrnuQO5cb7NOc12XKepd0QdtepglP6-H-3dQuJVvzZ6EnMMREUl8EtcBeZEemEyMDs4AQhbZjsAGTWeEwbKDmLE3zqv3B8fbNuk:1qQ4n3:-ztger1BjU9MeTkfAwQcQj7P6cEAqCItA3EQ_C_mlZY	2023-08-13 13:40:49.202499+02
j51phbys2krsw8m84ewq593rndecie0q	.eJxVjEEOwiAQRe_C2pABpox16b5nIANDpWpoUtqV8e7apAvd_vfef6nA21rC1vISJlEXZdXpd4ucHrnuQO5cb7NOc12XKepd0QdtepglP6-H-3dQuJVvzZ6EnMMREUl8EtcBeZEemEyMDs4AQhbZjsAGTWeEwbKDmLE3zqv3B8fbNuk:1qOiOA:JP2tlDIoh5FmSrvj9yYuvK2knKKn4ZACgZTZm2_W-1E	2023-08-09 19:33:30.032535+02
7vsh3qu7bj9znp1k0vv8jyilboxo61zq	.eJxVjMsOwiAQRf-FtSG0wAy4dO83kBkeUjU0Ke3K-O_apAvd3nPOfYlA21rD1vMSpiTOYhCn340pPnLbQbpTu80yzm1dJpa7Ig_a5XVO-Xk53L-DSr1-a7AWfBoHpbnErI0uDhnA4miZAFJxpEChQmZ2HgDJWJPQF42gyKN4fwDGPzb_:1qQ7OO:nbJTENycLffzG4IaBJR-jw10i4NOFx8IxDQR9Kta5KY	2023-08-13 16:27:32.025419+02
6jgfi0122x3f3kfsah7mgp1ljfhx95os	.eJxVjEEOwiAQRe_C2pABpox16b5nIANDpWpoUtqV8e7apAvd_vfef6nA21rC1vISJlEXZdXpd4ucHrnuQO5cb7NOc12XKepd0QdtepglP6-H-3dQuJVvzZ6EnMMREUl8EtcBeZEemEyMDs4AQhbZjsAGTWeEwbKDmLE3zqv3B8fbNuk:1qQBOE:67DrUq20wNbrILBiEYHls3h2KWqZZ2Q2DhpTBldAy8o	2023-08-13 20:43:38.749889+02
xd3f1we3h12wyxwm50njbh378j5uhsk8	.eJxVjEEOwiAQRe_C2pABpox16b5nIANDpWpoUtqV8e7apAvd_vfef6nA21rC1vISJlEXZdXpd4ucHrnuQO5cb7NOc12XKepd0QdtepglP6-H-3dQuJVvzZ6EnMMREUl8EtcBeZEemEyMDs4AQhbZjsAGTWeEwbKDmLE3zqv3B8fbNuk:1qQD9F:WOuN-SWeUazFi_ZLVikDDOVYR92CjgsksAC89ruIV6k	2023-08-13 22:36:17.684766+02
estvjwejtvly9mrj2nrp9ii5gnvyhhbz	.eJxVjEsOwjAMBe-SNYoSJ7gRS_acoXIcmxRQKvWzqrg7VOoCtm9m3mZ6Wpfar7NM_VDMxQCY0--YiZ_SdlIe1O6j5bEt05DtrtiDzvY2FnldD_fvoNJcv3UiDOfkBXLRhDGhw5RciKronYZcWIg4QEHpotfsHYAwK7J2DCGa9wcCFThf:1qSJ0w:gvLDikfumhNoDj4F71Ve2CrZhEmPem1_S6JSxtJ_3ac	2023-08-19 17:16:22.506539+02
taxqgyy85k5xozcet6rlc9qdwkzmqwg2	.eJxVjEEOwiAQRe_C2pABpox16b5nIANDpWpoUtqV8e7apAvd_vfef6nA21rC1vISJlEXZdXpd4ucHrnuQO5cb7NOc12XKepd0QdtepglP6-H-3dQuJVvzZ6EnMMREUl8EtcBeZEemEyMDs4AQhbZjsAGTWeEwbKDmLE3zqv3B8fbNuk:1qSJDc:VUrMrjWRahDPGXJUSfVuEAVlSlZs38lyG7AZKQACOrk	2023-08-19 17:29:28.030669+02
magncq3x6j8zf0b58o70o41b4tiea7zr	.eJxVjEEOwiAQRe_C2hAGkTIu3XsGMgNTqRpISrsy3l2bdKHb_977LxVpXUpcu8xxyuqswKnD78iUHlI3ku9Ub02nVpd5Yr0peqddX1uW52V3_w4K9fKtSRhhgMSjEfac0GEwngye-Cgc7EDZE4sbLScAIB-yDxYEMaAHYfX-ACmVOJk:1qScMJ:_bJchz6uSzRzNJuhgn6RPYvehFIaw3nkyVr82yrSFIg	2023-08-20 13:55:43.948087+02
2xmbytu781m2vvyaitf6ngiyntsmz14z	.eJxVjEEOwiAQRe_C2pABpox16b5nIANDpWpoUtqV8e7apAvd_vfef6nA21rC1vISJlEXZdXpd4ucHrnuQO5cb7NOc12XKepd0QdtepglP6-H-3dQuJVvzZ6EnMMREUl8EtcBeZEemEyMDs4AQhbZjsAGTWeEwbKDmLE3zqv3B8fbNuk:1qTdyO:w4dPgKeMKb25Byp3dNICSx3Eg48L82bXDrjHPND9CQE	2023-08-23 09:51:16.188378+02
fdcj9nxvopjf3sd7dirilvszsn1cvd1n	.eJxVjEEOwiAQRe_C2pABpox16b5nIANDpWpoUtqV8e7apAvd_vfef6nA21rC1vISJlEXZdXpd4ucHrnuQO5cb7NOc12XKepd0QdtepglP6-H-3dQuJVvzZ6EnMMREUl8EtcBeZEemEyMDs4AQhbZjsAGTWeEwbKDmLE3zqv3B8fbNuk:1qLUAW:Zz8_3k1cQ6mWOKcPCcnHGb0am7ohJ18H88xAxxLkLh8	2023-07-31 21:46:04.562832+02
de4pztqrsuzp6eqwjxynrswmglobztts	.eJxVjEEOwiAQRe_C2hAoMwVcuu8ZCMNMpGrapLQr490NSRe6_e-9_1YpH3tNR5Mtzayuyhp1-R0pl6csnfAjL_dVl3XZt5l0V_RJm55WltftdP8Oam6113aMxBaJgUMkM8LAaBAQyRmQIA4QwBbjyecgPgw-ZgIH3gpaBPX5AutXNuI:1qSJgx:kzQfa30aKKNP8QpkpvWkUtsJUQjmckeVoBZcdrSlpLA	2023-08-19 17:59:47.160425+02
2vmx71pml2jjohcm966wrtp3k1lcry4j	.eJxVjDsOwjAQBe_iGlm2E_8o6TmDtd5d4wBypDipEHeHSCmgfTPzXiLBtta0dV7SROIsnDj9bhnwwW0HdId2myXObV2mLHdFHrTL60z8vBzu30GFXr_1yMYHtCYYM2by2YXgrR58UVEDAqFTsaD1ZHkEICYuGPOgFGvDGrJ4fwDgkziQ:1qLUQk:UGOL2fNWfajFINnmzXJl4zFZ9Cbgc0rLM0TrJ2o8CDY	2023-07-31 22:02:50.796337+02
ddilo6yzlinewnv1zw8f9d9hr4p1639p	.eJxVjEEOwiAQRe_C2pABpox16b5nIANDpWpoUtqV8e7apAvd_vfef6nA21rC1vISJlEXZdXpd4ucHrnuQO5cb7NOc12XKepd0QdtepglP6-H-3dQuJVvzZ6EnMMREUl8EtcBeZEemEyMDs4AQhbZjsAGTWeEwbKDmLE3zqv3B8fbNuk:1qPO5j:KOISzOcC7BqK79AaugdhkdUVlHdDhFaVIe8VuJBgr-M	2023-08-11 16:05:15.064425+02
is660nmlh6muyfn02q5bdxw8gqxniwal	.eJxVjEEOwiAQRe_C2pABpox16b5nIANDpWpoUtqV8e7apAvd_vfef6nA21rC1vISJlEXZdXpd4ucHrnuQO5cb7NOc12XKepd0QdtepglP6-H-3dQuJVvzZ6EnMMREUl8EtcBeZEemEyMDs4AQhbZjsAGTWeEwbKDmLE3zqv3B8fbNuk:1qPnRu:51ZxBfMSFv01rbYuiVB4EAZ_yrlea2UB1khijwqg8QE	2023-08-12 19:09:50.586478+02
0dggxw39z67kzlz6zadgc3tcsd1s67px	.eJxVjDsOwjAQBe_iGlmO4s8uJT1nsNbeNQ4gR4qTCnF3iJQC2jcz76UibWuNW5clTqzOCtTpd0uUH9J2wHdqt1nnua3LlPSu6IN2fZ1ZnpfD_Tuo1Ou3NmQFi5iSPNoEjtGalIEYy2jcEAY0QuxBmDIDgy9jgBCys8hSMKv3BwG2OME:1qOJtA:eUhxAB5r-9k4wFF1t01V8L_5Pb4py0OmTSX0b7Mq8l8	2023-08-08 17:23:52.788006+02
vd3y114c2k3y1ure42x4g6ey8hnh4g8t	.eJxVjEEOwiAQRe_C2pABpox16b5nIANDpWpoUtqV8e7apAvd_vfef6nA21rC1vISJlEXZdXpd4ucHrnuQO5cb7NOc12XKepd0QdtepglP6-H-3dQuJVvzZ6EnMMREUl8EtcBeZEemEyMDs4AQhbZjsAGTWeEwbKDmLE3zqv3B8fbNuk:1qPohw:sWfnoGLIxuVYCHc8051iSjP4chfVyH1rKLxMWt8w69U	2023-08-12 20:30:28.159669+02
sw1j2rlenzg8kham9neqc5ekry9p31y9	.eJxVjEEOwiAQRe_C2pABpox16b5nIANDpWpoUtqV8e7apAvd_vfef6nA21rC1vISJlEXZdXpd4ucHrnuQO5cb7NOc12XKepd0QdtepglP6-H-3dQuJVvzZ6EnMMREUl8EtcBeZEemEyMDs4AQhbZjsAGTWeEwbKDmLE3zqv3B8fbNuk:1qPpKf:d5Rt3IrFAOKMLZ8j5r_IpTLmWCEpWDeh1bgqdmu8WKc	2023-08-12 21:10:29.051458+02
vozezrozve6myh30s6pwuw1kpwmobl06	.eJxVjEEOwiAQRe_C2pABpox16b5nIANDpWpoUtqV8e7apAvd_vfef6nA21rC1vISJlEXZdXpd4ucHrnuQO5cb7NOc12XKepd0QdtepglP6-H-3dQuJVvzZ6EnMMREUl8EtcBeZEemEyMDs4AQhbZjsAGTWeEwbKDmLE3zqv3B8fbNuk:1qPppR:y-alQ8s1AdFi05k2FIJK0Ibc-ssSto6I_SES5iG4FKA	2023-08-12 21:42:17.563722+02
tx6nlrsoij478htc0vkb5u156azldb0h	.eJxVjEEOwiAQRe_C2pABpox16b5nIANDpWpoUtqV8e7apAvd_vfef6nA21rC1vISJlEXZdXpd4ucHrnuQO5cb7NOc12XKepd0QdtepglP6-H-3dQuJVvzZ6EnMMREUl8EtcBeZEemEyMDs4AQhbZjsAGTWeEwbKDmLE3zqv3B8fbNuk:1qPqFj:nuU7xW-ir8rRzyOF_7zBe4WaMgLUmxluzmM2M8wVuEo	2023-08-12 22:09:27.065507+02
7qd2wzudangy2vkk5vw11f1a0yzbxwcf	.eJxVjEEOwiAQRe_C2pABpox16b5nIANDpWpoUtqV8e7apAvd_vfef6nA21rC1vISJlEXZdXpd4ucHrnuQO5cb7NOc12XKepd0QdtepglP6-H-3dQuJVvzZ6EnMMREUl8EtcBeZEemEyMDs4AQhbZjsAGTWeEwbKDmLE3zqv3B8fbNuk:1qhWaO:gfakKbbEitBd57EF0RqG-rOiUuSJevJ3tNXPsuPaBKA	2023-09-30 16:47:52.517559+02
hh581gib2wn1rfwumt7hyqmog1haugfg	.eJxVjEEOwiAQRe_C2pABpox16b5nIANDpWpoUtqV8e7apAvd_vfef6nA21rC1vISJlEXZdXpd4ucHrnuQO5cb7NOc12XKepd0QdtepglP6-H-3dQuJVvzZ6EnMMREUl8EtcBeZEemEyMDs4AQhbZjsAGTWeEwbKDmLE3zqv3B8fbNuk:1qOLx7:w0POcRSn1CKKQE3MLH1dQhDs62Rd2-yIc8-Ssxxunts	2023-08-08 19:36:05.324866+02
ambf8wy3jlyvmoyxy6n3zkd9r8htta18	.eJxVjEEOwiAQRe_C2pABpox16b5nIANDpWpoUtqV8e7apAvd_vfef6nA21rC1vISJlEXZdXpd4ucHrnuQO5cb7NOc12XKepd0QdtepglP6-H-3dQuJVvzZ6EnMMREUl8EtcBeZEemEyMDs4AQhbZjsAGTWeEwbKDmLE3zqv3B8fbNuk:1qOM2U:-CBtw6Pd1CeLDq1HY9RdNV4o52xVYsxmdQuiYkqgMzY	2023-08-08 19:41:38.74716+02
stu33ksqm3o209490jzt81v665bqnt6n	.eJxVjEEOwiAQRe_C2pABpox16b5nIANDpWpoUtqV8e7apAvd_vfef6nA21rC1vISJlEXZdXpd4ucHrnuQO5cb7NOc12XKepd0QdtepglP6-H-3dQuJVvzZ6EnMMREUl8EtcBeZEemEyMDs4AQhbZjsAGTWeEwbKDmLE3zqv3B8fbNuk:1qOMAa:RpHRuJRWuidLtuIDuPZfaqcPA6JIIgbkxxapdFTvgrs	2023-08-08 19:50:00.446427+02
983zkbbjr3jh6ksljacmaar3htezeite	.eJxVjEEOwiAQRe_C2pABpox16b5nIANDpWpoUtqV8e7apAvd_vfef6nA21rC1vISJlEXZdXpd4ucHrnuQO5cb7NOc12XKepd0QdtepglP6-H-3dQuJVvzZ6EnMMREUl8EtcBeZEemEyMDs4AQhbZjsAGTWeEwbKDmLE3zqv3B8fbNuk:1qQ4ij:RgUPfUsaCwcWWDK0SDRns_R--SLDUY5CubsfLLvFQo0	2023-08-13 13:36:21.443002+02
dbzfo9dsc6xusbht1boxmxusj4r6qsxo	.eJxVjEEOwiAQRe_C2pABpox16b5nIANDpWpoUtqV8e7apAvd_vfef6nA21rC1vISJlEXZdXpd4ucHrnuQO5cb7NOc12XKepd0QdtepglP6-H-3dQuJVvzZ6EnMMREUl8EtcBeZEemEyMDs4AQhbZjsAGTWeEwbKDmLE3zqv3B8fbNuk:1qQ4sr:vhIL2p6BwLHNzEi9ovIqFrTQcZB-i_D25_xxacnK8EY	2023-08-13 13:46:49.925862+02
oitxgm08b59wybbw623bo616g6vpr9bd	.eJxVjMsOwiAQRf-FtSG0wAy4dO83kBkeUjU0Ke3K-O_apAvd3nPOfYlA21rD1vMSpiTOYhCn340pPnLbQbpTu80yzm1dJpa7Ig_a5XVO-Xk53L-DSr1-a7AWfBoHpbnErI0uDhnA4miZAFJxpEChQmZ2HgDJWJPQF42gyKN4fwDGPzb_:1qON6Q:vvpP4jTUuYXyEfKt1q1HWITkFisSmKJMqa2XgvT17eY	2023-08-08 20:49:46.155617+02
ps1ch5cjb4ijqabbt5p0a0b5n5nthbfg	.eJxVjMsOwiAQRf-FtSG0wAy4dO83kBkeUjU0Ke3K-O_apAvd3nPOfYlA21rD1vMSpiTOYhCn340pPnLbQbpTu80yzm1dJpa7Ig_a5XVO-Xk53L-DSr1-a7AWfBoHpbnErI0uDhnA4miZAFJxpEChQmZ2HgDJWJPQF42gyKN4fwDGPzb_:1qONBO:Bx-O0lMI8Y3u03aIFc3DRE2Sk7Gb0Fpry_rjUB-RzFs	2023-08-08 20:54:54.989821+02
7guvv41ugdvh0od4a3jpen1kafjxpwzg	.eJxVjEEOwiAQRe_C2pABpox16b5nIANDpWpoUtqV8e7apAvd_vfef6nA21rC1vISJlEXZdXpd4ucHrnuQO5cb7NOc12XKepd0QdtepglP6-H-3dQuJVvzZ6EnMMREUl8EtcBeZEemEyMDs4AQhbZjsAGTWeEwbKDmLE3zqv3B8fbNuk:1qONFB:xeOAPpFeLGvPkbGyj-ZexBxLViRWPkIMXEcIyCoheC8	2023-08-08 20:58:49.863298+02
gxj7ck889m57e3vnf805swrrnrq0vplt	.eJxVjMsOwiAQRf-FtSG0wAy4dO83kBkeUjU0Ke3K-O_apAvd3nPOfYlA21rD1vMSpiTOYhCn340pPnLbQbpTu80yzm1dJpa7Ig_a5XVO-Xk53L-DSr1-a7AWfBoHpbnErI0uDhnA4miZAFJxpEChQmZ2HgDJWJPQF42gyKN4fwDGPzb_:1qQ790:XxqxAl5sAsIsdkR9veKLDgr_xOZCML-5OYlqBKnF7Pw	2023-08-13 16:11:38.311114+02
bf2eiqyxnvby210tknm7nz1xei2xd9bx	.eJxVjMsOwiAQRf-FtSG0wAy4dO83kBkeUjU0Ke3K-O_apAvd3nPOfYlA21rD1vMSpiTOYhCn340pPnLbQbpTu80yzm1dJpa7Ig_a5XVO-Xk53L-DSr1-a7AWfBoHpbnErI0uDhnA4miZAFJxpEChQmZ2HgDJWJPQF42gyKN4fwDGPzb_:1qQASI:pTg0sqOZRKlw_376_QmH8Nr9CyDnX1cfAzYy8KsTHP4	2023-08-13 19:43:46.554633+02
8y65xnwlflstq2kh2jz1vejxopn9lazb	.eJxVjEEOwiAQRe_C2pABpox16b5nIANDpWpoUtqV8e7apAvd_vfef6nA21rC1vISJlEXZdXpd4ucHrnuQO5cb7NOc12XKepd0QdtepglP6-H-3dQuJVvzZ6EnMMREUl8EtcBeZEemEyMDs4AQhbZjsAGTWeEwbKDmLE3zqv3B8fbNuk:1qQAYa:VjmeELBIWITuyADHJbfbB4c7bi5APzgU-9qFf_uh5gc	2023-08-13 19:50:16.121931+02
7urjp4rzmkuteryqqkcz8wuvkaj2y3j6	.eJxVjEEOwiAQRe_C2pABpox16b5nIANDpWpoUtqV8e7apAvd_vfef6nA21rC1vISJlEXZdXpd4ucHrnuQO5cb7NOc12XKepd0QdtepglP6-H-3dQuJVvzZ6EnMMREUl8EtcBeZEemEyMDs4AQhbZjsAGTWeEwbKDmLE3zqv3B8fbNuk:1qQBpY:TNzEFywI7Veenrxenl9GAnqnbcr5tkv9GRYBG2CSUmY	2023-08-13 21:11:52.814528+02
8n4i24na9dtpdkp9jwxmsy6g1d5bn0n2	.eJxVjEsOwjAMBe-SNYoSJ7gRS_acoXIcmxRQKvWzqrg7VOoCtm9m3mZ6Wpfar7NM_VDMxQCY0--YiZ_SdlIe1O6j5bEt05DtrtiDzvY2FnldD_fvoNJcv3UiDOfkBXLRhDGhw5RciKronYZcWIg4QEHpotfsHYAwK7J2DCGa9wcCFThf:1qSIwH:6o7B2wvRRufK1SQfi52zUV7-VTVDDzjHb_Cty_ixYC8	2023-08-19 17:11:33.244623+02
u8ewa5ku8iixct6o3vcjnhtf9fkj2ugj	.eJxVjEEOwiAQRe_C2pABpox16b5nIANDpWpoUtqV8e7apAvd_vfef6nA21rC1vISJlEXZdXpd4ucHrnuQO5cb7NOc12XKepd0QdtepglP6-H-3dQuJVvzZ6EnMMREUl8EtcBeZEemEyMDs4AQhbZjsAGTWeEwbKDmLE3zqv3B8fbNuk:1qTdlA:Mkxr0VKHMJshkLdNfwDEMLFnr3py1iGTyHDHmkhMZvE	2023-08-23 09:37:36.704577+02
nofbanir17mif52n0an485kpirwpv4k3	.eJxVjEEOwiAQRe_C2pABpox16b5nIANDpWpoUtqV8e7apAvd_vfef6nA21rC1vISJlEXZdXpd4ucHrnuQO5cb7NOc12XKepd0QdtepglP6-H-3dQuJVvzZ6EnMMREUl8EtcBeZEemEyMDs4AQhbZjsAGTWeEwbKDmLE3zqv3B8fbNuk:1qSJRn:aD5XIA5aqdI9P1Hsu7uFob6FGYWLvO21w6ZiG9A4UI4	2023-08-19 17:44:07.410521+02
6j23lqztlghw6jsscl95or9ri1n3vgsb	.eJxVjEEOwiAQRe_C2pABpox16b5nIANDpWpoUtqV8e7apAvd_vfef6nA21rC1vISJlEXZdXpd4ucHrnuQO5cb7NOc12XKepd0QdtepglP6-H-3dQuJVvzZ6EnMMREUl8EtcBeZEemEyMDs4AQhbZjsAGTWeEwbKDmLE3zqv3B8fbNuk:1qTeFf:IV0sU9qsJRMmR6NZvNjpIjP9loMt_OKOT3F0tmW5x7o	2023-08-23 10:09:07.907532+02
mg5fmku9k6jez71l38oeuwvcpbgjuwex	.eJxVjMsOwiAQRf-FtSG0wAy4dO83kBkeUjU0Ke3K-O_apAvd3nPOfYlA21rD1vMSpiTOYhCn340pPnLbQbpTu80yzm1dJpa7Ig_a5XVO-Xk53L-DSr1-a7AWfBoHpbnErI0uDhnA4miZAFJxpEChQmZ2HgDJWJPQF42gyKN4fwDGPzb_:1r1P8f:8l9s7bSPaZ5vh80P22V2M9pMjGAvpQi-oFEh_lWugdg	2023-11-24 11:53:25.944095+01
l01syfmbdatqzqqobgm6iuweahjb61kq	.eJxVjMsOwiAQRf-FtSG0wAy4dO83kBkeUjU0Ke3K-O_apAvd3nPOfYlA21rD1vMSpiTOYhCn340pPnLbQbpTu80yzm1dJpa7Ig_a5XVO-Xk53L-DSr1-a7AWfBoHpbnErI0uDhnA4miZAFJxpEChQmZ2HgDJWJPQF42gyKN4fwDGPzb_:1rCgkK:tOfKXl1jvEm9zXyWT3HcY5bLKDlz3gK-v93SdN1eHyw	2023-12-25 14:54:56.218013+01
9lt8riqf1a9tce13x6ohcimuc281dtnx	.eJxVjEEOwiAQRe_C2hBmqDi4dO8ZyACjVA0kpV0Z726bdKHb_977bxV4mUtYukxhzOqsrFGH3zFyekrdSH5wvTedWp2nMepN0Tvt-tqyvC67-3dQuJe1FgNsEguaJCeiaMVGcXiU7MEjZLRgvHO0CjzALREzRCQrAzEQoPp8AQuEN7U:1r6u41:TqOeO2fn25iEcEQHxLoqUKNLf6C0nyROD0fHqNyC8fs	2023-12-09 15:55:21.19627+01
5svzvnyku1fbgp1hqkcfem8yp70fn0vw	.eJxVjMsOwiAQRf-FtSG0wAy4dO83kBkeUjU0Ke3K-O_apAvd3nPOfYlA21rD1vMSpiTOYhCn340pPnLbQbpTu80yzm1dJpa7Ig_a5XVO-Xk53L-DSr1-a7AWfBoHpbnErI0uDhnA4miZAFJxpEChQmZ2HgDJWJPQF42gyKN4fwDGPzb_:1r7iGq:lBaLlc-d6ORIPdTCcBRMW2C6H_fnMCLTFGepSyRCmN8	2023-12-11 21:31:56.057821+01
dfdx5e8i2tx6azom8wdb1sos6g5fpeh7	.eJxVjEEOwiAQRe_C2pABpox16b5nIANDpWpoUtqV8e7apAvd_vfef6nA21rC1vISJlEXZdXpd4ucHrnuQO5cb7NOc12XKepd0QdtepglP6-H-3dQuJVvzZ6EnMMREUl8EtcBeZEemEyMDs4AQhbZjsAGTWeEwbKDmLE3zqv3B8fbNuk:1qlQH6:y6NLAcvRIVBMpjiDoEzKHNOWO8H1ywZ3L1-GwQ2vFq0	2023-10-11 10:52:04.012935+02
tdpug8fkarou5ghuiaut2qaq3fb3t7z1	.eJxVjEEOwiAQRe_C2pABpox16b5nIANDpWpoUtqV8e7apAvd_vfef6nA21rC1vISJlEXZdXpd4ucHrnuQO5cb7NOc12XKepd0QdtepglP6-H-3dQuJVvzZ6EnMMREUl8EtcBeZEemEyMDs4AQhbZjsAGTWeEwbKDmLE3zqv3B8fbNuk:1qjkpF:U2aVoa6m-PPtn7KozvKJpbgq1zHcNpVFHXqnMoAUoa0	2023-10-06 20:24:25.939882+02
3oz95jp13iffsdb0i0ger1kyvwc91cd3	.eJxVjEEOwiAQRe_C2pABpox16b5nIANDpWpoUtqV8e7apAvd_vfef6nA21rC1vISJlEXZdXpd4ucHrnuQO5cb7NOc12XKepd0QdtepglP6-H-3dQuJVvzZ6EnMMREUl8EtcBeZEemEyMDs4AQhbZjsAGTWeEwbKDmLE3zqv3B8fbNuk:1qkhP8:k6raMZfc7Py2MmOyB0XYGyJsY46ds04ElVsh9taK_oE	2023-10-09 10:57:22.127251+02
2tddtckou32whvomwxfc6zrea1eaxw42	.eJxVjEEOwiAQRe_C2hBmqDi4dO8ZyACjVA0kpV0Z726bdKHb_977bxV4mUtYukxhzOqsrFGH3zFyekrdSH5wvTedWp2nMepN0Tvt-tqyvC67-3dQuJe1FgNsEguaJCeiaMVGcXiU7MEjZLRgvHO0CjzALREzRCQrAzEQoPp8AQuEN7U:1rCpUt:7JoUyhQPmlji76ueI6Yqq8OOvBqbMT06WeTW9hrslII	2023-12-26 00:15:35.702738+01
yvvr1wj7nq1qrl8gzs5amsrrhuokoqfj	.eJxVjEEOwiAQRe_C2pABpox16b5nIANDpWpoUtqV8e7apAvd_vfef6nA21rC1vISJlEXZdXpd4ucHrnuQO5cb7NOc12XKepd0QdtepglP6-H-3dQuJVvzZ6EnMMREUl8EtcBeZEemEyMDs4AQhbZjsAGTWeEwbKDmLE3zqv3B8fbNuk:1rCqEM:-of7XZtttZqK5_8tSf-9NAurqh1TD_mUxZRDcAfE518	2023-12-26 01:02:34.027841+01
w712mw2258fo242vqgrqlbsz19acnknr	.eJxVjMsOwiAURP-FtSFwebt0328gwAWpGkhKuzL-u23She4mc87Mm_iwrdVvIy9-RnIlIMnlt4whPXM7CD5Cu3eaeluXOdJDoScddOqYX7fT_TuoYdR9rbPiQqgI2pVkTeSMg7WlcCwuiSCUYABopCgoDRQW1R55BqcV8qwd-XwB7Eo3TQ:1qmGjB:agxGIlVZXfKeTHwy1hstzO_lE-gaw590Do95n56BdlU	2023-10-13 18:52:33.092219+02
9r01kwuvt602r5n1l8tqbiyhli9jcu13	.eJxVjMsOwiAQRf-FtSG0wAy4dO83kBkeUjU0Ke3K-O_apAvd3nPOfYlA21rD1vMSpiTOYhCn340pPnLbQbpTu80yzm1dJpa7Ig_a5XVO-Xk53L-DSr1-a7AWfBoHpbnErI0uDhnA4miZAFJxpEChQmZ2HgDJWJPQF42gyKN4fwDGPzb_:1rAoC6:nJySTB8hvzCAtqOOUnBsO2lOD3le7dJt4Nx8R0YkhUk	2023-12-20 10:27:50.066583+01
ukxoetxvkjjsdjwa2fccn54ehbqvaod8	.eJxVjEEOwiAQRe_C2pBSBgGX7nuGZpgZbNVAUtqV8e7apAvd_vfef6kRt3UatybLOLO6KGvU6XdMSA8pO-E7llvVVMu6zEnvij5o00NleV4P9-9gwjZ964TsnElCBEDGBueDyeAshJhTBx56sGK7LvccfYjI0hsK7pw4C3ry6v0BAH84DQ:1quvUJ:pt9HPY9fYg4iAjAQZ_ifzItzUEXEYjJuMnwU7DHLK_8	2023-11-06 15:00:59.813808+01
ywecvi7w566e2q7m4tpxn7vpvqggvr4c	.eJxVjMsOwiAQRf-FtSG0wAy4dO83kBkeUjU0Ke3K-O_apAvd3nPOfYlA21rD1vMSpiTOYhCn340pPnLbQbpTu80yzm1dJpa7Ig_a5XVO-Xk53L-DSr1-a7AWfBoHpbnErI0uDhnA4miZAFJxpEChQmZ2HgDJWJPQF42gyKN4fwDGPzb_:1qsfbF:QOpjPSqroLPV89WwgsZ2Zap7uuUb7pzA-pIpl7CEmko	2023-10-31 09:38:49.865113+01
kn22g3scear0vl2cqvxa0oaoyig70i18	.eJxVjMsOwiAQRf-FtSG0wAy4dO83kBkeUjU0Ke3K-O_apAvd3nPOfYlA21rD1vMSpiTOYhCn340pPnLbQbpTu80yzm1dJpa7Ig_a5XVO-Xk53L-DSr1-a7AWfBoHpbnErI0uDhnA4miZAFJxpEChQmZ2HgDJWJPQF42gyKN4fwDGPzb_:1rAzM9:vbuBpJnAKqxFYtJWh-FcVV93OxQ3fEgvzdGF0NBD4vs	2023-12-20 22:22:57.669988+01
w7nmmipaq3hryngjhh98o9o65afwmci4	.eJxVjMsOwiAQRf-FtSG0wAy4dO83kBkeUjU0Ke3K-O_apAvd3nPOfYlA21rD1vMSpiTOYhCn340pPnLbQbpTu80yzm1dJpa7Ig_a5XVO-Xk53L-DSr1-a7AWfBoHpbnErI0uDhnA4miZAFJxpEChQmZ2HgDJWJPQF42gyKN4fwDGPzb_:1rBDvP:muW6FysXgeSoKJag0BfhnOwTn7oo2FcRIupaiBu6Kc4	2023-12-21 13:56:19.66196+01
3gt18529cbmlz5i52n84tifkgbg3o4yn	.eJxVjMsOwiAQRf-FtSG0wAy4dO83kBkeUjU0Ke3K-O_apAvd3nPOfYlA21rD1vMSpiTOYhCn340pPnLbQbpTu80yzm1dJpa7Ig_a5XVO-Xk53L-DSr1-a7AWfBoHpbnErI0uDhnA4miZAFJxpEChQmZ2HgDJWJPQF42gyKN4fwDGPzb_:1rHTxJ:jFZia05o7oU1D4306fgZchD9TMWa0HkBt0WO6defx4A	2024-01-07 20:16:09.13161+01
ralbj1icstwy4jdi426qpr0b2nzdptur	.eJxVjEEOwiAQRe_C2pBSBgGX7nuGZpgZbNVAUtqV8e7apAvd_vfef6kRt3UatybLOLO6KGvU6XdMSA8pO-E7llvVVMu6zEnvij5o00NleV4P9-9gwjZ964TsnElCBEDGBueDyeAshJhTBx56sGK7LvccfYjI0hsK7pw4C3ry6v0BAH84DQ:1rBZlE:yHbtqw7fdK2aHImItRVYluMzaHud-KUZTX7ZhRUyYNE	2023-12-22 13:15:16.194559+01
pk5yf5pfjqspueo77vvrt2zog7sgrilk	.eJxVjMsOwiAQRf-FtSG0wAy4dO83kBkeUjU0Ke3K-O_apAvd3nPOfYlA21rD1vMSpiTOYhCn340pPnLbQbpTu80yzm1dJpa7Ig_a5XVO-Xk53L-DSr1-a7AWfBoHpbnErI0uDhnA4miZAFJxpEChQmZ2HgDJWJPQF42gyKN4fwDGPzb_:1rBzwN:btEBdmmM_VaBnybwe-PQLA0m62844ctzYxKBozlc7Vg	2023-12-23 17:12:31.995677+01
cot3i5lencj8crj131xiczg85czsilhs	.eJxVjMsOwiAQRf-FtSG0wAy4dO83kBkeUjU0Ke3K-O_apAvd3nPOfYlA21rD1vMSpiTOYhCn340pPnLbQbpTu80yzm1dJpa7Ig_a5XVO-Xk53L-DSr1-a7AWfBoHpbnErI0uDhnA4miZAFJxpEChQmZ2HgDJWJPQF42gyKN4fwDGPzb_:1rOIoM:uwk6-PkdKAl-HuqeKXXC1vr6V9yG1mLuidEnhQfrbyI	2024-01-26 15:47:06.348495+01
dkk583mcm4ual45uaudj4aaeou5uemd5	.eJxVjMsOwiAQRf-FtSG0wAy4dO83kBkeUjU0Ke3K-O_apAvd3nPOfYlA21rD1vMSpiTOYhCn340pPnLbQbpTu80yzm1dJpa7Ig_a5XVO-Xk53L-DSr1-a7AWfBoHpbnErI0uDhnA4miZAFJxpEChQmZ2HgDJWJPQF42gyKN4fwDGPzb_:1rOcwo:hbAnELADeYC7nzUmBSYowHg3G547pBvO7ss4NLpOBNs	2024-01-27 13:17:10.294642+01
ms9nkf4f2jji2o86bzoh7g99qjw27fp2	.eJxVjMsOwiAQRf-FtSG0wAy4dO83kBkeUjU0Ke3K-O_apAvd3nPOfYlA21rD1vMSpiTOYhCn340pPnLbQbpTu80yzm1dJpa7Ig_a5XVO-Xk53L-DSr1-a7AWfBoHpbnErI0uDhnA4miZAFJxpEChQmZ2HgDJWJPQF42gyKN4fwDGPzb_:1rReBD:L2zJQR8Q56dLb62Gj_fhkZWiVjG_K7KmZCLEZCH20L8	2024-02-04 21:12:31.317977+01
7hnk7vkt40aqrdtr4xf0quyidqr8rp4y	.eJxVjMsOwiAQRf-FtSG0wAy4dO83kBkeUjU0Ke3K-O_apAvd3nPOfYlA21rD1vMSpiTOYhCn340pPnLbQbpTu80yzm1dJpa7Ig_a5XVO-Xk53L-DSr1-a7AWfBoHpbnErI0uDhnA4miZAFJxpEChQmZ2HgDJWJPQF42gyKN4fwDGPzb_:1rUDK5:JiYD7KA-nROT7wnhZltzkjxSEwxEYiEYchtRtWUY5m8	2024-02-11 23:08:17.632904+01
exvbfblmha5pxv5wb2gwcyn2rzzae4es	.eJxVjEEOwiAQRe_C2hCgUBiX7j0DGZhBqoYmpV0Z765NutDtf-_9l4i4rTVunZc4kTgL48Tpd0yYH9x2Qndst1nmua3LlOSuyIN2eZ2Jn5fD_Tuo2Ou3torRgmMfnEbjFemivTYpQ1IA4BQUCDwGUsmqAsReA3ubsxsKD24U7w_u_DeW:1rYOMI:vpM0UqbOdpUVIm2apjC19iD2jWD6MAYfnJBG8AzsMms	2024-02-23 11:43:50.596167+01
69wb9u3xaof2m9ell2dqrz4c3v8grbek	.eJxVjMsOwiAQRf-FtSG0wAy4dO83kBkeUjU0Ke3K-O_apAvd3nPOfYlA21rD1vMSpiTOYhCn340pPnLbQbpTu80yzm1dJpa7Ig_a5XVO-Xk53L-DSr1-a7AWfBoHpbnErI0uDhnA4miZAFJxpEChQmZ2HgDJWJPQF42gyKN4fwDGPzb_:1rYtQr:Hd687Gl2GT01ZPnGQ7JN4rJDljyaiDOr9tjxpnaahxg	2024-02-24 20:54:37.604045+01
mkwcs2j5yv4kmqhb3brwi4zuughjp1n2	.eJxVjEEOwiAQRe_C2pABpox16b5nIANDpWpoUtqV8e7apAvd_vfef6nA21rC1vISJlEXZdXpd4ucHrnuQO5cb7NOc12XKepd0QdtepglP6-H-3dQuJVvzZ6EnMMREUl8EtcBeZEemEyMDs4AQhbZjsAGTWeEwbKDmLE3zqv3B8fbNuk:1qqBgd:Gpfd06hXqKPhk3aPOhcx-ESe2WXBEj7M5ZzIv-d4jDE	2023-10-24 14:18:07.993648+02
blh27qi5i4kri1hqc6g3pb6x1jvshlr5	.eJxVjEEOwiAQRe_C2pABpox16b5nIANDpWpoUtqV8e7apAvd_vfef6nA21rC1vISJlEXZdXpd4ucHrnuQO5cb7NOc12XKepd0QdtepglP6-H-3dQuJVvzZ6EnMMREUl8EtcBeZEemEyMDs4AQhbZjsAGTWeEwbKDmLE3zqv3B8fbNuk:1qqeZQ:ytpWYwnY2ep7EmSGk2chJqO2crV95ijAnuj8MHulDYI	2023-10-25 21:08:36.438286+02
lo6r8dj8hxtannab96mewbiv7yogx013	.eJxVjEEOwiAQRe_C2hBmqDi4dO8ZyACjVA0kpV0Z726bdKHb_977bxV4mUtYukxhzOqsrFGH3zFyekrdSH5wvTedWp2nMepN0Tvt-tqyvC67-3dQuJe1FgNsEguaJCeiaMVGcXiU7MEjZLRgvHO0CjzALREzRCQrAzEQoPp8AQuEN7U:1ql5lW:7FCtZeKBtRhMu98jMs8V7MbJ4-gD8FbZwDkUt9vJwmU	2023-10-10 12:58:06.332634+02
dtmp5vdan1ctadj85gq8mto4piwcgni5	.eJxVjEEOwiAQRe_C2pABpox16b5nIANDpWpoUtqV8e7apAvd_vfef6nA21rC1vISJlEXZdXpd4ucHrnuQO5cb7NOc12XKepd0QdtepglP6-H-3dQuJVvzZ6EnMMREUl8EtcBeZEemEyMDs4AQhbZjsAGTWeEwbKDmLE3zqv3B8fbNuk:1qlOT2:qjyeXdGJLSZheO_WYARMk9iUwEMub8iU0Z7RPORbtCg	2023-10-11 08:56:16.540449+02
z9lnm2owtbq4px8p8lhowlbihnrb849w	.eJxVjEEOwiAQRe_C2pABpox16b5nIANDpWpoUtqV8e7apAvd_vfef6nA21rC1vISJlEXZdXpd4ucHrnuQO5cb7NOc12XKepd0QdtepglP6-H-3dQuJVvzZ6EnMMREUl8EtcBeZEemEyMDs4AQhbZjsAGTWeEwbKDmLE3zqv3B8fbNuk:1qlOhO:PWtw0vlF7v8wFum1Wsu_qb4W51CUz60wWk0CrzBPTqI	2023-10-11 09:11:06.002291+02
2mqyq64du4vdxr9ilm7us2l89fq8cns2	.eJxVjEEOwiAQRe_C2pABpox16b5nIANDpWpoUtqV8e7apAvd_vfef6nA21rC1vISJlEXZdXpd4ucHrnuQO5cb7NOc12XKepd0QdtepglP6-H-3dQuJVvzZ6EnMMREUl8EtcBeZEemEyMDs4AQhbZjsAGTWeEwbKDmLE3zqv3B8fbNuk:1quGhF:h-49fkPNzDFHrXOl6s9UjnnITQ_T5uSDbyqTq1inJ2M	2023-11-04 19:27:37.782486+01
ue9nhwsxgyloux9v4kmoue1sqld6fj8m	.eJxVjMsOwiAQRf-FtSG0wAy4dO83kBkeUjU0Ke3K-O_apAvd3nPOfYlA21rD1vMSpiTOYhCn340pPnLbQbpTu80yzm1dJpa7Ig_a5XVO-Xk53L-DSr1-a7AWfBoHpbnErI0uDhnA4miZAFJxpEChQmZ2HgDJWJPQF42gyKN4fwDGPzb_:1qrdZM:BTdZFN8Jlr7uxELB1lQK4KwbzbUtu66FJ4LdItSU-Uo	2023-10-28 14:16:36.802832+02
0xn57ec471qtksvfjjieayinz7pfng5x	.eJxVjMsOwiAURP-FtSFwebt0328gwAWpGkhKuzL-u23She4mc87Mm_iwrdVvIy9-RnIlIMnlt4whPXM7CD5Cu3eaeluXOdJDoScddOqYX7fT_TuoYdR9rbPiQqgI2pVkTeSMg7WlcCwuiSCUYABopCgoDRQW1R55BqcV8qwd-XwB7Eo3TQ:1qmCDN:n0XHS_XmbKeLpN43K2ilx_k-TL1nYblC6XJZKSC7iWQ	2023-10-13 14:03:25.011298+02
sqypo3atmndzdnvcq5iqoq9kzo6yqcoi	.eJxVjEEOwiAQRe_C2pABpox16b5nIANDpWpoUtqV8e7apAvd_vfef6nA21rC1vISJlEXZdXpd4ucHrnuQO5cb7NOc12XKepd0QdtepglP6-H-3dQuJVvzZ6EnMMREUl8EtcBeZEemEyMDs4AQhbZjsAGTWeEwbKDmLE3zqv3B8fbNuk:1qrdlH:P5eePe7zvmbe7YRzTcark6vovOG49JNxk4K7haLjHjc	2023-10-28 14:28:55.460893+02
5gxf4wom48thh20rdjrxj8s6hei5l01k	.eJxVjEEOwiAQRe_C2pABpox16b5nIANDpWpoUtqV8e7apAvd_vfef6nA21rC1vISJlEXZdXpd4ucHrnuQO5cb7NOc12XKepd0QdtepglP6-H-3dQuJVvzZ6EnMMREUl8EtcBeZEemEyMDs4AQhbZjsAGTWeEwbKDmLE3zqv3B8fbNuk:1quaka:3m37A2iSwfPu6MzM9cr4I6gEL5mhLKDhUiwV2HGFmjY	2023-11-05 16:52:24.955988+01
1lzayn3ty7vr1v3za6yd2l7yceyeyjd6	.eJxVjMsOwiAQRf-FtSG0wAy4dO83kBkeUjU0Ke3K-O_apAvd3nPOfYlA21rD1vMSpiTOYhCn340pPnLbQbpTu80yzm1dJpa7Ig_a5XVO-Xk53L-DSr1-a7AWfBoHpbnErI0uDhnA4miZAFJxpEChQmZ2HgDJWJPQF42gyKN4fwDGPzb_:1qjkrP:-rTlnYNrvr8u4jFyJiT27POEVI8vwiYNpWeoJY4gHdc	2023-10-06 20:26:39.799485+02
lnyi0sxpe3dq8c2zd2aanaxplyn6s9zj	.eJxVjEEOwiAQRe_C2pABpox16b5nIANDpWpoUtqV8e7apAvd_vfef6nA21rC1vISJlEXZdXpd4ucHrnuQO5cb7NOc12XKepd0QdtepglP6-H-3dQuJVvzZ6EnMMREUl8EtcBeZEemEyMDs4AQhbZjsAGTWeEwbKDmLE3zqv3B8fbNuk:1qubWM:dFmbvNQtn2NpUOVa4SILALJ2kNp58qx-SmeP-nfx1S0	2023-11-05 17:41:46.735543+01
ogtdswl2t6c0y6nkupkr1nbiy38qrnts	.eJxVjEEOwiAQRe_C2pABpox16b5nIANDpWpoUtqV8e7apAvd_vfef6nA21rC1vISJlEXZdXpd4ucHrnuQO5cb7NOc12XKepd0QdtepglP6-H-3dQuJVvzZ6EnMMREUl8EtcBeZEemEyMDs4AQhbZjsAGTWeEwbKDmLE3zqv3B8fbNuk:1qubzz:c2xXjnCTK5JZSPKO6ZAgKJqANTOeLaIJlzk-Eo-4jKE	2023-11-05 18:12:23.909835+01
rgsel1t1nfubqg9axnhfr1g8326mkkby	.eJxVjMsOwiAQRf-FtSG0wAy4dO83kBkeUjU0Ke3K-O_apAvd3nPOfYlA21rD1vMSpiTOYhCn340pPnLbQbpTu80yzm1dJpa7Ig_a5XVO-Xk53L-DSr1-a7AWfBoHpbnErI0uDhnA4miZAFJxpEChQmZ2HgDJWJPQF42gyKN4fwDGPzb_:1qsgBt:9gSB3fT-tGp8Z5hhFGRzmvTI84Z3LZX7oMZ9N2CsThM	2023-10-31 10:16:41.573738+01
mrsi26kkh64533ovwyn9xbfl9w7idqnp	.eJxVjEEOwiAQRe_C2hBmqDi4dO8ZyACjVA0kpV0Z726bdKHb_977bxV4mUtYukxhzOqsrFGH3zFyekrdSH5wvTedWp2nMepN0Tvt-tqyvC67-3dQuJe1FgNsEguaJCeiaMVGcXiU7MEjZLRgvHO0CjzALREzRCQrAzEQoPp8AQuEN7U:1qsnia:qTjPmf5uL6MGKZjyXJWUIMGqSmO13WrjGPuJPONgKtc	2023-10-31 18:18:56.706019+01
j7xlyimlb1tp8guognk0p4svn2vx85k8	.eJxVjEEOwiAQRe_C2pABpox16b5nIANDpWpoUtqV8e7apAvd_vfef6nA21rC1vISJlEXZdXpd4ucHrnuQO5cb7NOc12XKepd0QdtepglP6-H-3dQuJVvzZ6EnMMREUl8EtcBeZEemEyMDs4AQhbZjsAGTWeEwbKDmLE3zqv3B8fbNuk:1quCWU:RQXPqmpSuaG18qMmR6TYTexV9GzOvlXHlVJCL9ImTpc	2023-11-04 15:00:14.89867+01
g3k07a55669zkf9uklzxvgabk2mcon3z	.eJxVjEEOwiAQRe_C2pABpox16b5nIANDpWpoUtqV8e7apAvd_vfef6nA21rC1vISJlEXZdXpd4ucHrnuQO5cb7NOc12XKepd0QdtepglP6-H-3dQuJVvzZ6EnMMREUl8EtcBeZEemEyMDs4AQhbZjsAGTWeEwbKDmLE3zqv3B8fbNuk:1quEzL:AunD3e4Lm_eRNxw_KJ2SIqhQtP5G2X7rY6vqoj5-t-s	2023-11-04 17:38:11.33808+01
xs94xwzfpuevkyeuufc80wiunv8583ds	.eJxVjEEOwiAQRe_C2pABpox16b5nIANDpWpoUtqV8e7apAvd_vfef6nA21rC1vISJlEXZdXpd4ucHrnuQO5cb7NOc12XKepd0QdtepglP6-H-3dQuJVvzZ6EnMMREUl8EtcBeZEemEyMDs4AQhbZjsAGTWeEwbKDmLE3zqv3B8fbNuk:1r07FY:YAa2k2Hp-KW4GoZuA0PS8OZFl2bGvVJNVmun00q9LKg	2023-11-20 22:35:12.632592+01
ce8ty2y3m6qr327glzlu9vc2nc6xbee4	.eJxVjMsOwiAQRf-FtSG0wAy4dO83kBkeUjU0Ke3K-O_apAvd3nPOfYlA21rD1vMSpiTOYhCn340pPnLbQbpTu80yzm1dJpa7Ig_a5XVO-Xk53L-DSr1-a7AWfBoHpbnErI0uDhnA4miZAFJxpEChQmZ2HgDJWJPQF42gyKN4fwDGPzb_:1r6u4x:qMB-oao3_F9_m1QxJlCrcQjL446mUnumKzFy69-1TF8	2023-12-09 15:56:19.150325+01
4j15lvtzvrt9v6r5hw4vrv0mjbz5uq6b	.eJxVjMsOwiAQRf-FtSG0wAy4dO83kBkeUjU0Ke3K-O_apAvd3nPOfYlA21rD1vMSpiTOYhCn340pPnLbQbpTu80yzm1dJpa7Ig_a5XVO-Xk53L-DSr1-a7AWfBoHpbnErI0uDhnA4miZAFJxpEChQmZ2HgDJWJPQF42gyKN4fwDGPzb_:1r7iOM:YzXgYOXKfd5Fr2qs_3C8zGNbogTh2ZimJbbi2Sb2-jM	2023-12-11 21:39:42.068886+01
vliugtt63ebk99sdsi21wshirkwsg6le	.eJxVjEEOwiAQRe_C2pABpox16b5nIANDpWpoUtqV8e7apAvd_vfef6nA21rC1vISJlEXZdXpd4ucHrnuQO5cb7NOc12XKepd0QdtepglP6-H-3dQuJVvzZ6EnMMREUl8EtcBeZEemEyMDs4AQhbZjsAGTWeEwbKDmLE3zqv3B8fbNuk:1r17sW:uzbXn5gnjTLvDnfKo6XuRJEoc9eQZnGaZ10CDW1kjfM	2023-11-23 17:27:36.026971+01
cjk3kqzdf9x35a3hkg2vobh8pce7ifxy	.eJxVjMsOwiAQRf-FtSG0wAy4dO83kBkeUjU0Ke3K-O_apAvd3nPOfYlA21rD1vMSpiTOYhCn340pPnLbQbpTu80yzm1dJpa7Ig_a5XVO-Xk53L-DSr1-a7AWfBoHpbnErI0uDhnA4miZAFJxpEChQmZ2HgDJWJPQF42gyKN4fwDGPzb_:1r8KP1:gFYKa4o9R4icwpmSs0zTHJGaBGPWRSMmn15thriIKX8	2023-12-13 14:14:55.114868+01
g4oi4epsp9dc810cxjtrdp5rj8fq9hnr	.eJxVjMsOwiAQRf-FtSG0wAy4dO83kBkeUjU0Ke3K-O_apAvd3nPOfYlA21rD1vMSpiTOYhCn340pPnLbQbpTu80yzm1dJpa7Ig_a5XVO-Xk53L-DSr1-a7AWfBoHpbnErI0uDhnA4miZAFJxpEChQmZ2HgDJWJPQF42gyKN4fwDGPzb_:1rAXbI:UzxvE0FxuQ759FbZGhGgojOR1eo_T72eVoDMg_JTyZk	2023-12-19 16:44:44.084496+01
1n2rv8c3392adjxzd132b5znauv0irca	.eJxVjMsOwiAQRf-FtSG0wAy4dO83kBkeUjU0Ke3K-O_apAvd3nPOfYlA21rD1vMSpiTOYhCn340pPnLbQbpTu80yzm1dJpa7Ig_a5XVO-Xk53L-DSr1-a7AWfBoHpbnErI0uDhnA4miZAFJxpEChQmZ2HgDJWJPQF42gyKN4fwDGPzb_:1rApuq:z5cPh3J8dBXK5qq3pYf3n4jWyWQJoH-o_t_65ylcdKI	2023-12-20 12:18:08.928607+01
lo7c2lbkqz5yrd8yb87aj6301y75usbi	.eJxVjMsOwiAQRf-FtSG0wAy4dO83kBkeUjU0Ke3K-O_apAvd3nPOfYlA21rD1vMSpiTOYhCn340pPnLbQbpTu80yzm1dJpa7Ig_a5XVO-Xk53L-DSr1-a7AWfBoHpbnErI0uDhnA4miZAFJxpEChQmZ2HgDJWJPQF42gyKN4fwDGPzb_:1rB0I8:tWok7tz7NomKvqd5gyLQQ7c4rOpunI-8QG9t2AJVWbc	2023-12-20 23:22:52.679557+01
kbqyyq2qwdp9g3dzrp9xkhsx0kzgh9pj	.eJxVjEEOwiAQRe_C2pABpox16b5nIANDpWpoUtqV8e7apAvd_vfef6nA21rC1vISJlEXZdXpd4ucHrnuQO5cb7NOc12XKepd0QdtepglP6-H-3dQuJVvzZ6EnMMREUl8EtcBeZEemEyMDs4AQhbZjsAGTWeEwbKDmLE3zqv3B8fbNuk:1rCjC0:5saJc1BWgFGCp7dNH_7TGLRWj4XzkGEYqU1_xmM1CD4	2023-12-25 17:31:40.550319+01
f4zau6wjah5bmio5j2wjs2ebpbhyw7s1	.eJxVjMsOwiAQRf-FtSG0wAy4dO83kBkeUjU0Ke3K-O_apAvd3nPOfYlA21rD1vMSpiTOYhCn340pPnLbQbpTu80yzm1dJpa7Ig_a5XVO-Xk53L-DSr1-a7AWfBoHpbnErI0uDhnA4miZAFJxpEChQmZ2HgDJWJPQF42gyKN4fwDGPzb_:1rCpWP:snArAK4vY6iOrzigUVnMqS8WqhFn4_nZIEQnUeQ3Ii8	2023-12-26 00:17:09.626615+01
0oc7r2d4ke0ycdnvpest7xz5znb08imw	.eJxVjDsOwjAQBe_iGlm2E_8o6TmDtd5d4wBypDipEHeHSCmgfTPzXiLBtta0dV7SROIsnDj9bhnwwW0HdId2myXObV2mLHdFHrTL60z8vBzu30GFXr_1yMYHtCYYM2by2YXgrR58UVEDAqFTsaD1ZHkEICYuGPOgFGvDGrJ4fwDgkziQ:1qcVOF:QeXSIwx19dnoGogaPcuOCOWEbREdDOGG2yr0bY5DFL4	2023-09-16 20:30:35.973125+02
dcj7s1ybruwq0h1b43uuxbtaso8s74m2	.eJxVjMsOwiAQRf-FtSG0wAy4dO83kBkeUjU0Ke3K-O_apAvd3nPOfYlA21rD1vMSpiTOYhCn340pPnLbQbpTu80yzm1dJpa7Ig_a5XVO-Xk53L-DSr1-a7AWfBoHpbnErI0uDhnA4miZAFJxpEChQmZ2HgDJWJPQF42gyKN4fwDGPzb_:1r7aS0:S0Mj6u9OO53-8bwab-6yFKXEgK1UGJceYJqM2LLo3b0	2023-12-11 13:10:56.557157+01
7512xlbinqn8wl420hoszb1yhl1hrodt	.eJxVjMsOwiAQRf-FtSG0wAy4dO83kBkeUjU0Ke3K-O_apAvd3nPOfYlA21rD1vMSpiTOYhCn340pPnLbQbpTu80yzm1dJpa7Ig_a5XVO-Xk53L-DSr1-a7AWfBoHpbnErI0uDhnA4miZAFJxpEChQmZ2HgDJWJPQF42gyKN4fwDGPzb_:1rCqdE:SLJflqKxfmD0cib7msbzTz959VeZE0UOCSu9bqbgDPw	2023-12-26 01:28:16.401811+01
m1vaah5k6xzde3inzqb3zgbvi55js3wv	.eJxVjMsOwiAQRf-FtSG0wAy4dO83kBkeUjU0Ke3K-O_apAvd3nPOfYlA21rD1vMSpiTOYhCn340pPnLbQbpTu80yzm1dJpa7Ig_a5XVO-Xk53L-DSr1-a7AWfBoHpbnErI0uDhnA4miZAFJxpEChQmZ2HgDJWJPQF42gyKN4fwDGPzb_:1qrcx6:TIYOtqMAjoQ7ckInXEPmSTDHv741GhJ7dhuji3osjAo	2023-10-28 13:37:04.066446+02
2shvvjvmzlvvbv9cig4h98kl4ve0eayl	.eJxVjMsOwiAQRf-FtSG0wAy4dO83kBkeUjU0Ke3K-O_apAvd3nPOfYlA21rD1vMSpiTOYhCn340pPnLbQbpTu80yzm1dJpa7Ig_a5XVO-Xk53L-DSr1-a7AWfBoHpbnErI0uDhnA4miZAFJxpEChQmZ2HgDJWJPQF42gyKN4fwDGPzb_:1r7iuD:tFnFTwoNcAz255Mu2JR4fuRbX4fXqa99KYYqyiaYBaI	2023-12-11 22:12:37.138612+01
w8nxuiptsalxyqoxjso53c12yz6ykki2	.eJxVjEEOwiAQRe_C2pABpox16b5nIANDpWpoUtqV8e7apAvd_vfef6nA21rC1vISJlEXZdXpd4ucHrnuQO5cb7NOc12XKepd0QdtepglP6-H-3dQuJVvzZ6EnMMREUl8EtcBeZEemEyMDs4AQhbZjsAGTWeEwbKDmLE3zqv3B8fbNuk:1qlOmv:blWKU5fOSt5HCeg04fsJ__cndQ8pVpOGPmH4oSFA84E	2023-10-11 09:16:49.129415+02
rqamjalzb354uag8vfuvxtiwubo16tk3	.eJxVjEEOwiAQRe_C2hBmqDi4dO8ZyACjVA0kpV0Z726bdKHb_977bxV4mUtYukxhzOqsrFGH3zFyekrdSH5wvTedWp2nMepN0Tvt-tqyvC67-3dQuJe1FgNsEguaJCeiaMVGcXiU7MEjZLRgvHO0CjzALREzRCQrAzEQoPp8AQuEN7U:1qlPLB:cCzpCk67fcT74kBOJXainNIrfdYYHcbonjm56skzWCc	2023-10-11 09:52:13.828345+02
9l5xa2fc3be48pqti6jme0kob7lyst9z	.eJxVjMsOwiAQRf-FtSG0wAy4dO83kBkeUjU0Ke3K-O_apAvd3nPOfYlA21rD1vMSpiTOYhCn340pPnLbQbpTu80yzm1dJpa7Ig_a5XVO-Xk53L-DSr1-a7AWfBoHpbnErI0uDhnA4miZAFJxpEChQmZ2HgDJWJPQF42gyKN4fwDGPzb_:1qrddz:Azldip0dfqUL1whB8qIIHRfdZmbmz4KPhHQO3OPYBsk	2023-10-28 14:21:23.888659+02
2feq2j2r5cu6q7y1akdvcxvkre7ygrq0	.eJxVjMsOwiAQRf-FtSG0wAy4dO83kBkeUjU0Ke3K-O_apAvd3nPOfYlA21rD1vMSpiTOYhCn340pPnLbQbpTu80yzm1dJpa7Ig_a5XVO-Xk53L-DSr1-a7AWfBoHpbnErI0uDhnA4miZAFJxpEChQmZ2HgDJWJPQF42gyKN4fwDGPzb_:1rCs3U:m_Onh-Hsop1RHeeEp_2gSYV1-79U5Gb1sYO_ti670vA	2023-12-26 02:59:28.570259+01
vl348mdl9mqgg7a9p3ixsd4liat3oy4a	.eJxVjMsOwiAQRf-FtSG0wAy4dO83kBkeUjU0Ke3K-O_apAvd3nPOfYlA21rD1vMSpiTOYhCn340pPnLbQbpTu80yzm1dJpa7Ig_a5XVO-Xk53L-DSr1-a7AWfBoHpbnErI0uDhnA4miZAFJxpEChQmZ2HgDJWJPQF42gyKN4fwDGPzb_:1r9PDC:2qtd9cWb-JkKzd4Xay6wBN11hJxGcrOcNtdV__jnu2U	2023-12-16 13:35:10.15191+01
ib28edcv9uxmpn4ecgaput7wz6111bh6	.eJxVjMsOwiAQRf-FtSG0wAy4dO83kBkeUjU0Ke3K-O_apAvd3nPOfYlA21rD1vMSpiTOYhCn340pPnLbQbpTu80yzm1dJpa7Ig_a5XVO-Xk53L-DSr1-a7AWfBoHpbnErI0uDhnA4miZAFJxpEChQmZ2HgDJWJPQF42gyKN4fwDGPzb_:1rACJ0:n2sq52N3uzKf9Fgnggnl_5P-pnRuh70g7TPv7K4bMAM	2023-12-18 18:00:26.888111+01
wrypaw7f11kkcjjeq9qz6tyuf4fcx1xm	.eJxVjEEOwiAQRe_C2hBmqDi4dO8ZyACjVA0kpV0Z726bdKHb_977bxV4mUtYukxhzOqsrFGH3zFyekrdSH5wvTedWp2nMepN0Tvt-tqyvC67-3dQuJe1FgNsEguaJCeiaMVGcXiU7MEjZLRgvHO0CjzALREzRCQrAzEQoPp8AQuEN7U:1qsfkR:XS-ox_NsYB0l6FSgUT4_5ChtxczdeSGo7jHeB98hCk4	2023-10-31 09:48:19.862281+01
n38bfoiflxcexka5t3o76hssuijbtmcq	.eJxVjMsOwiAQRf-FtSG0wAy4dO83kBkeUjU0Ke3K-O_apAvd3nPOfYlA21rD1vMSpiTOYhCn340pPnLbQbpTu80yzm1dJpa7Ig_a5XVO-Xk53L-DSr1-a7AWfBoHpbnErI0uDhnA4miZAFJxpEChQmZ2HgDJWJPQF42gyKN4fwDGPzb_:1rZWdF:kqbeA89f2_2tj6CBN9T11kdKBE97ZTU4RLngA4NLHm8	2024-02-26 14:46:01.599836+01
r6igg4jv9evlaxb1uwmkvznjmqf0hr1n	.eJxVjEEOwiAQRe_C2pABpox16b5nIANDpWpoUtqV8e7apAvd_vfef6nA21rC1vISJlEXZdXpd4ucHrnuQO5cb7NOc12XKepd0QdtepglP6-H-3dQuJVvzZ6EnMMREUl8EtcBeZEemEyMDs4AQhbZjsAGTWeEwbKDmLE3zqv3B8fbNuk:1qq7Hh:aK7RAk6VcK6ox73FxIeu_5hmx3tCf-9sn3ego3G4RLc	2023-10-24 09:36:05.416078+02
74smm3vivtcx5x5ccyaruh7dv8d0c6z1	.eJxVjEEOwiAQRe_C2pBSBgGX7nuGZpgZbNVAUtqV8e7apAvd_vfef6kRt3UatybLOLO6KGvU6XdMSA8pO-E7llvVVMu6zEnvij5o00NleV4P9-9gwjZ964TsnElCBEDGBueDyeAshJhTBx56sGK7LvccfYjI0hsK7pw4C3ry6v0BAH84DQ:1quvhv:Y4Au9qm9eIHt1mnu6FFTHaTjyuoRY0eEigwiTjtALw4	2023-11-06 15:15:03.632009+01
m4x5m88411pqh5yzf1221g2a90c6lovf	.eJxVjMsOwiAQRf-FtSG0wAy4dO83kBkeUjU0Ke3K-O_apAvd3nPOfYlA21rD1vMSpiTOYhCn340pPnLbQbpTu80yzm1dJpa7Ig_a5XVO-Xk53L-DSr1-a7AWfBoHpbnErI0uDhnA4miZAFJxpEChQmZ2HgDJWJPQF42gyKN4fwDGPzb_:1rAx7U:oqhFtaAF1Jw-06PighXsXyBvIBvv00pCoKn9uuo-PTw	2023-12-20 19:59:40.437166+01
zzg2dqq3gpsqfglr8ydquqr0652qe9cx	.eJxVjMsOwiAQRf-FtSG0wAy4dO83kBkeUjU0Ke3K-O_apAvd3nPOfYlA21rD1vMSpiTOYhCn340pPnLbQbpTu80yzm1dJpa7Ig_a5XVO-Xk53L-DSr1-a7AWfBoHpbnErI0uDhnA4miZAFJxpEChQmZ2HgDJWJPQF42gyKN4fwDGPzb_:1r07Gq:v_Gcp2G6EVtyQzf_VymDLF967zG670qAMUYbELCzjoI	2023-11-20 22:36:32.89132+01
82ya1v2yhlo6mp56witem2019r68aa0q	.eJxVjMsOwiAQRf-FtSG0wAy4dO83kBkeUjU0Ke3K-O_apAvd3nPOfYlA21rD1vMSpiTOYhCn340pPnLbQbpTu80yzm1dJpa7Ig_a5XVO-Xk53L-DSr1-a7AWfBoHpbnErI0uDhnA4miZAFJxpEChQmZ2HgDJWJPQF42gyKN4fwDGPzb_:1rB0Sy:bScnMQIbAWs0F7XJXLlxgxRFbtChYbq93RTv0lgh-xE	2023-12-20 23:34:04.495151+01
3kwjmj4vvr53sod8b6ijkud0yz2t8bg3	.eJxVjMsOwiAQRf-FtSG0wAy4dO83kBkeUjU0Ke3K-O_apAvd3nPOfYlA21rD1vMSpiTOYhCn340pPnLbQbpTu80yzm1dJpa7Ig_a5XVO-Xk53L-DSr1-a7AWfBoHpbnErI0uDhnA4miZAFJxpEChQmZ2HgDJWJPQF42gyKN4fwDGPzb_:1rOcRR:7ActZOJ3b9z5349GP0ej6lUV12XV9SeOR7bGFgO-NAE	2024-01-27 12:44:45.623212+01
czj36yavczfbytbyniyny8hi2ycj9a1w	.eJxVjMsOwiAQRf-FtSG0wAy4dO83kBkeUjU0Ke3K-O_apAvd3nPOfYlA21rD1vMSpiTOYhCn340pPnLbQbpTu80yzm1dJpa7Ig_a5XVO-Xk53L-DSr1-a7AWfBoHpbnErI0uDhnA4miZAFJxpEChQmZ2HgDJWJPQF42gyKN4fwDGPzb_:1rOd0U:-6bf66O6Ry23VdeRTajog1IaW6ToF782CuwVGCaeIsU	2024-01-27 13:20:58.711325+01
zlhbthee7qr5afoof6bit0gtrioh3zxb	.eJxVjMsOwiAQRf-FtSG0wAy4dO83kBkeUjU0Ke3K-O_apAvd3nPOfYlA21rD1vMSpiTOYhCn340pPnLbQbpTu80yzm1dJpa7Ig_a5XVO-Xk53L-DSr1-a7AWfBoHpbnErI0uDhnA4miZAFJxpEChQmZ2HgDJWJPQF42gyKN4fwDGPzb_:1rCLSn:9raL7d0hPtaGpB7m3oM_7PAyrveVeu_q59mTw36-LxM	2023-12-24 16:11:25.528022+01
x9aexg072ekhn9dwgpm7q5axj9z30xti	.eJxVjEEOwiAQRe_C2pABpox16b5nIANDpWpoUtqV8e7apAvd_vfef6nA21rC1vISJlEXZdXpd4ucHrnuQO5cb7NOc12XKepd0QdtepglP6-H-3dQuJVvzZ6EnMMREUl8EtcBeZEemEyMDs4AQhbZjsAGTWeEwbKDmLE3zqv3B8fbNuk:1rCg5P:ZS55Z1z3RTS2Unr_rSRLSD9HHxNm6lpBVNM4oQ5kQRk	2023-12-25 14:12:39.607903+01
q5425i4kk557jwgi8ufp4w619buc34by	.eJxVjMsOwiAQRf-FtSG0wAy4dO83kBkeUjU0Ke3K-O_apAvd3nPOfYlA21rD1vMSpiTOYhCn340pPnLbQbpTu80yzm1dJpa7Ig_a5XVO-Xk53L-DSr1-a7AWfBoHpbnErI0uDhnA4miZAFJxpEChQmZ2HgDJWJPQF42gyKN4fwDGPzb_:1rZA24:Kcn5hsigksSXhC10XTsivDimLL7-s4ZWj3XmjsNEPh0	2024-02-25 14:38:08.340635+01
rmfrfbbs3k16crs66ky1xkgi2qw58ekg	.eJxVjEEOwiAQRe_C2pABpox16b5nIANDpWpoUtqV8e7apAvd_vfef6nA21rC1vISJlEXZdXpd4ucHrnuQO5cb7NOc12XKepd0QdtepglP6-H-3dQuJVvzZ6EnMMREUl8EtcBeZEemEyMDs4AQhbZjsAGTWeEwbKDmLE3zqv3B8fbNuk:1qqH42:EwzWHmXKnvp82j38h2BaKVQp1oGN6EwE8jOUVPNv-cY	2023-10-24 20:02:38.412817+02
8qghp2ksrj66pxw2lnfvyd6vtqjvwt3x	.eJxVjEEOwiAQRe_C2pABpox16b5nIANDpWpoUtqV8e7apAvd_vfef6nA21rC1vISJlEXZdXpd4ucHrnuQO5cb7NOc12XKepd0QdtepglP6-H-3dQuJVvzZ6EnMMREUl8EtcBeZEemEyMDs4AQhbZjsAGTWeEwbKDmLE3zqv3B8fbNuk:1qqeze:rO5kxD_IDkbmS8bATxXr0DNOwyz1tkHqpYaNyl7IoiQ	2023-10-25 21:35:42.712121+02
w9p5hib8u9ytfy4qbtqesw5f5u829v85	.eJxVjEEOwiAQRe_C2pABpox16b5nIANDpWpoUtqV8e7apAvd_vfef6nA21rC1vISJlEXZdXpd4ucHrnuQO5cb7NOc12XKepd0QdtepglP6-H-3dQuJVvzZ6EnMMREUl8EtcBeZEemEyMDs4AQhbZjsAGTWeEwbKDmLE3zqv3B8fbNuk:1qlOJD:Yt4bdAJr8fwWqGv9g0zus8I1GCDKVULQqbmMc3T_c2E	2023-10-11 08:46:07.09022+02
axtq2thhqcexg3h68qz8pmoc0vdvwmud	.eJxVjEEOwiAQRe_C2pABpox16b5nIANDpWpoUtqV8e7apAvd_vfef6nA21rC1vISJlEXZdXpd4ucHrnuQO5cb7NOc12XKepd0QdtepglP6-H-3dQuJVvzZ6EnMMREUl8EtcBeZEemEyMDs4AQhbZjsAGTWeEwbKDmLE3zqv3B8fbNuk:1qlObu:goVa9QJIs67yeB4kXCeKdyM4nAg6ptJQOay5Euiq4as	2023-10-11 09:05:26.06394+02
ubt6ukdbuul7qfo7g0lux9m1fobnpihq	.eJxVjEEOwiAQRe_C2pABpox16b5nIANDpWpoUtqV8e7apAvd_vfef6nA21rC1vISJlEXZdXpd4ucHrnuQO5cb7NOc12XKepd0QdtepglP6-H-3dQuJVvzZ6EnMMREUl8EtcBeZEemEyMDs4AQhbZjsAGTWeEwbKDmLE3zqv3B8fbNuk:1quGYI:KDoscf-9DP_i7Ir1gp-UhgTITL5OdFQ9C2a7BHoewEM	2023-11-04 19:18:22.913507+01
58mtn5ls8lmrzptb158vvtv208q4jdfw	.eJxVjEEOwiAQRe_C2pABpox16b5nIANDpWpoUtqV8e7apAvd_vfef6nA21rC1vISJlEXZdXpd4ucHrnuQO5cb7NOc12XKepd0QdtepglP6-H-3dQuJVvzZ6EnMMREUl8EtcBeZEemEyMDs4AQhbZjsAGTWeEwbKDmLE3zqv3B8fbNuk:1quSqM:2RoTaVUVfQwusYRmhZqXtGfMI79BvrGE7LUfCMecE1M	2023-11-05 08:25:50.238571+01
czjfgm2s25jrlxsgghvuuasvnc1pwgzv	.eJxVjMsOwiAURP-FtSFwebt0328gwAWpGkhKuzL-u23She4mc87Mm_iwrdVvIy9-RnIlIMnlt4whPXM7CD5Cu3eaeluXOdJDoScddOqYX7fT_TuoYdR9rbPiQqgI2pVkTeSMg7WlcCwuiSCUYABopCgoDRQW1R55BqcV8qwd-XwB7Eo3TQ:1qjbyI:ApYHdUD8nvdD21s46Dw7LPXRhtp5UZfI_fZqMqOTeN8	2023-10-06 10:57:10.83827+02
klyu8m7edmtzojhdah7ijqe17at58j1e	.eJxVjEEOwiAQRe_C2pABpox16b5nIANDpWpoUtqV8e7apAvd_vfef6nA21rC1vISJlEXZdXpd4ucHrnuQO5cb7NOc12XKepd0QdtepglP6-H-3dQuJVvzZ6EnMMREUl8EtcBeZEemEyMDs4AQhbZjsAGTWeEwbKDmLE3zqv3B8fbNuk:1qubAU:eneBVkm8Qwxgn4rQWkPEm-Boo_F6A_1IzUTofVnHFSQ	2023-11-05 17:19:10.545682+01
wyplbzipxpgsllrcjkufcxmv8rit88p2	.eJxVjMsOwiAQRf-FtSG0wAy4dO83kBkeUjU0Ke3K-O_apAvd3nPOfYlA21rD1vMSpiTOYhCn340pPnLbQbpTu80yzm1dJpa7Ig_a5XVO-Xk53L-DSr1-a7AWfBoHpbnErI0uDhnA4miZAFJxpEChQmZ2HgDJWJPQF42gyKN4fwDGPzb_:1qjl96:V2D5U6VEpOO3bCVbHYug19ou2gBfTbWDFbk2cDmiKLk	2023-10-06 20:44:56.321167+02
mdjjbs1n9czt9fnph1yyc7zy2b7ir3y8	.eJxVjEEOwiAQRe_C2pABpox16b5nIANDpWpoUtqV8e7apAvd_vfef6nA21rC1vISJlEXZdXpd4ucHrnuQO5cb7NOc12XKepd0QdtepglP6-H-3dQuJVvzZ6EnMMREUl8EtcBeZEemEyMDs4AQhbZjsAGTWeEwbKDmLE3zqv3B8fbNuk:1qubcV:UobXovu45_8sq2elkUkUs-ume91zmamoko9FmMXqzdI	2023-11-05 17:48:07.938055+01
l0f7r7iwa05s8zfe297l5bmjvql7d7hp	.eJxVjEEOwiAQRe_C2pABpox16b5nIANDpWpoUtqV8e7apAvd_vfef6nA21rC1vISJlEXZdXpd4ucHrnuQO5cb7NOc12XKepd0QdtepglP6-H-3dQuJVvzZ6EnMMREUl8EtcBeZEemEyMDs4AQhbZjsAGTWeEwbKDmLE3zqv3B8fbNuk:1quc5g:ynOqiiJ8TfyleQ7jEQCKPP_7tfuTWK320_X5qWxjYW0	2023-11-05 18:18:16.536659+01
pvvhlk2uzos6beugepwg30es7tdffprh	.eJxVjMsOwiAURP-FtSFwebt0328gwAWpGkhKuzL-u23She4mc87Mm_iwrdVvIy9-RnIlIMnlt4whPXM7CD5Cu3eaeluXOdJDoScddOqYX7fT_TuoYdR9rbPiQqgI2pVkTeSMg7WlcCwuiSCUYABopCgoDRQW1R55BqcV8qwd-XwB7Eo3TQ:1qmAyV:Ug7R1O2HGgHdCmb_IXLkBKq2lra38H9J2qTHuwHQTbc	2023-10-13 12:43:59.686685+02
gr6a35oed1w0lakuxv8rg2vc36vw364v	.eJxVjMsOwiAURP-FtSFwebt0328gwAWpGkhKuzL-u23She4mc87Mm_iwrdVvIy9-RnIlIMnlt4whPXM7CD5Cu3eaeluXOdJDoScddOqYX7fT_TuoYdR9rbPiQqgI2pVkTeSMg7WlcCwuiSCUYABopCgoDRQW1R55BqcV8qwd-XwB7Eo3TQ:1qmCEm:2NWMMtoLDafsT-zOJZjdRfoRzoKAng9RIK7thGJ7nFQ	2023-10-13 14:04:52.315459+02
d5ca872vngb2ov1xkwelprrpx6vace0c	.eJxVjEEOwiAQRe_C2pABpox16b5nIANDpWpoUtqV8e7apAvd_vfef6nA21rC1vISJlEXZdXpd4ucHrnuQO5cb7NOc12XKepd0QdtepglP6-H-3dQuJVvzZ6EnMMREUl8EtcBeZEemEyMDs4AQhbZjsAGTWeEwbKDmLE3zqv3B8fbNuk:1rCgnX:kic5y9xohf2Xdo1dgnI-VYPPJAQaqy_UK_y9UVJHPsw	2023-12-25 14:58:15.623375+01
oopvlu2q5sx5jj717xqztyuzj1bp7osr	.eJxVjEEOwiAQRe_C2pABpox16b5nIANDpWpoUtqV8e7apAvd_vfef6nA21rC1vISJlEXZdXpd4ucHrnuQO5cb7NOc12XKepd0QdtepglP6-H-3dQuJVvzZ6EnMMREUl8EtcBeZEemEyMDs4AQhbZjsAGTWeEwbKDmLE3zqv3B8fbNuk:1qso3k:EwBbPYZw0OitNpmk-SrlKVw1gpnhnDCa6cEDmptx4Cw	2023-10-31 18:40:48.405855+01
qlnmpvpirju7anfz66csokuljj4hxp75	.eJxVjMsOwiAQRf-FtSG0wAy4dO83kBkeUjU0Ke3K-O_apAvd3nPOfYlA21rD1vMSpiTOYhCn340pPnLbQbpTu80yzm1dJpa7Ig_a5XVO-Xk53L-DSr1-a7AWfBoHpbnErI0uDhnA4miZAFJxpEChQmZ2HgDJWJPQF42gyKN4fwDGPzb_:1rCs56:uNnjpU-JSlawJkrGTh-tJ3pE7EnDDo2DH998vSlJ834	2023-12-26 03:01:08.446686+01
ru4uj4fvkg7qmeygt9vfzzsmcbz3phf4	.eJxVjEEOwiAQRe_C2pABpox16b5nIANDpWpoUtqV8e7apAvd_vfef6nA21rC1vISJlEXZdXpd4ucHrnuQO5cb7NOc12XKepd0QdtepglP6-H-3dQuJVvzZ6EnMMREUl8EtcBeZEemEyMDs4AQhbZjsAGTWeEwbKDmLE3zqv3B8fbNuk:1quF44:VBjM21-qB9_GQ8t7d3kqeJgwDZwdOY_LOogpeWTRK0w	2023-11-04 17:43:04.402514+01
b62dfqyv25aevma9hta5pa2nlhcxv8n7	.eJxVjMsOwiAQRf-FtSG0wAy4dO83kBkeUjU0Ke3K-O_apAvd3nPOfYlA21rD1vMSpiTOYhCn340pPnLbQbpTu80yzm1dJpa7Ig_a5XVO-Xk53L-DSr1-a7AWfBoHpbnErI0uDhnA4miZAFJxpEChQmZ2HgDJWJPQF42gyKN4fwDGPzb_:1r9sGv:SN4R9A9pyTkhzbaDTHLFATbDLh37EFT1CFIBZyT4TGs	2023-12-17 20:36:57.37652+01
hfink26y4sy3hxjiy50kw6oqcvlfeluj	.eJxVjMsOwiAQRf-FtSG0wAy4dO83kBkeUjU0Ke3K-O_apAvd3nPOfYlA21rD1vMSpiTOYhCn340pPnLbQbpTu80yzm1dJpa7Ig_a5XVO-Xk53L-DSr1-a7AWfBoHpbnErI0uDhnA4miZAFJxpEChQmZ2HgDJWJPQF42gyKN4fwDGPzb_:1rACLD:Oxs9SuUhTI-OB0GZSwjmERDCiMQq_oTuosqpP9Hqdzc	2023-12-18 18:02:43.554015+01
8plnqkfoas0d9ebr698ek5pcb701d2a9	.eJxVjMsOwiAQRf-FtSG0wAy4dO83kBkeUjU0Ke3K-O_apAvd3nPOfYlA21rD1vMSpiTOYhCn340pPnLbQbpTu80yzm1dJpa7Ig_a5XVO-Xk53L-DSr1-a7AWfBoHpbnErI0uDhnA4miZAFJxpEChQmZ2HgDJWJPQF42gyKN4fwDGPzb_:1rAz65:tieGsFfA6D_q0Nl5M6rzXyz6F-kulVVUYpC8X0IdrDk	2023-12-20 22:06:21.559501+01
feayre7f7s9mcurvtcacpcu8uhu1r8w5	.eJxVjEEOwiAQRe_C2pABpox16b5nIANDpWpoUtqV8e7apAvd_vfef6nA21rC1vISJlEXZdXpd4ucHrnuQO5cb7NOc12XKepd0QdtepglP6-H-3dQuJVvzZ6EnMMREUl8EtcBeZEemEyMDs4AQhbZjsAGTWeEwbKDmLE3zqv3B8fbNuk:1rITWH:lfYzDCpF5L5xlc_H1AaRDnmJ-mwvA0pv7-M3Yqu_2bs	2024-01-10 14:00:21.759145+01
z7ws38a3gwr8zh90odnthg69zpxq3yx9	.eJxVjEsOwjAMBe-SNYqIm6Y1S_Y9Q2Q7Di2gROpnhbg7VOoCtm9m3stE2tYxbovOcUrmYprWnH5HJnlo2Um6U7lVK7Ws88R2V-xBFzvUpM_r4f4djLSM35pbhz6rBEJ2PrE6DxAyKuS2y066M0mDgXpORI4EgDtmwF7UIzVo3h8n1Tjz:1rLPWc:-RvPi_ecjp0ScrRVBBf5S6_aYIdkqtfQzhstuy91Ak0	2024-01-18 16:20:50.645579+01
q7tsv66qv54j93n4871xg9jqz09dyhn7	.eJxVjMsOwiAQRf-FtSG0wAy4dO83kBkeUjU0Ke3K-O_apAvd3nPOfYlA21rD1vMSpiTOYhCn340pPnLbQbpTu80yzm1dJpa7Ig_a5XVO-Xk53L-DSr1-a7AWfBoHpbnErI0uDhnA4miZAFJxpEChQmZ2HgDJWJPQF42gyKN4fwDGPzb_:1rBxmW:fqnqQm5ij4-Ab62PEu84Y16ElqDfsi4v3UcVhZwz9pk	2023-12-23 14:54:12.473923+01
py66ahpsfs59plsh966yxj7oturt47vo	.eJxVjMsOwiAQRf-FtSG0wAy4dO83kBkeUjU0Ke3K-O_apAvd3nPOfYlA21rD1vMSpiTOYhCn340pPnLbQbpTu80yzm1dJpa7Ig_a5XVO-Xk53L-DSr1-a7AWfBoHpbnErI0uDhnA4miZAFJxpEChQmZ2HgDJWJPQF42gyKN4fwDGPzb_:1rCNR3:VmAlMQRQbzE1WYP2NrCYdhnEwoJKf5U-r8jqESkF9fc	2023-12-24 18:17:45.645086+01
fdpoe8v2jcazgw1hj0qwy1za2oot4b69	.eJxVjMsOwiAQRf-FtSG0wAy4dO83kBkeUjU0Ke3K-O_apAvd3nPOfYlA21rD1vMSpiTOYhCn340pPnLbQbpTu80yzm1dJpa7Ig_a5XVO-Xk53L-DSr1-a7AWfBoHpbnErI0uDhnA4miZAFJxpEChQmZ2HgDJWJPQF42gyKN4fwDGPzb_:1rOcU9:7OHxiTuO1h0a3GYecBimzY4hXW4k_3d2W-cvc-lPDis	2024-01-27 12:47:33.044299+01
zsygc5bxypi2i5bo5g4nhpaxpf2ja49d	.eJxVjEEOwiAQRe_C2hBmqDi4dO8ZyACjVA0kpV0Z726bdKHb_977bxV4mUtYukxhzOqsrFGH3zFyekrdSH5wvTedWp2nMepN0Tvt-tqyvC67-3dQuJe1FgNsEguaJCeiaMVGcXiU7MEjZLRgvHO0CjzALREzRCQrAzEQoPp8AQuEN7U:1ql5Tp:HX-OyvfmKSrx7S6xhgqV818zFqVgXGPYsI0RrvI1C9c	2023-10-10 12:39:49.255292+02
8hnpfynj3c4mv4u6sdrmexm0vdydc5fk	.eJxVjEEOwiAQRe_C2pABpox16b5nIANDpWpoUtqV8e7apAvd_vfef6nA21rC1vISJlEXZdXpd4ucHrnuQO5cb7NOc12XKepd0QdtepglP6-H-3dQuJVvzZ6EnMMREUl8EtcBeZEemEyMDs4AQhbZjsAGTWeEwbKDmLE3zqv3B8fbNuk:1qrdVZ:He8FzCTgrZVTQ-ybyf1-tcLlDm-Eu40jZEgvXgTUSqM	2023-10-28 14:12:41.610785+02
iu1vsnvbqgddoty4cg2va275hu0elt2s	.eJxVjEEOwiAQRe_C2pABpox16b5nIANDpWpoUtqV8e7apAvd_vfef6nA21rC1vISJlEXZdXpd4ucHrnuQO5cb7NOc12XKepd0QdtepglP6-H-3dQuJVvzZ6EnMMREUl8EtcBeZEemEyMDs4AQhbZjsAGTWeEwbKDmLE3zqv3B8fbNuk:1qrdf8:aIaUsoqE3GqlvhTQB_J1Fl8q-DMHQ8ANueJ1glaH2SU	2023-10-28 14:22:34.251282+02
xa1pj6bqusajf61trozo6alwz8m2voeb	.eJxVjEEOwiAQRe_C2pABpox16b5nIANDpWpoUtqV8e7apAvd_vfef6nA21rC1vISJlEXZdXpd4ucHrnuQO5cb7NOc12XKepd0QdtepglP6-H-3dQuJVvzZ6EnMMREUl8EtcBeZEemEyMDs4AQhbZjsAGTWeEwbKDmLE3zqv3B8fbNuk:1rCrEb:4HHVR-x-pZPA_ZqZ0vrbaJKp8a-eExIrXYgkUwKmIWg	2023-12-26 02:06:53.287897+01
y3acj2av57klp7fihdg1au9f3nxe2nfh	.eJxVjEEOwiAQRe_C2pABpox16b5nIANDpWpoUtqV8e7apAvd_vfef6nA21rC1vISJlEXZdXpd4ucHrnuQO5cb7NOc12XKepd0QdtepglP6-H-3dQuJVvzZ6EnMMREUl8EtcBeZEemEyMDs4AQhbZjsAGTWeEwbKDmLE3zqv3B8fbNuk:1qjkCu:hH3w69h2KCEgpYApH-VBkxOfoyR7quG53zJVaeEThJ8	2023-10-06 19:44:48.470116+02
07kvbcyoou6bmevc2p58y3v3owd83wt9	.eJxVjEEOwiAQRe_C2pABpox16b5nIANDpWpoUtqV8e7apAvd_vfef6nA21rC1vISJlEXZdXpd4ucHrnuQO5cb7NOc12XKepd0QdtepglP6-H-3dQuJVvzZ6EnMMREUl8EtcBeZEemEyMDs4AQhbZjsAGTWeEwbKDmLE3zqv3B8fbNuk:1qsem2:nOh-egvBmKbY1uSNQ_ARgneIzy0dO3HIUZmD6bOcaIg	2023-10-31 08:45:54.489848+01
k2dle60oyzqhi6fi1t85y6e6l2oasni9	.eJxVjMsOwiAQRf-FtSG0wAy4dO83kBkeUjU0Ke3K-O_apAvd3nPOfYlA21rD1vMSpiTOYhCn340pPnLbQbpTu80yzm1dJpa7Ig_a5XVO-Xk53L-DSr1-a7AWfBoHpbnErI0uDhnA4miZAFJxpEChQmZ2HgDJWJPQF42gyKN4fwDGPzb_:1qjlY5:dQsujfJgs_vUge8rSnvzdeQZ2esmLAx_Rj3LXkZXQ8Q	2023-10-06 21:10:45.376392+02
g1g496eflublzkounh1buo2niv6tusre	.eJxVjEEOwiAQRe_C2hBmqDi4dO8ZyACjVA0kpV0Z726bdKHb_977bxV4mUtYukxhzOqsrFGH3zFyekrdSH5wvTedWp2nMepN0Tvt-tqyvC67-3dQuJe1FgNsEguaJCeiaMVGcXiU7MEjZLRgvHO0CjzALREzRCQrAzEQoPp8AQuEN7U:1qsfug:1_uVqM2OTa9ZakvdAoFxCM2rtourN5d7UZi2t35TCEA	2023-10-31 09:58:54.841484+01
ml3dpwpz74j8mkurfvyqs8juh3jze3fp	.eJxVjMsOwiAQRf-FtSG0wAy4dO83kBkeUjU0Ke3K-O_apAvd3nPOfYlA21rD1vMSpiTOYhCn340pPnLbQbpTu80yzm1dJpa7Ig_a5XVO-Xk53L-DSr1-a7AWfBoHpbnErI0uDhnA4miZAFJxpEChQmZ2HgDJWJPQF42gyKN4fwDGPzb_:1rASnM:lbt5vrMwEL7ACqT1qC6GxWij3bAZdPbGsqOBf3xjNxQ	2023-12-19 11:36:52.723651+01
y523qrf3c7oki3b7n4u7r1kq63w0fjx4	.eJxVjMsOwiAQRf-FtSG0wAy4dO83kBkeUjU0Ke3K-O_apAvd3nPOfYlA21rD1vMSpiTOYhCn340pPnLbQbpTu80yzm1dJpa7Ig_a5XVO-Xk53L-DSr1-a7AWfBoHpbnErI0uDhnA4miZAFJxpEChQmZ2HgDJWJPQF42gyKN4fwDGPzb_:1rCs67:tHjoOeAOmA2-tIaGpbvZe3YvAZ9iU67ELTZpwVWx0mQ	2023-12-26 03:02:11.31019+01
e7o845bzla6o3kjqhkbx0qxwk8ncj7n5	.eJxVjMsOwiAURP-FtSFwebt0328gwAWpGkhKuzL-u23She4mc87Mm_iwrdVvIy9-RnIlIMnlt4whPXM7CD5Cu3eaeluXOdJDoScddOqYX7fT_TuoYdR9rbPiQqgI2pVkTeSMg7WlcCwuiSCUYABopCgoDRQW1R55BqcV8qwd-XwB7Eo3TQ:1qmCjV:wCK2US929wXppaY-jDHr-MQi9hSmLFbTuQQy3-6AYyc	2023-10-13 14:36:37.758868+02
m2h7i3spwt88wkb8pt7jcggcg4hcniuh	.eJxVjMsOwiAQRf-FtSG0wAy4dO83kBkeUjU0Ke3K-O_apAvd3nPOfYlA21rD1vMSpiTOYhCn340pPnLbQbpTu80yzm1dJpa7Ig_a5XVO-Xk53L-DSr1-a7AWfBoHpbnErI0uDhnA4miZAFJxpEChQmZ2HgDJWJPQF42gyKN4fwDGPzb_:1rAz8C:H2xrLSG_CnzfQ8Z94AWuWLYbWJks8OiHqhEHIvuBdgw	2023-12-20 22:08:32.290619+01
hwq8hajisccvyzq8edk7jhqv6veucoqh	.eJxVjE0OgjAYBe_StWkKtLV16Z4zNN-voAYSCivj3ZWEhW7fzLyXKbCtQ9mqLGVkczFtY06_IwI9ZNoJ32G6zZbmaV1GtLtiD1ptP7M8r4f7dzBAHb51illcYk-EEVW7NnpUx76VBLmhlIW5URAKKftzQOXoWJVzUoIcOvP-ADFUOXk:1rBX1s:mqFvU5L_CfYrunaiTmCbECAt4jM_hXFwFGCcPBzzW5s	2023-12-22 10:20:16.792673+01
zvlipxksqcy7rks2xfb0rmro576yriey	.eJxVjDsOwjAQBe_iGlm2E_8o6TmDtd5d4wBypDipEHeHSCmgfTPzXiLBtta0dV7SROIsnDj9bhnwwW0HdId2myXObV2mLHdFHrTL60z8vBzu30GFXr_1yMYHtCYYM2by2YXgrR58UVEDAqFTsaD1ZHkEICYuGPOgFGvDGrJ4fwDgkziQ:1qwmN1:j9kn06d01bv7YQ-MmpYdvBIaw3wNTBO7lw4WQQ-mupM	2023-11-11 17:41:07.010199+01
55fooj7owwe37crh8fb1nwlygfze97qh	.eJxVjEEOwiAQRe_C2pABpox16b5nIANDpWpoUtqV8e7apAvd_vfef6nA21rC1vISJlEXZdXpd4ucHrnuQO5cb7NOc12XKepd0QdtepglP6-H-3dQuJVvzZ6EnMMREUl8EtcBeZEemEyMDs4AQhbZjsAGTWeEwbKDmLE3zqv3B8fbNuk:1rHQwF:QPx9jZXuJhY-pSUpcT8ccCyqxr3fDjqCaB_MnMgBHTw	2024-01-07 17:02:51.326302+01
gzftvg1aw14yew5xuov5lejc1t1011z6	.eJxVjMsOwiAQRf-FtSG0wAy4dO83kBkeUjU0Ke3K-O_apAvd3nPOfYlA21rD1vMSpiTOYhCn340pPnLbQbpTu80yzm1dJpa7Ig_a5XVO-Xk53L-DSr1-a7AWfBoHpbnErI0uDhnA4miZAFJxpEChQmZ2HgDJWJPQF42gyKN4fwDGPzb_:1rCQBl:TbIhZT2029Bc0VIM5TZPoBcS98GbaDMwUeWal6gZL88	2023-12-24 21:14:09.527898+01
0s8oavvksmn1eh1p2hzggbz9jycu32e5	.eJxVjMsOwiAQRf-FtSG0wAy4dO83kBkeUjU0Ke3K-O_apAvd3nPOfYlA21rD1vMSpiTOYhCn340pPnLbQbpTu80yzm1dJpa7Ig_a5XVO-Xk53L-DSr1-a7AWfBoHpbnErI0uDhnA4miZAFJxpEChQmZ2HgDJWJPQF42gyKN4fwDGPzb_:1rONZS:YtG7_4Ijl2OAf_fQMmj1ccdFGDzayby2YDQPue6DMZs	2024-01-26 20:52:02.422043+01
zeufbj1yyhhevb5vixcusdcvc4e10345	.eJxVjMsOwiAQRf-FtSG0wAy4dO83kBkeUjU0Ke3K-O_apAvd3nPOfYlA21rD1vMSpiTOYhCn340pPnLbQbpTu80yzm1dJpa7Ig_a5XVO-Xk53L-DSr1-a7AWfBoHpbnErI0uDhnA4miZAFJxpEChQmZ2HgDJWJPQF42gyKN4fwDGPzb_:1rOcXO:cKgCDXcD-pmi857x97vVpZlQb0tgoN-CUvTqY1q_cvw	2024-01-27 12:50:54.206011+01
7d7umkmxsgtlgfxo2zjtw15hypjhc7uv	.eJxVjMsOwiAQRf-FtSG0wAy4dO83kBkeUjU0Ke3K-O_apAvd3nPOfYlA21rD1vMSpiTOYhCn340pPnLbQbpTu80yzm1dJpa7Ig_a5XVO-Xk53L-DSr1-a7AWfBoHpbnErI0uDhnA4miZAFJxpEChQmZ2HgDJWJPQF42gyKN4fwDGPzb_:1rRaVf:-d5DFuCgGr2MZt-lHcGS2xxZT37p4VIWcQ22yfoYIjc	2024-02-04 17:17:23.15021+01
h5mwmpwf18ew73b1xgcay7jjg5dyt13c	.eJxVjMsOwiAURP-FtSGXN7h0328gPC5SNZCUdmX8d9ukC91N5pyZN_FhW6vfBi5-zuRKmCWX3zKG9MR2kPwI7d5p6m1d5kgPhZ500KlnfN1O9--ghlH3tY6OWyhClQxOqxitQiM0YEGekxFJlAJGw564RBkiSJc4c0ZAElwy8vkCA1Y3dg:1rYlfD:8mWftWGVCyeTn-qYSKGjo3Els1zdNLb8aoWFNALkTpk	2024-02-24 12:36:55.575625+01
lkqdue9ubpwwhvyvs6g7l2fwyah2ipac	.eJxVjMsOwiAQRf-FtSG0wAy4dO83kBkeUjU0Ke3K-O_apAvd3nPOfYlA21rD1vMSpiTOYhCn340pPnLbQbpTu80yzm1dJpa7Ig_a5XVO-Xk53L-DSr1-a7AWfBoHpbnErI0uDhnA4miZAFJxpEChQmZ2HgDJWJPQF42gyKN4fwDGPzb_:1rZKM4:0eZ3fr0f6GBBXeTgj0Yb9FZ1RpN3xTs_rjNZUitpC3I	2024-02-26 01:39:28.923907+01
grq2ppozxythg95xilfpc85y51etbuwx	.eJxVjE0OgjAYBe_StWkKtLV16Z4zNN-voAYSCivj3ZWEhW7fzLyXKbCtQ9mqLGVkczFtY06_IwI9ZNoJ32G6zZbmaV1GtLtiD1ptP7M8r4f7dzBAHb51illcYk-EEVW7NnpUx76VBLmhlIW5URAKKftzQOXoWJVzUoIcOvP-ADFUOXk:1rZSFB:KuSWHIYW3IiLFpc2d5E2ksQrHrCLUxL5YEJmjudkzWU	2024-02-26 10:04:53.444778+01
g2dtz2qc57bxs87vxr042d1j42ihevrf	.eJxVjEEOwiAQRe_C2pABpox16b5nIANDpWpoUtqV8e7apAvd_vfef6nA21rC1vISJlEXZdXpd4ucHrnuQO5cb7NOc12XKepd0QdtepglP6-H-3dQuJVvzZ6EnMMREUl8EtcBeZEemEyMDs4AQhbZjsAGTWeEwbKDmLE3zqv3B8fbNuk:1qqeIg:C5ka9svyL4UdmprETS8L_MYb4cHer2Lc15nIS88bEqs	2023-10-25 20:51:18.079769+02
rypi7z01r6qundr9qr5mpxznzro83ubc	.eJxVjEEOwiAQRe_C2hAoDBSX7j0DGYZBqoYmpV0Z765NutDtf-_9l4i4rTVunZc4ZXEWgxGn3zEhPbjtJN-x3WZJc1uXKcldkQft8jpnfl4O9--gYq_fGkoYCTzmQKwtFSyajFPKFQ1gSkAzBpucKwyKvRt8IkjWs6aQQQOJ9wcXAThK:1qUoWp:AqRqa19aj4ssDO1i4luni1YEAZvfQvcoqt964Ffj-sY	2023-08-26 15:19:39.63724+02
1qiwqbn0bqmb3uheg0pfsmavoaxcdl6i	.eJxVjEEOwiAQRe_C2pABpox16b5nIANDpWpoUtqV8e7apAvd_vfef6nA21rC1vISJlEXZdXpd4ucHrnuQO5cb7NOc12XKepd0QdtepglP6-H-3dQuJVvzZ6EnMMREUl8EtcBeZEemEyMDs4AQhbZjsAGTWeEwbKDmLE3zqv3B8fbNuk:1qqf32:p0oYce7WQanSBH3JTvAtjR1EG3zuzfupb24Mwu_i3k0	2023-10-25 21:39:12.484021+02
gyhqzh7qrt4pabjxpopvionbt3ow8iyo	.eJxVjEEOwiAQRe_C2pABpox16b5nIANDpWpoUtqV8e7apAvd_vfef6nA21rC1vISJlEXZdXpd4ucHrnuQO5cb7NOc12XKepd0QdtepglP6-H-3dQuJVvzZ6EnMMREUl8EtcBeZEemEyMDs4AQhbZjsAGTWeEwbKDmLE3zqv3B8fbNuk:1qlON9:8KoMxfrfWGGgIBgmXedW5S3uFzetbBUcFZ9BuyIxbn8	2023-10-11 08:50:11.270491+02
jkm1dhgikk4izwm9aargrn6hcs02gqsw	.eJxVjEEOwiAQRe_C2pABpox16b5nIANDpWpoUtqV8e7apAvd_vfef6nA21rC1vISJlEXZdXpd4ucHrnuQO5cb7NOc12XKepd0QdtepglP6-H-3dQuJVvzZ6EnMMREUl8EtcBeZEemEyMDs4AQhbZjsAGTWeEwbKDmLE3zqv3B8fbNuk:1qlOdY:xv1HJp8xO1qVRtajnF-zFGmSOU8tGrS0bcYug0bQsWA	2023-10-11 09:07:08.312087+02
8lwdeg6tr2n2ab12hzbym5pgjwuqxduz	.eJxVjEEOwiAQRe_C2pABpox16b5nIANDpWpoUtqV8e7apAvd_vfef6nA21rC1vISJlEXZdXpd4ucHrnuQO5cb7NOc12XKepd0QdtepglP6-H-3dQuJVvzZ6EnMMREUl8EtcBeZEemEyMDs4AQhbZjsAGTWeEwbKDmLE3zqv3B8fbNuk:1quGeo:L7-mT1wY58YiMvyCaZ0EEBwa_kQ1JI4J0HPhY1RxN5k	2023-11-04 19:25:06.226522+01
z1m25guvaxbw4lkkdpv1mw9mh7digm3i	.eJxVjEEOwiAQRe_C2pABpox16b5nIANDpWpoUtqV8e7apAvd_vfef6nA21rC1vISJlEXZdXpd4ucHrnuQO5cb7NOc12XKepd0QdtepglP6-H-3dQuJVvzZ6EnMMREUl8EtcBeZEemEyMDs4AQhbZjsAGTWeEwbKDmLE3zqv3B8fbNuk:1quSxY:DEXxnBPHLwaoWJKqDHuvN3uEpz3fui7xtBA4Kt-7oEo	2023-11-05 08:33:16.33964+01
n1yzyj6aydtge3p5bns9kszcwev60o95	.eJxVjEEOwiAQRe_C2pABpox16b5nIANDpWpoUtqV8e7apAvd_vfef6nA21rC1vISJlEXZdXpd4ucHrnuQO5cb7NOc12XKepd0QdtepglP6-H-3dQuJVvzZ6EnMMREUl8EtcBeZEemEyMDs4AQhbZjsAGTWeEwbKDmLE3zqv3B8fbNuk:1qubFm:k2QUUWx57-DN2MgdgN2nA3DZ8w7qB5UhAiqnL91TZZE	2023-11-05 17:24:38.412088+01
3gtjf8yaj5bizb9vicf8ogfvu8t1fo75	.eJxVjMsOwiAQRf-FtSG0wAy4dO83kBkeUjU0Ke3K-O_apAvd3nPOfYlA21rD1vMSpiTOYhCn340pPnLbQbpTu80yzm1dJpa7Ig_a5XVO-Xk53L-DSr1-a7AWfBoHpbnErI0uDhnA4miZAFJxpEChQmZ2HgDJWJPQF42gyKN4fwDGPzb_:1qrdfi:L4SdFBFJgfuTOTiWu05-g0R3JN4gIXXlqHY3U3GGIZw	2023-10-28 14:23:10.524356+02
t42fz5jzbj6tery5f0wh52jp2q1uf90z	.eJxVjMsOwiAURP-FtSFwebt0328gwAWpGkhKuzL-u23She4mc87Mm_iwrdVvIy9-RnIlIMnlt4whPXM7CD5Cu3eaeluXOdJDoScddOqYX7fT_TuoYdR9rbPiQqgI2pVkTeSMg7WlcCwuiSCUYABopCgoDRQW1R55BqcV8qwd-XwB7Eo3TQ:1qmCIh:6Ay31dokf5E0rfq6_Nev_FV3YZlVpl4-TXphqrI5mjY	2023-10-13 14:08:55.165163+02
l9t409xw1u1n3noldlrsvqqh2zqhofwe	.eJxVjEEOwiAQRe_C2pABpox16b5nIANDpWpoUtqV8e7apAvd_vfef6nA21rC1vISJlEXZdXpd4ucHrnuQO5cb7NOc12XKepd0QdtepglP6-H-3dQuJVvzZ6EnMMREUl8EtcBeZEemEyMDs4AQhbZjsAGTWeEwbKDmLE3zqv3B8fbNuk:1qjkVN:Vl2oTsAUI9a-u-Ckjppq7wfdDZM9ADv6jFqi2v3l8eg	2023-10-06 20:03:53.268891+02
3zdup6licruafs86mil2vejd2wupzooz	.eJxVjEEOwiAQRe_C2pABpox16b5nIANDpWpoUtqV8e7apAvd_vfef6nA21rC1vISJlEXZdXpd4ucHrnuQO5cb7NOc12XKepd0QdtepglP6-H-3dQuJVvzZ6EnMMREUl8EtcBeZEemEyMDs4AQhbZjsAGTWeEwbKDmLE3zqv3B8fbNuk:1qubeR:XsUH43r8D8t3GtnzSTz9QkJDhw4db91VLX1BQHpAbng	2023-11-05 17:50:07.56713+01
gjz7xvmfuf1eh4f09zl4srrwbpgbttxk	.eJxVjMsOwiAQRf-FtSG0wAy4dO83kBkeUjU0Ke3K-O_apAvd3nPOfYlA21rD1vMSpiTOYhCn340pPnLbQbpTu80yzm1dJpa7Ig_a5XVO-Xk53L-DSr1-a7AWfBoHpbnErI0uDhnA4miZAFJxpEChQmZ2HgDJWJPQF42gyKN4fwDGPzb_:1qjliW:sBatDtikpJ9gx4WU-ov83-7WJ6VC0ONNYdmpZ7Qz_AU	2023-10-06 21:21:32.725731+02
1v6uh2sfb3u6ytcwba2v960zsxx4tir0	.eJxVjEEOwiAQRe_C2pABpox16b5nIANDpWpoUtqV8e7apAvd_vfef6nA21rC1vISJlEXZdXpd4ucHrnuQO5cb7NOc12XKepd0QdtepglP6-H-3dQuJVvzZ6EnMMREUl8EtcBeZEemEyMDs4AQhbZjsAGTWeEwbKDmLE3zqv3B8fbNuk:1qudJ1:z4-rtnzvqSdHIyyByNJ5nP0z1TRXSN5YOOHnUlKGzis	2023-11-05 19:36:07.600593+01
333uo2cwkldny31zw4lmlr0hoj5ns27n	.eJxVjMsOwiAQRf-FtSG0wAy4dO83kBkeUjU0Ke3K-O_apAvd3nPOfYlA21rD1vMSpiTOYhCn340pPnLbQbpTu80yzm1dJpa7Ig_a5XVO-Xk53L-DSr1-a7AWfBoHpbnErI0uDhnA4miZAFJxpEChQmZ2HgDJWJPQF42gyKN4fwDGPzb_:1qsenH:4mJoWi0aF0Lpv54RFShBjCnmt7ic3J0XqaHomPzQu4Y	2023-10-31 08:47:11.619286+01
nd9azghyuefvcfa3786fizsm1ty2vb5t	.eJxVjEEOwiAQRe_C2pABpox16b5nIANDpWpoUtqV8e7apAvd_vfef6nA21rC1vISJlEXZdXpd4ucHrnuQO5cb7NOc12XKepd0QdtepglP6-H-3dQuJVvzZ6EnMMREUl8EtcBeZEemEyMDs4AQhbZjsAGTWeEwbKDmLE3zqv3B8fbNuk:1rCh5O:Ib7wycxmvWTQuXssZcEvNOT9PzEIRB1qhJVTf7UhglA	2023-12-25 15:16:42.669692+01
pz73f04jnoavgjfacnm270gerftqd6oe	.eJxVjEEOwiAQRe_C2pABpox16b5nIANDpWpoUtqV8e7apAvd_vfef6nA21rC1vISJlEXZdXpd4ucHrnuQO5cb7NOc12XKepd0QdtepglP6-H-3dQuJVvzZ6EnMMREUl8EtcBeZEemEyMDs4AQhbZjsAGTWeEwbKDmLE3zqv3B8fbNuk:1qsoKB:bENsznl-QBA09tXB4rVm4pbn6UhbrR9b5owk-u4iQ-U	2023-10-31 18:57:47.672007+01
5a1rfhpkiu7pu1xu86kl97dtzbg6ry8l	.eJxVjEEOwiAQRe_C2pABpox16b5nIANDpWpoUtqV8e7apAvd_vfef6nA21rC1vISJlEXZdXpd4ucHrnuQO5cb7NOc12XKepd0QdtepglP6-H-3dQuJVvzZ6EnMMREUl8EtcBeZEemEyMDs4AQhbZjsAGTWeEwbKDmLE3zqv3B8fbNuk:1quEuS:vdCbb4hPkIls8x-xQF9p1_aLGyO-95f1SphCA3De_xI	2023-11-04 17:33:08.717463+01
hq71g49ma7yh6tgfvyut88zyo2rse012	.eJxVjMsOwiAQRf-FtSG0wAy4dO83kBkeUjU0Ke3K-O_apAvd3nPOfYlA21rD1vMSpiTOYhCn340pPnLbQbpTu80yzm1dJpa7Ig_a5XVO-Xk53L-DSr1-a7AWfBoHpbnErI0uDhnA4miZAFJxpEChQmZ2HgDJWJPQF42gyKN4fwDGPzb_:1r7i3Q:OegSSLcRwdZmMhEBkeU2j1foXK3Mcpa9TwnP8_slE4U	2023-12-11 21:18:04.614283+01
8mgdd66gphg3tyamncr4b1xt56urtbpr	.eJxVjMsOwiAQRf-FtSG0wAy4dO83kBkeUjU0Ke3K-O_apAvd3nPOfYlA21rD1vMSpiTOYhCn340pPnLbQbpTu80yzm1dJpa7Ig_a5XVO-Xk53L-DSr1-a7AWfBoHpbnErI0uDhnA4miZAFJxpEChQmZ2HgDJWJPQF42gyKN4fwDGPzb_:1qyVI8:349XzD7Ic-hXC_jB431ymMRmRjmS6QD58CO2Iw42H-E	2023-11-16 11:51:12.026802+01
tvspwk8lzlyb8rwri3cme2tketijidxy	.eJxVjMsOwiAURP-FtSFwebt0328gwAWpGkhKuzL-u23She4mc87Mm_iwrdVvIy9-RnIlIMnlt4whPXM7CD5Cu3eaeluXOdJDoScddOqYX7fT_TuoYdR9rbPiQqgI2pVkTeSMg7WlcCwuiSCUYABopCgoDRQW1R55BqcV8qwd-XwB7Eo3TQ:1r15L5:qZ_12tiiwrDHLRgxaWQ_sqlyEhxm7mGF0eF2aDT3dSw	2023-11-23 14:44:55.312724+01
4yoc8oiz2hsynunk3pagz9xlhubdcd5t	.eJxVjMsOwiAQRf-FtSG0wAy4dO83kBkeUjU0Ke3K-O_apAvd3nPOfYlA21rD1vMSpiTOYhCn340pPnLbQbpTu80yzm1dJpa7Ig_a5XVO-Xk53L-DSr1-a7AWfBoHpbnErI0uDhnA4miZAFJxpEChQmZ2HgDJWJPQF42gyKN4fwDGPzb_:1rHR4w:K0BI5dzaDHYz9ckP7r472aCUO_z1Y3RVhDamRa7uFHs	2024-01-07 17:11:50.819683+01
s9fnybrs32net7e4jrjwv3mjzfywtnwr	.eJxVjMsOwiAQRf-FtSG0wAy4dO83kBkeUjU0Ke3K-O_apAvd3nPOfYlA21rD1vMSpiTOYhCn340pPnLbQbpTu80yzm1dJpa7Ig_a5XVO-Xk53L-DSr1-a7AWfBoHpbnErI0uDhnA4miZAFJxpEChQmZ2HgDJWJPQF42gyKN4fwDGPzb_:1rISpw:rXhCR7owHS0L-Tzxi6Yp1hEwXhDcfqj_zGpJ4viDP2U	2024-01-10 13:16:36.838242+01
jrn7ktloshah2edaplbkou4qfnq1bv27	.eJxVjMsOwiAQRf-FtSG0wAy4dO83kBkeUjU0Ke3K-O_apAvd3nPOfYlA21rD1vMSpiTOYhCn340pPnLbQbpTu80yzm1dJpa7Ig_a5XVO-Xk53L-DSr1-a7AWfBoHpbnErI0uDhnA4miZAFJxpEChQmZ2HgDJWJPQF42gyKN4fwDGPzb_:1rAzEA:dpaXZ6QW_ya4DXyN7VwYWvRQlrtxA0L2c0eywxVrm28	2023-12-20 22:14:42.849035+01
l4k1uh3afz91zis3jr7p476c1jfjtuk5	.eJxVjEEOwiAQRe_C2hBmqDi4dO8ZyACjVA0kpV0Z726bdKHb_977bxV4mUtYukxhzOqsrFGH3zFyekrdSH5wvTedWp2nMepN0Tvt-tqyvC67-3dQuJe1FgNsEguaJCeiaMVGcXiU7MEjZLRgvHO0CjzALREzRCQrAzEQoPp8AQuEN7U:1rOInq:2FfgQrH5G0P168SwPQ3QMr-igikbPrM2fglhS_ut84M	2024-01-26 15:46:34.110077+01
\.


--
-- Name: auth_group_id_seq; Type: SEQUENCE SET; Schema: public; Owner: pi
--

SELECT pg_catalog.setval('public.auth_group_id_seq', 1, false);


--
-- Name: auth_group_permissions_id_seq; Type: SEQUENCE SET; Schema: public; Owner: pi
--

SELECT pg_catalog.setval('public.auth_group_permissions_id_seq', 1, false);


--
-- Name: auth_permission_id_seq; Type: SEQUENCE SET; Schema: public; Owner: pi
--

SELECT pg_catalog.setval('public.auth_permission_id_seq', 76, true);


--
-- Name: auth_user_groups_id_seq; Type: SEQUENCE SET; Schema: public; Owner: pi
--

SELECT pg_catalog.setval('public.auth_user_groups_id_seq', 1, false);


--
-- Name: auth_user_id_seq; Type: SEQUENCE SET; Schema: public; Owner: pi
--

SELECT pg_catalog.setval('public.auth_user_id_seq', 35, true);


--
-- Name: auth_user_user_permissions_id_seq; Type: SEQUENCE SET; Schema: public; Owner: pi
--

SELECT pg_catalog.setval('public.auth_user_user_permissions_id_seq', 1, false);


--
-- Name: dashboard_agents_id_seq; Type: SEQUENCE SET; Schema: public; Owner: pi
--

SELECT pg_catalog.setval('public.dashboard_agents_id_seq', 4, true);


--
-- Name: dashboard_callstat_destination_id_seq; Type: SEQUENCE SET; Schema: public; Owner: pi
--

SELECT pg_catalog.setval('public.dashboard_callstat_destination_id_seq', 1, false);


--
-- Name: dashboard_callstat_id_seq; Type: SEQUENCE SET; Schema: public; Owner: pi
--

SELECT pg_catalog.setval('public.dashboard_callstat_id_seq', 1, false);


--
-- Name: dashboard_client_id_seq; Type: SEQUENCE SET; Schema: public; Owner: pi
--

SELECT pg_catalog.setval('public.dashboard_client_id_seq', 34, true);


--
-- Name: dashboard_destinations_id_seq; Type: SEQUENCE SET; Schema: public; Owner: pi
--

SELECT pg_catalog.setval('public.dashboard_destinations_id_seq', 38, true);


--
-- Name: dashboard_destinations_user_id_seq; Type: SEQUENCE SET; Schema: public; Owner: pi
--

SELECT pg_catalog.setval('public.dashboard_destinations_user_id_seq', 38, true);


--
-- Name: dashboard_disappearing_info_destination_id_seq; Type: SEQUENCE SET; Schema: public; Owner: pi
--

SELECT pg_catalog.setval('public.dashboard_disappearing_info_destination_id_seq', 19, true);


--
-- Name: dashboard_disappearing_info_id_seq; Type: SEQUENCE SET; Schema: public; Owner: pi
--

SELECT pg_catalog.setval('public.dashboard_disappearing_info_id_seq', 21, true);


--
-- Name: dashboard_disappearing_record_destination_id_seq; Type: SEQUENCE SET; Schema: public; Owner: pi
--

SELECT pg_catalog.setval('public.dashboard_disappearing_record_destination_id_seq', 15, true);


--
-- Name: dashboard_disappearing_record_id_seq; Type: SEQUENCE SET; Schema: public; Owner: pi
--

SELECT pg_catalog.setval('public.dashboard_disappearing_record_id_seq', 15, true);


--
-- Name: dashboard_formdata_id_seq; Type: SEQUENCE SET; Schema: public; Owner: pi
--

SELECT pg_catalog.setval('public.dashboard_formdata_id_seq', 612, true);


--
-- Name: dashboard_general_info_destination_id_seq; Type: SEQUENCE SET; Schema: public; Owner: pi
--

SELECT pg_catalog.setval('public.dashboard_general_info_destination_id_seq', 27, true);


--
-- Name: dashboard_general_info_id_seq; Type: SEQUENCE SET; Schema: public; Owner: pi
--

SELECT pg_catalog.setval('public.dashboard_general_info_id_seq', 32, true);


--
-- Name: dashboard_invoices_destinations_id_seq; Type: SEQUENCE SET; Schema: public; Owner: pi
--

SELECT pg_catalog.setval('public.dashboard_invoices_destinations_id_seq', 104, true);


--
-- Name: dashboard_invoices_id_seq; Type: SEQUENCE SET; Schema: public; Owner: pi
--

SELECT pg_catalog.setval('public.dashboard_invoices_id_seq', 66, true);


--
-- Name: dashboard_invoices_user_id_seq; Type: SEQUENCE SET; Schema: public; Owner: pi
--

SELECT pg_catalog.setval('public.dashboard_invoices_user_id_seq', 60, true);


--
-- Name: dashboard_user_forms_destination_id_seq; Type: SEQUENCE SET; Schema: public; Owner: pi
--

SELECT pg_catalog.setval('public.dashboard_user_forms_destination_id_seq', 80, true);


--
-- Name: dashboard_user_forms_form_client_id_seq; Type: SEQUENCE SET; Schema: public; Owner: pi
--

SELECT pg_catalog.setval('public.dashboard_user_forms_form_client_id_seq', 79, true);


--
-- Name: dashboard_user_forms_id_seq; Type: SEQUENCE SET; Schema: public; Owner: pi
--

SELECT pg_catalog.setval('public.dashboard_user_forms_id_seq', 81, true);


--
-- Name: dashboard_usercontact_destination_id_seq; Type: SEQUENCE SET; Schema: public; Owner: pi
--

SELECT pg_catalog.setval('public.dashboard_usercontact_destination_id_seq', 2, true);


--
-- Name: dashboard_usercontact_id_seq; Type: SEQUENCE SET; Schema: public; Owner: pi
--

SELECT pg_catalog.setval('public.dashboard_usercontact_id_seq', 2, true);


--
-- Name: dashboard_usercontact_user_id_seq; Type: SEQUENCE SET; Schema: public; Owner: pi
--

SELECT pg_catalog.setval('public.dashboard_usercontact_user_id_seq', 2, true);


--
-- Name: dashboard_userorder_id_seq; Type: SEQUENCE SET; Schema: public; Owner: pi
--

SELECT pg_catalog.setval('public.dashboard_userorder_id_seq', 3, true);


--
-- Name: dashboard_userorder_product_id_seq; Type: SEQUENCE SET; Schema: public; Owner: pi
--

SELECT pg_catalog.setval('public.dashboard_userorder_product_id_seq', 3, true);


--
-- Name: dashboard_userorder_user_id_seq; Type: SEQUENCE SET; Schema: public; Owner: pi
--

SELECT pg_catalog.setval('public.dashboard_userorder_user_id_seq', 3, true);


--
-- Name: dashboard_userproduct_destination_id_seq; Type: SEQUENCE SET; Schema: public; Owner: pi
--

SELECT pg_catalog.setval('public.dashboard_userproduct_destination_id_seq', 3, true);


--
-- Name: dashboard_userproduct_id_seq; Type: SEQUENCE SET; Schema: public; Owner: pi
--

SELECT pg_catalog.setval('public.dashboard_userproduct_id_seq', 6, true);


--
-- Name: dashboard_userproduct_user_id_seq; Type: SEQUENCE SET; Schema: public; Owner: pi
--

SELECT pg_catalog.setval('public.dashboard_userproduct_user_id_seq', 6, true);


--
-- Name: django_admin_log_id_seq; Type: SEQUENCE SET; Schema: public; Owner: pi
--

SELECT pg_catalog.setval('public.django_admin_log_id_seq', 266, true);


--
-- Name: django_content_type_id_seq; Type: SEQUENCE SET; Schema: public; Owner: pi
--

SELECT pg_catalog.setval('public.django_content_type_id_seq', 19, true);


--
-- Name: django_migrations_id_seq; Type: SEQUENCE SET; Schema: public; Owner: pi
--

SELECT pg_catalog.setval('public.django_migrations_id_seq', 69, true);


--
-- Name: auth_group auth_group_name_key; Type: CONSTRAINT; Schema: public; Owner: pi
--

ALTER TABLE ONLY public.auth_group
    ADD CONSTRAINT auth_group_name_key UNIQUE (name);


--
-- Name: auth_group_permissions auth_group_permissions_group_id_permission_id_0cd325b0_uniq; Type: CONSTRAINT; Schema: public; Owner: pi
--

ALTER TABLE ONLY public.auth_group_permissions
    ADD CONSTRAINT auth_group_permissions_group_id_permission_id_0cd325b0_uniq UNIQUE (group_id, permission_id);


--
-- Name: auth_group_permissions auth_group_permissions_pkey; Type: CONSTRAINT; Schema: public; Owner: pi
--

ALTER TABLE ONLY public.auth_group_permissions
    ADD CONSTRAINT auth_group_permissions_pkey PRIMARY KEY (id);


--
-- Name: auth_group auth_group_pkey; Type: CONSTRAINT; Schema: public; Owner: pi
--

ALTER TABLE ONLY public.auth_group
    ADD CONSTRAINT auth_group_pkey PRIMARY KEY (id);


--
-- Name: auth_permission auth_permission_content_type_id_codename_01ab375a_uniq; Type: CONSTRAINT; Schema: public; Owner: pi
--

ALTER TABLE ONLY public.auth_permission
    ADD CONSTRAINT auth_permission_content_type_id_codename_01ab375a_uniq UNIQUE (content_type_id, codename);


--
-- Name: auth_permission auth_permission_pkey; Type: CONSTRAINT; Schema: public; Owner: pi
--

ALTER TABLE ONLY public.auth_permission
    ADD CONSTRAINT auth_permission_pkey PRIMARY KEY (id);


--
-- Name: auth_user_groups auth_user_groups_pkey; Type: CONSTRAINT; Schema: public; Owner: pi
--

ALTER TABLE ONLY public.auth_user_groups
    ADD CONSTRAINT auth_user_groups_pkey PRIMARY KEY (id);


--
-- Name: auth_user_groups auth_user_groups_user_id_group_id_94350c0c_uniq; Type: CONSTRAINT; Schema: public; Owner: pi
--

ALTER TABLE ONLY public.auth_user_groups
    ADD CONSTRAINT auth_user_groups_user_id_group_id_94350c0c_uniq UNIQUE (user_id, group_id);


--
-- Name: auth_user auth_user_pkey; Type: CONSTRAINT; Schema: public; Owner: pi
--

ALTER TABLE ONLY public.auth_user
    ADD CONSTRAINT auth_user_pkey PRIMARY KEY (id);


--
-- Name: auth_user_user_permissions auth_user_user_permissions_pkey; Type: CONSTRAINT; Schema: public; Owner: pi
--

ALTER TABLE ONLY public.auth_user_user_permissions
    ADD CONSTRAINT auth_user_user_permissions_pkey PRIMARY KEY (id);


--
-- Name: auth_user_user_permissions auth_user_user_permissions_user_id_permission_id_14a6b632_uniq; Type: CONSTRAINT; Schema: public; Owner: pi
--

ALTER TABLE ONLY public.auth_user_user_permissions
    ADD CONSTRAINT auth_user_user_permissions_user_id_permission_id_14a6b632_uniq UNIQUE (user_id, permission_id);


--
-- Name: auth_user auth_user_username_key; Type: CONSTRAINT; Schema: public; Owner: pi
--

ALTER TABLE ONLY public.auth_user
    ADD CONSTRAINT auth_user_username_key UNIQUE (username);


--
-- Name: dashboard_agents dashboard_agents_pkey; Type: CONSTRAINT; Schema: public; Owner: pi
--

ALTER TABLE ONLY public.dashboard_agents
    ADD CONSTRAINT dashboard_agents_pkey PRIMARY KEY (id);


--
-- Name: dashboard_callstat_destination dashboard_callstat_desti_callstat_id_destinations_0ef41f6e_uniq; Type: CONSTRAINT; Schema: public; Owner: pi
--

ALTER TABLE ONLY public.dashboard_callstat_destination
    ADD CONSTRAINT dashboard_callstat_desti_callstat_id_destinations_0ef41f6e_uniq UNIQUE (callstat_id, destinations_id);


--
-- Name: dashboard_callstat_destination dashboard_callstat_destination_pkey; Type: CONSTRAINT; Schema: public; Owner: pi
--

ALTER TABLE ONLY public.dashboard_callstat_destination
    ADD CONSTRAINT dashboard_callstat_destination_pkey PRIMARY KEY (id);


--
-- Name: dashboard_callstat dashboard_callstat_pkey; Type: CONSTRAINT; Schema: public; Owner: pi
--

ALTER TABLE ONLY public.dashboard_callstat
    ADD CONSTRAINT dashboard_callstat_pkey PRIMARY KEY (id);


--
-- Name: dashboard_client dashboard_client_pkey; Type: CONSTRAINT; Schema: public; Owner: pi
--

ALTER TABLE ONLY public.dashboard_client
    ADD CONSTRAINT dashboard_client_pkey PRIMARY KEY (id);


--
-- Name: dashboard_client dashboard_client_user_id_key; Type: CONSTRAINT; Schema: public; Owner: pi
--

ALTER TABLE ONLY public.dashboard_client
    ADD CONSTRAINT dashboard_client_user_id_key UNIQUE (user_id);


--
-- Name: dashboard_destinations dashboard_destinations_number_515f2b71_uniq; Type: CONSTRAINT; Schema: public; Owner: pi
--

ALTER TABLE ONLY public.dashboard_destinations
    ADD CONSTRAINT dashboard_destinations_number_515f2b71_uniq UNIQUE (number);


--
-- Name: dashboard_destinations dashboard_destinations_pkey; Type: CONSTRAINT; Schema: public; Owner: pi
--

ALTER TABLE ONLY public.dashboard_destinations
    ADD CONSTRAINT dashboard_destinations_pkey PRIMARY KEY (id);


--
-- Name: dashboard_destinations_user dashboard_destinations_u_destinations_id_client_i_d17edd59_uniq; Type: CONSTRAINT; Schema: public; Owner: pi
--

ALTER TABLE ONLY public.dashboard_destinations_user
    ADD CONSTRAINT dashboard_destinations_u_destinations_id_client_i_d17edd59_uniq UNIQUE (destinations_id, client_id);


--
-- Name: dashboard_destinations_user dashboard_destinations_user_pkey; Type: CONSTRAINT; Schema: public; Owner: pi
--

ALTER TABLE ONLY public.dashboard_destinations_user
    ADD CONSTRAINT dashboard_destinations_user_pkey PRIMARY KEY (id);


--
-- Name: dashboard_disappearing_info_destination dashboard_disappearing_i_disappearing_info_id_des_33ad563e_uniq; Type: CONSTRAINT; Schema: public; Owner: pi
--

ALTER TABLE ONLY public.dashboard_disappearing_info_destination
    ADD CONSTRAINT dashboard_disappearing_i_disappearing_info_id_des_33ad563e_uniq UNIQUE (disappearing_info_id, destinations_id);


--
-- Name: dashboard_disappearing_info_destination dashboard_disappearing_info_destination_pkey; Type: CONSTRAINT; Schema: public; Owner: pi
--

ALTER TABLE ONLY public.dashboard_disappearing_info_destination
    ADD CONSTRAINT dashboard_disappearing_info_destination_pkey PRIMARY KEY (id);


--
-- Name: dashboard_disappearing_info dashboard_disappearing_info_pkey; Type: CONSTRAINT; Schema: public; Owner: pi
--

ALTER TABLE ONLY public.dashboard_disappearing_info
    ADD CONSTRAINT dashboard_disappearing_info_pkey PRIMARY KEY (id);


--
-- Name: dashboard_disappearing_record_destination dashboard_disappearing_r_disappearing_record_id_d_0344fdd2_uniq; Type: CONSTRAINT; Schema: public; Owner: pi
--

ALTER TABLE ONLY public.dashboard_disappearing_record_destination
    ADD CONSTRAINT dashboard_disappearing_r_disappearing_record_id_d_0344fdd2_uniq UNIQUE (disappearing_record_id, destinations_id);


--
-- Name: dashboard_disappearing_record_destination dashboard_disappearing_record_destination_pkey; Type: CONSTRAINT; Schema: public; Owner: pi
--

ALTER TABLE ONLY public.dashboard_disappearing_record_destination
    ADD CONSTRAINT dashboard_disappearing_record_destination_pkey PRIMARY KEY (id);


--
-- Name: dashboard_disappearing_record dashboard_disappearing_record_pkey; Type: CONSTRAINT; Schema: public; Owner: pi
--

ALTER TABLE ONLY public.dashboard_disappearing_record
    ADD CONSTRAINT dashboard_disappearing_record_pkey PRIMARY KEY (id);


--
-- Name: dashboard_formdata dashboard_formdata_pkey; Type: CONSTRAINT; Schema: public; Owner: pi
--

ALTER TABLE ONLY public.dashboard_formdata
    ADD CONSTRAINT dashboard_formdata_pkey PRIMARY KEY (id);


--
-- Name: dashboard_general_info_destination dashboard_general_info_d_general_info_id_destinat_7f44ce6b_uniq; Type: CONSTRAINT; Schema: public; Owner: pi
--

ALTER TABLE ONLY public.dashboard_general_info_destination
    ADD CONSTRAINT dashboard_general_info_d_general_info_id_destinat_7f44ce6b_uniq UNIQUE (general_info_id, destinations_id);


--
-- Name: dashboard_general_info_destination dashboard_general_info_destination_pkey; Type: CONSTRAINT; Schema: public; Owner: pi
--

ALTER TABLE ONLY public.dashboard_general_info_destination
    ADD CONSTRAINT dashboard_general_info_destination_pkey PRIMARY KEY (id);


--
-- Name: dashboard_general_info dashboard_general_info_pkey; Type: CONSTRAINT; Schema: public; Owner: pi
--

ALTER TABLE ONLY public.dashboard_general_info
    ADD CONSTRAINT dashboard_general_info_pkey PRIMARY KEY (id);


--
-- Name: dashboard_invoices_destinations dashboard_invoices_desti_invoices_id_destinations_6adfec91_uniq; Type: CONSTRAINT; Schema: public; Owner: pi
--

ALTER TABLE ONLY public.dashboard_invoices_destinations
    ADD CONSTRAINT dashboard_invoices_desti_invoices_id_destinations_6adfec91_uniq UNIQUE (invoices_id, destinations_id);


--
-- Name: dashboard_invoices_destinations dashboard_invoices_destinations_pkey; Type: CONSTRAINT; Schema: public; Owner: pi
--

ALTER TABLE ONLY public.dashboard_invoices_destinations
    ADD CONSTRAINT dashboard_invoices_destinations_pkey PRIMARY KEY (id);


--
-- Name: dashboard_invoices dashboard_invoices_pkey; Type: CONSTRAINT; Schema: public; Owner: pi
--

ALTER TABLE ONLY public.dashboard_invoices
    ADD CONSTRAINT dashboard_invoices_pkey PRIMARY KEY (id);


--
-- Name: dashboard_invoices_user dashboard_invoices_user_invoices_id_client_id_177150bc_uniq; Type: CONSTRAINT; Schema: public; Owner: pi
--

ALTER TABLE ONLY public.dashboard_invoices_user
    ADD CONSTRAINT dashboard_invoices_user_invoices_id_client_id_177150bc_uniq UNIQUE (invoices_id, client_id);


--
-- Name: dashboard_invoices_user dashboard_invoices_user_pkey; Type: CONSTRAINT; Schema: public; Owner: pi
--

ALTER TABLE ONLY public.dashboard_invoices_user
    ADD CONSTRAINT dashboard_invoices_user_pkey PRIMARY KEY (id);


--
-- Name: dashboard_user_forms_destination dashboard_user_forms_des_user_forms_id_destinatio_c3b53cd5_uniq; Type: CONSTRAINT; Schema: public; Owner: pi
--

ALTER TABLE ONLY public.dashboard_user_forms_destination
    ADD CONSTRAINT dashboard_user_forms_des_user_forms_id_destinatio_c3b53cd5_uniq UNIQUE (user_forms_id, destinations_id);


--
-- Name: dashboard_user_forms_destination dashboard_user_forms_destination_pkey; Type: CONSTRAINT; Schema: public; Owner: pi
--

ALTER TABLE ONLY public.dashboard_user_forms_destination
    ADD CONSTRAINT dashboard_user_forms_destination_pkey PRIMARY KEY (id);


--
-- Name: dashboard_user_forms_form_client dashboard_user_forms_for_user_forms_id_client_id_064156d3_uniq; Type: CONSTRAINT; Schema: public; Owner: pi
--

ALTER TABLE ONLY public.dashboard_user_forms_form_client
    ADD CONSTRAINT dashboard_user_forms_for_user_forms_id_client_id_064156d3_uniq UNIQUE (user_forms_id, client_id);


--
-- Name: dashboard_user_forms_form_client dashboard_user_forms_form_client_pkey; Type: CONSTRAINT; Schema: public; Owner: pi
--

ALTER TABLE ONLY public.dashboard_user_forms_form_client
    ADD CONSTRAINT dashboard_user_forms_form_client_pkey PRIMARY KEY (id);


--
-- Name: dashboard_user_forms dashboard_user_forms_pkey; Type: CONSTRAINT; Schema: public; Owner: pi
--

ALTER TABLE ONLY public.dashboard_user_forms
    ADD CONSTRAINT dashboard_user_forms_pkey PRIMARY KEY (id);


--
-- Name: dashboard_usercontact_destination dashboard_usercontact_de_usercontact_id_destinati_9b38b4e4_uniq; Type: CONSTRAINT; Schema: public; Owner: pi
--

ALTER TABLE ONLY public.dashboard_usercontact_destination
    ADD CONSTRAINT dashboard_usercontact_de_usercontact_id_destinati_9b38b4e4_uniq UNIQUE (usercontact_id, destinations_id);


--
-- Name: dashboard_usercontact_destination dashboard_usercontact_destination_pkey; Type: CONSTRAINT; Schema: public; Owner: pi
--

ALTER TABLE ONLY public.dashboard_usercontact_destination
    ADD CONSTRAINT dashboard_usercontact_destination_pkey PRIMARY KEY (id);


--
-- Name: dashboard_usercontact dashboard_usercontact_pkey; Type: CONSTRAINT; Schema: public; Owner: pi
--

ALTER TABLE ONLY public.dashboard_usercontact
    ADD CONSTRAINT dashboard_usercontact_pkey PRIMARY KEY (id);


--
-- Name: dashboard_usercontact_user dashboard_usercontact_us_usercontact_id_client_id_087ea710_uniq; Type: CONSTRAINT; Schema: public; Owner: pi
--

ALTER TABLE ONLY public.dashboard_usercontact_user
    ADD CONSTRAINT dashboard_usercontact_us_usercontact_id_client_id_087ea710_uniq UNIQUE (usercontact_id, client_id);


--
-- Name: dashboard_usercontact_user dashboard_usercontact_user_pkey; Type: CONSTRAINT; Schema: public; Owner: pi
--

ALTER TABLE ONLY public.dashboard_usercontact_user
    ADD CONSTRAINT dashboard_usercontact_user_pkey PRIMARY KEY (id);


--
-- Name: dashboard_userorder dashboard_userorder_pkey; Type: CONSTRAINT; Schema: public; Owner: pi
--

ALTER TABLE ONLY public.dashboard_userorder
    ADD CONSTRAINT dashboard_userorder_pkey PRIMARY KEY (id);


--
-- Name: dashboard_userorder_product dashboard_userorder_prod_userorder_id_userproduct_5c712b5c_uniq; Type: CONSTRAINT; Schema: public; Owner: pi
--

ALTER TABLE ONLY public.dashboard_userorder_product
    ADD CONSTRAINT dashboard_userorder_prod_userorder_id_userproduct_5c712b5c_uniq UNIQUE (userorder_id, userproduct_id);


--
-- Name: dashboard_userorder_product dashboard_userorder_product_pkey; Type: CONSTRAINT; Schema: public; Owner: pi
--

ALTER TABLE ONLY public.dashboard_userorder_product
    ADD CONSTRAINT dashboard_userorder_product_pkey PRIMARY KEY (id);


--
-- Name: dashboard_userorder_user dashboard_userorder_user_pkey; Type: CONSTRAINT; Schema: public; Owner: pi
--

ALTER TABLE ONLY public.dashboard_userorder_user
    ADD CONSTRAINT dashboard_userorder_user_pkey PRIMARY KEY (id);


--
-- Name: dashboard_userorder_user dashboard_userorder_user_userorder_id_client_id_7ad59bfd_uniq; Type: CONSTRAINT; Schema: public; Owner: pi
--

ALTER TABLE ONLY public.dashboard_userorder_user
    ADD CONSTRAINT dashboard_userorder_user_userorder_id_client_id_7ad59bfd_uniq UNIQUE (userorder_id, client_id);


--
-- Name: dashboard_userproduct_destination dashboard_userproduct_de_userproduct_id_destinati_1dfd6e4f_uniq; Type: CONSTRAINT; Schema: public; Owner: pi
--

ALTER TABLE ONLY public.dashboard_userproduct_destination
    ADD CONSTRAINT dashboard_userproduct_de_userproduct_id_destinati_1dfd6e4f_uniq UNIQUE (userproduct_id, destinations_id);


--
-- Name: dashboard_userproduct_destination dashboard_userproduct_destination_pkey; Type: CONSTRAINT; Schema: public; Owner: pi
--

ALTER TABLE ONLY public.dashboard_userproduct_destination
    ADD CONSTRAINT dashboard_userproduct_destination_pkey PRIMARY KEY (id);


--
-- Name: dashboard_userproduct dashboard_userproduct_pkey; Type: CONSTRAINT; Schema: public; Owner: pi
--

ALTER TABLE ONLY public.dashboard_userproduct
    ADD CONSTRAINT dashboard_userproduct_pkey PRIMARY KEY (id);


--
-- Name: dashboard_userproduct_user dashboard_userproduct_us_userproduct_id_client_id_e21af5ac_uniq; Type: CONSTRAINT; Schema: public; Owner: pi
--

ALTER TABLE ONLY public.dashboard_userproduct_user
    ADD CONSTRAINT dashboard_userproduct_us_userproduct_id_client_id_e21af5ac_uniq UNIQUE (userproduct_id, client_id);


--
-- Name: dashboard_userproduct_user dashboard_userproduct_user_pkey; Type: CONSTRAINT; Schema: public; Owner: pi
--

ALTER TABLE ONLY public.dashboard_userproduct_user
    ADD CONSTRAINT dashboard_userproduct_user_pkey PRIMARY KEY (id);


--
-- Name: django_admin_log django_admin_log_pkey; Type: CONSTRAINT; Schema: public; Owner: pi
--

ALTER TABLE ONLY public.django_admin_log
    ADD CONSTRAINT django_admin_log_pkey PRIMARY KEY (id);


--
-- Name: django_content_type django_content_type_app_label_model_76bd3d3b_uniq; Type: CONSTRAINT; Schema: public; Owner: pi
--

ALTER TABLE ONLY public.django_content_type
    ADD CONSTRAINT django_content_type_app_label_model_76bd3d3b_uniq UNIQUE (app_label, model);


--
-- Name: django_content_type django_content_type_pkey; Type: CONSTRAINT; Schema: public; Owner: pi
--

ALTER TABLE ONLY public.django_content_type
    ADD CONSTRAINT django_content_type_pkey PRIMARY KEY (id);


--
-- Name: django_migrations django_migrations_pkey; Type: CONSTRAINT; Schema: public; Owner: pi
--

ALTER TABLE ONLY public.django_migrations
    ADD CONSTRAINT django_migrations_pkey PRIMARY KEY (id);


--
-- Name: django_session django_session_pkey; Type: CONSTRAINT; Schema: public; Owner: pi
--

ALTER TABLE ONLY public.django_session
    ADD CONSTRAINT django_session_pkey PRIMARY KEY (session_key);


--
-- Name: auth_group_name_a6ea08ec_like; Type: INDEX; Schema: public; Owner: pi
--

CREATE INDEX auth_group_name_a6ea08ec_like ON public.auth_group USING btree (name varchar_pattern_ops);


--
-- Name: auth_group_permissions_group_id_b120cbf9; Type: INDEX; Schema: public; Owner: pi
--

CREATE INDEX auth_group_permissions_group_id_b120cbf9 ON public.auth_group_permissions USING btree (group_id);


--
-- Name: auth_group_permissions_permission_id_84c5c92e; Type: INDEX; Schema: public; Owner: pi
--

CREATE INDEX auth_group_permissions_permission_id_84c5c92e ON public.auth_group_permissions USING btree (permission_id);


--
-- Name: auth_permission_content_type_id_2f476e4b; Type: INDEX; Schema: public; Owner: pi
--

CREATE INDEX auth_permission_content_type_id_2f476e4b ON public.auth_permission USING btree (content_type_id);


--
-- Name: auth_user_groups_group_id_97559544; Type: INDEX; Schema: public; Owner: pi
--

CREATE INDEX auth_user_groups_group_id_97559544 ON public.auth_user_groups USING btree (group_id);


--
-- Name: auth_user_groups_user_id_6a12ed8b; Type: INDEX; Schema: public; Owner: pi
--

CREATE INDEX auth_user_groups_user_id_6a12ed8b ON public.auth_user_groups USING btree (user_id);


--
-- Name: auth_user_user_permissions_permission_id_1fbb5f2c; Type: INDEX; Schema: public; Owner: pi
--

CREATE INDEX auth_user_user_permissions_permission_id_1fbb5f2c ON public.auth_user_user_permissions USING btree (permission_id);


--
-- Name: auth_user_user_permissions_user_id_a95ead1b; Type: INDEX; Schema: public; Owner: pi
--

CREATE INDEX auth_user_user_permissions_user_id_a95ead1b ON public.auth_user_user_permissions USING btree (user_id);


--
-- Name: auth_user_username_6821ab7c_like; Type: INDEX; Schema: public; Owner: pi
--

CREATE INDEX auth_user_username_6821ab7c_like ON public.auth_user USING btree (username varchar_pattern_ops);


--
-- Name: dashboard_callstat_destination_callstat_id_f4f60674; Type: INDEX; Schema: public; Owner: pi
--

CREATE INDEX dashboard_callstat_destination_callstat_id_f4f60674 ON public.dashboard_callstat_destination USING btree (callstat_id);


--
-- Name: dashboard_callstat_destination_destinations_id_e3426f40; Type: INDEX; Schema: public; Owner: pi
--

CREATE INDEX dashboard_callstat_destination_destinations_id_e3426f40 ON public.dashboard_callstat_destination USING btree (destinations_id);


--
-- Name: dashboard_destinations_number_515f2b71_like; Type: INDEX; Schema: public; Owner: pi
--

CREATE INDEX dashboard_destinations_number_515f2b71_like ON public.dashboard_destinations USING btree (number varchar_pattern_ops);


--
-- Name: dashboard_destinations_user_client_id_d224ec99; Type: INDEX; Schema: public; Owner: pi
--

CREATE INDEX dashboard_destinations_user_client_id_d224ec99 ON public.dashboard_destinations_user USING btree (client_id);


--
-- Name: dashboard_destinations_user_destinations_id_3ae9de2b; Type: INDEX; Schema: public; Owner: pi
--

CREATE INDEX dashboard_destinations_user_destinations_id_3ae9de2b ON public.dashboard_destinations_user USING btree (destinations_id);


--
-- Name: dashboard_disappearing_inf_destinations_id_e8c452ef; Type: INDEX; Schema: public; Owner: pi
--

CREATE INDEX dashboard_disappearing_inf_destinations_id_e8c452ef ON public.dashboard_disappearing_info_destination USING btree (destinations_id);


--
-- Name: dashboard_disappearing_inf_disappearing_info_id_0a82e722; Type: INDEX; Schema: public; Owner: pi
--

CREATE INDEX dashboard_disappearing_inf_disappearing_info_id_0a82e722 ON public.dashboard_disappearing_info_destination USING btree (disappearing_info_id);


--
-- Name: dashboard_disappearing_rec_destinations_id_27a35825; Type: INDEX; Schema: public; Owner: pi
--

CREATE INDEX dashboard_disappearing_rec_destinations_id_27a35825 ON public.dashboard_disappearing_record_destination USING btree (destinations_id);


--
-- Name: dashboard_disappearing_rec_disappearing_record_id_2ac24277; Type: INDEX; Schema: public; Owner: pi
--

CREATE INDEX dashboard_disappearing_rec_disappearing_record_id_2ac24277 ON public.dashboard_disappearing_record_destination USING btree (disappearing_record_id);


--
-- Name: dashboard_general_info_destination_destinations_id_fdf5bf9d; Type: INDEX; Schema: public; Owner: pi
--

CREATE INDEX dashboard_general_info_destination_destinations_id_fdf5bf9d ON public.dashboard_general_info_destination USING btree (destinations_id);


--
-- Name: dashboard_general_info_destination_general_info_id_35aaddcd; Type: INDEX; Schema: public; Owner: pi
--

CREATE INDEX dashboard_general_info_destination_general_info_id_35aaddcd ON public.dashboard_general_info_destination USING btree (general_info_id);


--
-- Name: dashboard_invoices_destinations_destinations_id_73827919; Type: INDEX; Schema: public; Owner: pi
--

CREATE INDEX dashboard_invoices_destinations_destinations_id_73827919 ON public.dashboard_invoices_destinations USING btree (destinations_id);


--
-- Name: dashboard_invoices_destinations_invoices_id_8ab11df1; Type: INDEX; Schema: public; Owner: pi
--

CREATE INDEX dashboard_invoices_destinations_invoices_id_8ab11df1 ON public.dashboard_invoices_destinations USING btree (invoices_id);


--
-- Name: dashboard_invoices_user_client_id_1329e661; Type: INDEX; Schema: public; Owner: pi
--

CREATE INDEX dashboard_invoices_user_client_id_1329e661 ON public.dashboard_invoices_user USING btree (client_id);


--
-- Name: dashboard_invoices_user_invoices_id_aa17c2b8; Type: INDEX; Schema: public; Owner: pi
--

CREATE INDEX dashboard_invoices_user_invoices_id_aa17c2b8 ON public.dashboard_invoices_user USING btree (invoices_id);


--
-- Name: dashboard_user_forms_destination_destinations_id_a7a30d3a; Type: INDEX; Schema: public; Owner: pi
--

CREATE INDEX dashboard_user_forms_destination_destinations_id_a7a30d3a ON public.dashboard_user_forms_destination USING btree (destinations_id);


--
-- Name: dashboard_user_forms_destination_user_forms_id_1168f1ad; Type: INDEX; Schema: public; Owner: pi
--

CREATE INDEX dashboard_user_forms_destination_user_forms_id_1168f1ad ON public.dashboard_user_forms_destination USING btree (user_forms_id);


--
-- Name: dashboard_user_forms_form_client_client_id_9ede6aee; Type: INDEX; Schema: public; Owner: pi
--

CREATE INDEX dashboard_user_forms_form_client_client_id_9ede6aee ON public.dashboard_user_forms_form_client USING btree (client_id);


--
-- Name: dashboard_user_forms_form_client_user_forms_id_62625b4a; Type: INDEX; Schema: public; Owner: pi
--

CREATE INDEX dashboard_user_forms_form_client_user_forms_id_62625b4a ON public.dashboard_user_forms_form_client USING btree (user_forms_id);


--
-- Name: dashboard_usercontact_destination_destinations_id_647b85ab; Type: INDEX; Schema: public; Owner: pi
--

CREATE INDEX dashboard_usercontact_destination_destinations_id_647b85ab ON public.dashboard_usercontact_destination USING btree (destinations_id);


--
-- Name: dashboard_usercontact_destination_usercontact_id_2bd3fc42; Type: INDEX; Schema: public; Owner: pi
--

CREATE INDEX dashboard_usercontact_destination_usercontact_id_2bd3fc42 ON public.dashboard_usercontact_destination USING btree (usercontact_id);


--
-- Name: dashboard_usercontact_user_client_id_d8cb6806; Type: INDEX; Schema: public; Owner: pi
--

CREATE INDEX dashboard_usercontact_user_client_id_d8cb6806 ON public.dashboard_usercontact_user USING btree (client_id);


--
-- Name: dashboard_usercontact_user_usercontact_id_f0d326a2; Type: INDEX; Schema: public; Owner: pi
--

CREATE INDEX dashboard_usercontact_user_usercontact_id_f0d326a2 ON public.dashboard_usercontact_user USING btree (usercontact_id);


--
-- Name: dashboard_userorder_product_userorder_id_08ee0bcb; Type: INDEX; Schema: public; Owner: pi
--

CREATE INDEX dashboard_userorder_product_userorder_id_08ee0bcb ON public.dashboard_userorder_product USING btree (userorder_id);


--
-- Name: dashboard_userorder_product_userproduct_id_e9c0eee0; Type: INDEX; Schema: public; Owner: pi
--

CREATE INDEX dashboard_userorder_product_userproduct_id_e9c0eee0 ON public.dashboard_userorder_product USING btree (userproduct_id);


--
-- Name: dashboard_userorder_user_client_id_1e15efb3; Type: INDEX; Schema: public; Owner: pi
--

CREATE INDEX dashboard_userorder_user_client_id_1e15efb3 ON public.dashboard_userorder_user USING btree (client_id);


--
-- Name: dashboard_userorder_user_userorder_id_6006c5fb; Type: INDEX; Schema: public; Owner: pi
--

CREATE INDEX dashboard_userorder_user_userorder_id_6006c5fb ON public.dashboard_userorder_user USING btree (userorder_id);


--
-- Name: dashboard_userproduct_destination_destinations_id_e5a568c7; Type: INDEX; Schema: public; Owner: pi
--

CREATE INDEX dashboard_userproduct_destination_destinations_id_e5a568c7 ON public.dashboard_userproduct_destination USING btree (destinations_id);


--
-- Name: dashboard_userproduct_destination_userproduct_id_51ce21a0; Type: INDEX; Schema: public; Owner: pi
--

CREATE INDEX dashboard_userproduct_destination_userproduct_id_51ce21a0 ON public.dashboard_userproduct_destination USING btree (userproduct_id);


--
-- Name: dashboard_userproduct_user_client_id_d6802d90; Type: INDEX; Schema: public; Owner: pi
--

CREATE INDEX dashboard_userproduct_user_client_id_d6802d90 ON public.dashboard_userproduct_user USING btree (client_id);


--
-- Name: dashboard_userproduct_user_userproduct_id_365632bb; Type: INDEX; Schema: public; Owner: pi
--

CREATE INDEX dashboard_userproduct_user_userproduct_id_365632bb ON public.dashboard_userproduct_user USING btree (userproduct_id);


--
-- Name: django_admin_log_content_type_id_c4bce8eb; Type: INDEX; Schema: public; Owner: pi
--

CREATE INDEX django_admin_log_content_type_id_c4bce8eb ON public.django_admin_log USING btree (content_type_id);


--
-- Name: django_admin_log_user_id_c564eba6; Type: INDEX; Schema: public; Owner: pi
--

CREATE INDEX django_admin_log_user_id_c564eba6 ON public.django_admin_log USING btree (user_id);


--
-- Name: django_session_expire_date_a5c62663; Type: INDEX; Schema: public; Owner: pi
--

CREATE INDEX django_session_expire_date_a5c62663 ON public.django_session USING btree (expire_date);


--
-- Name: django_session_session_key_c0390e0f_like; Type: INDEX; Schema: public; Owner: pi
--

CREATE INDEX django_session_session_key_c0390e0f_like ON public.django_session USING btree (session_key varchar_pattern_ops);


--
-- Name: auth_group_permissions auth_group_permissio_permission_id_84c5c92e_fk_auth_perm; Type: FK CONSTRAINT; Schema: public; Owner: pi
--

ALTER TABLE ONLY public.auth_group_permissions
    ADD CONSTRAINT auth_group_permissio_permission_id_84c5c92e_fk_auth_perm FOREIGN KEY (permission_id) REFERENCES public.auth_permission(id) DEFERRABLE INITIALLY DEFERRED;


--
-- Name: auth_group_permissions auth_group_permissions_group_id_b120cbf9_fk_auth_group_id; Type: FK CONSTRAINT; Schema: public; Owner: pi
--

ALTER TABLE ONLY public.auth_group_permissions
    ADD CONSTRAINT auth_group_permissions_group_id_b120cbf9_fk_auth_group_id FOREIGN KEY (group_id) REFERENCES public.auth_group(id) DEFERRABLE INITIALLY DEFERRED;


--
-- Name: auth_permission auth_permission_content_type_id_2f476e4b_fk_django_co; Type: FK CONSTRAINT; Schema: public; Owner: pi
--

ALTER TABLE ONLY public.auth_permission
    ADD CONSTRAINT auth_permission_content_type_id_2f476e4b_fk_django_co FOREIGN KEY (content_type_id) REFERENCES public.django_content_type(id) DEFERRABLE INITIALLY DEFERRED;


--
-- Name: auth_user_groups auth_user_groups_group_id_97559544_fk_auth_group_id; Type: FK CONSTRAINT; Schema: public; Owner: pi
--

ALTER TABLE ONLY public.auth_user_groups
    ADD CONSTRAINT auth_user_groups_group_id_97559544_fk_auth_group_id FOREIGN KEY (group_id) REFERENCES public.auth_group(id) DEFERRABLE INITIALLY DEFERRED;


--
-- Name: auth_user_groups auth_user_groups_user_id_6a12ed8b_fk_auth_user_id; Type: FK CONSTRAINT; Schema: public; Owner: pi
--

ALTER TABLE ONLY public.auth_user_groups
    ADD CONSTRAINT auth_user_groups_user_id_6a12ed8b_fk_auth_user_id FOREIGN KEY (user_id) REFERENCES public.auth_user(id) DEFERRABLE INITIALLY DEFERRED;


--
-- Name: auth_user_user_permissions auth_user_user_permi_permission_id_1fbb5f2c_fk_auth_perm; Type: FK CONSTRAINT; Schema: public; Owner: pi
--

ALTER TABLE ONLY public.auth_user_user_permissions
    ADD CONSTRAINT auth_user_user_permi_permission_id_1fbb5f2c_fk_auth_perm FOREIGN KEY (permission_id) REFERENCES public.auth_permission(id) DEFERRABLE INITIALLY DEFERRED;


--
-- Name: auth_user_user_permissions auth_user_user_permissions_user_id_a95ead1b_fk_auth_user_id; Type: FK CONSTRAINT; Schema: public; Owner: pi
--

ALTER TABLE ONLY public.auth_user_user_permissions
    ADD CONSTRAINT auth_user_user_permissions_user_id_a95ead1b_fk_auth_user_id FOREIGN KEY (user_id) REFERENCES public.auth_user(id) DEFERRABLE INITIALLY DEFERRED;


--
-- Name: dashboard_callstat_destination dashboard_callstat_d_callstat_id_f4f60674_fk_dashboard; Type: FK CONSTRAINT; Schema: public; Owner: pi
--

ALTER TABLE ONLY public.dashboard_callstat_destination
    ADD CONSTRAINT dashboard_callstat_d_callstat_id_f4f60674_fk_dashboard FOREIGN KEY (callstat_id) REFERENCES public.dashboard_callstat(id) DEFERRABLE INITIALLY DEFERRED;


--
-- Name: dashboard_callstat_destination dashboard_callstat_d_destinations_id_e3426f40_fk_dashboard; Type: FK CONSTRAINT; Schema: public; Owner: pi
--

ALTER TABLE ONLY public.dashboard_callstat_destination
    ADD CONSTRAINT dashboard_callstat_d_destinations_id_e3426f40_fk_dashboard FOREIGN KEY (destinations_id) REFERENCES public.dashboard_destinations(id) DEFERRABLE INITIALLY DEFERRED;


--
-- Name: dashboard_client dashboard_client_user_id_3387f7bd_fk_auth_user_id; Type: FK CONSTRAINT; Schema: public; Owner: pi
--

ALTER TABLE ONLY public.dashboard_client
    ADD CONSTRAINT dashboard_client_user_id_3387f7bd_fk_auth_user_id FOREIGN KEY (user_id) REFERENCES public.auth_user(id) DEFERRABLE INITIALLY DEFERRED;


--
-- Name: dashboard_destinations_user dashboard_destinatio_client_id_d224ec99_fk_dashboard; Type: FK CONSTRAINT; Schema: public; Owner: pi
--

ALTER TABLE ONLY public.dashboard_destinations_user
    ADD CONSTRAINT dashboard_destinatio_client_id_d224ec99_fk_dashboard FOREIGN KEY (client_id) REFERENCES public.dashboard_client(id) DEFERRABLE INITIALLY DEFERRED;


--
-- Name: dashboard_destinations_user dashboard_destinatio_destinations_id_3ae9de2b_fk_dashboard; Type: FK CONSTRAINT; Schema: public; Owner: pi
--

ALTER TABLE ONLY public.dashboard_destinations_user
    ADD CONSTRAINT dashboard_destinatio_destinations_id_3ae9de2b_fk_dashboard FOREIGN KEY (destinations_id) REFERENCES public.dashboard_destinations(id) DEFERRABLE INITIALLY DEFERRED;


--
-- Name: dashboard_disappearing_record_destination dashboard_disappeari_destinations_id_27a35825_fk_dashboard; Type: FK CONSTRAINT; Schema: public; Owner: pi
--

ALTER TABLE ONLY public.dashboard_disappearing_record_destination
    ADD CONSTRAINT dashboard_disappeari_destinations_id_27a35825_fk_dashboard FOREIGN KEY (destinations_id) REFERENCES public.dashboard_destinations(id) DEFERRABLE INITIALLY DEFERRED;


--
-- Name: dashboard_disappearing_info_destination dashboard_disappeari_destinations_id_e8c452ef_fk_dashboard; Type: FK CONSTRAINT; Schema: public; Owner: pi
--

ALTER TABLE ONLY public.dashboard_disappearing_info_destination
    ADD CONSTRAINT dashboard_disappeari_destinations_id_e8c452ef_fk_dashboard FOREIGN KEY (destinations_id) REFERENCES public.dashboard_destinations(id) DEFERRABLE INITIALLY DEFERRED;


--
-- Name: dashboard_disappearing_info_destination dashboard_disappeari_disappearing_info_id_0a82e722_fk_dashboard; Type: FK CONSTRAINT; Schema: public; Owner: pi
--

ALTER TABLE ONLY public.dashboard_disappearing_info_destination
    ADD CONSTRAINT dashboard_disappeari_disappearing_info_id_0a82e722_fk_dashboard FOREIGN KEY (disappearing_info_id) REFERENCES public.dashboard_disappearing_info(id) DEFERRABLE INITIALLY DEFERRED;


--
-- Name: dashboard_disappearing_record_destination dashboard_disappeari_disappearing_record__2ac24277_fk_dashboard; Type: FK CONSTRAINT; Schema: public; Owner: pi
--

ALTER TABLE ONLY public.dashboard_disappearing_record_destination
    ADD CONSTRAINT dashboard_disappeari_disappearing_record__2ac24277_fk_dashboard FOREIGN KEY (disappearing_record_id) REFERENCES public.dashboard_disappearing_record(id) DEFERRABLE INITIALLY DEFERRED;


--
-- Name: dashboard_general_info_destination dashboard_general_in_destinations_id_fdf5bf9d_fk_dashboard; Type: FK CONSTRAINT; Schema: public; Owner: pi
--

ALTER TABLE ONLY public.dashboard_general_info_destination
    ADD CONSTRAINT dashboard_general_in_destinations_id_fdf5bf9d_fk_dashboard FOREIGN KEY (destinations_id) REFERENCES public.dashboard_destinations(id) DEFERRABLE INITIALLY DEFERRED;


--
-- Name: dashboard_general_info_destination dashboard_general_in_general_info_id_35aaddcd_fk_dashboard; Type: FK CONSTRAINT; Schema: public; Owner: pi
--

ALTER TABLE ONLY public.dashboard_general_info_destination
    ADD CONSTRAINT dashboard_general_in_general_info_id_35aaddcd_fk_dashboard FOREIGN KEY (general_info_id) REFERENCES public.dashboard_general_info(id) DEFERRABLE INITIALLY DEFERRED;


--
-- Name: dashboard_invoices_destinations dashboard_invoices_d_destinations_id_73827919_fk_dashboard; Type: FK CONSTRAINT; Schema: public; Owner: pi
--

ALTER TABLE ONLY public.dashboard_invoices_destinations
    ADD CONSTRAINT dashboard_invoices_d_destinations_id_73827919_fk_dashboard FOREIGN KEY (destinations_id) REFERENCES public.dashboard_destinations(id) DEFERRABLE INITIALLY DEFERRED;


--
-- Name: dashboard_invoices_destinations dashboard_invoices_destinations_invoices_id_8ab11df1_fk; Type: FK CONSTRAINT; Schema: public; Owner: pi
--

ALTER TABLE ONLY public.dashboard_invoices_destinations
    ADD CONSTRAINT dashboard_invoices_destinations_invoices_id_8ab11df1_fk FOREIGN KEY (invoices_id) REFERENCES public.dashboard_invoices(id) DEFERRABLE INITIALLY DEFERRED;


--
-- Name: dashboard_invoices_user dashboard_invoices_u_client_id_1329e661_fk_dashboard; Type: FK CONSTRAINT; Schema: public; Owner: pi
--

ALTER TABLE ONLY public.dashboard_invoices_user
    ADD CONSTRAINT dashboard_invoices_u_client_id_1329e661_fk_dashboard FOREIGN KEY (client_id) REFERENCES public.dashboard_client(id) DEFERRABLE INITIALLY DEFERRED;


--
-- Name: dashboard_invoices_user dashboard_invoices_u_invoices_id_aa17c2b8_fk_dashboard; Type: FK CONSTRAINT; Schema: public; Owner: pi
--

ALTER TABLE ONLY public.dashboard_invoices_user
    ADD CONSTRAINT dashboard_invoices_u_invoices_id_aa17c2b8_fk_dashboard FOREIGN KEY (invoices_id) REFERENCES public.dashboard_invoices(id) DEFERRABLE INITIALLY DEFERRED;


--
-- Name: dashboard_user_forms_form_client dashboard_user_forms_client_id_9ede6aee_fk_dashboard; Type: FK CONSTRAINT; Schema: public; Owner: pi
--

ALTER TABLE ONLY public.dashboard_user_forms_form_client
    ADD CONSTRAINT dashboard_user_forms_client_id_9ede6aee_fk_dashboard FOREIGN KEY (client_id) REFERENCES public.dashboard_client(id) DEFERRABLE INITIALLY DEFERRED;


--
-- Name: dashboard_user_forms_destination dashboard_user_forms_destinations_id_a7a30d3a_fk_dashboard; Type: FK CONSTRAINT; Schema: public; Owner: pi
--

ALTER TABLE ONLY public.dashboard_user_forms_destination
    ADD CONSTRAINT dashboard_user_forms_destinations_id_a7a30d3a_fk_dashboard FOREIGN KEY (destinations_id) REFERENCES public.dashboard_destinations(id) DEFERRABLE INITIALLY DEFERRED;


--
-- Name: dashboard_user_forms_destination dashboard_user_forms_user_forms_id_1168f1ad_fk_dashboard; Type: FK CONSTRAINT; Schema: public; Owner: pi
--

ALTER TABLE ONLY public.dashboard_user_forms_destination
    ADD CONSTRAINT dashboard_user_forms_user_forms_id_1168f1ad_fk_dashboard FOREIGN KEY (user_forms_id) REFERENCES public.dashboard_user_forms(id) DEFERRABLE INITIALLY DEFERRED;


--
-- Name: dashboard_user_forms_form_client dashboard_user_forms_user_forms_id_62625b4a_fk_dashboard; Type: FK CONSTRAINT; Schema: public; Owner: pi
--

ALTER TABLE ONLY public.dashboard_user_forms_form_client
    ADD CONSTRAINT dashboard_user_forms_user_forms_id_62625b4a_fk_dashboard FOREIGN KEY (user_forms_id) REFERENCES public.dashboard_user_forms(id) DEFERRABLE INITIALLY DEFERRED;


--
-- Name: dashboard_usercontact_user dashboard_usercontac_client_id_d8cb6806_fk_dashboard; Type: FK CONSTRAINT; Schema: public; Owner: pi
--

ALTER TABLE ONLY public.dashboard_usercontact_user
    ADD CONSTRAINT dashboard_usercontac_client_id_d8cb6806_fk_dashboard FOREIGN KEY (client_id) REFERENCES public.dashboard_client(id) DEFERRABLE INITIALLY DEFERRED;


--
-- Name: dashboard_usercontact_destination dashboard_usercontac_destinations_id_647b85ab_fk_dashboard; Type: FK CONSTRAINT; Schema: public; Owner: pi
--

ALTER TABLE ONLY public.dashboard_usercontact_destination
    ADD CONSTRAINT dashboard_usercontac_destinations_id_647b85ab_fk_dashboard FOREIGN KEY (destinations_id) REFERENCES public.dashboard_destinations(id) DEFERRABLE INITIALLY DEFERRED;


--
-- Name: dashboard_usercontact_destination dashboard_usercontac_usercontact_id_2bd3fc42_fk_dashboard; Type: FK CONSTRAINT; Schema: public; Owner: pi
--

ALTER TABLE ONLY public.dashboard_usercontact_destination
    ADD CONSTRAINT dashboard_usercontac_usercontact_id_2bd3fc42_fk_dashboard FOREIGN KEY (usercontact_id) REFERENCES public.dashboard_usercontact(id) DEFERRABLE INITIALLY DEFERRED;


--
-- Name: dashboard_usercontact_user dashboard_usercontac_usercontact_id_f0d326a2_fk_dashboard; Type: FK CONSTRAINT; Schema: public; Owner: pi
--

ALTER TABLE ONLY public.dashboard_usercontact_user
    ADD CONSTRAINT dashboard_usercontac_usercontact_id_f0d326a2_fk_dashboard FOREIGN KEY (usercontact_id) REFERENCES public.dashboard_usercontact(id) DEFERRABLE INITIALLY DEFERRED;


--
-- Name: dashboard_userorder_user dashboard_userorder__client_id_1e15efb3_fk_dashboard; Type: FK CONSTRAINT; Schema: public; Owner: pi
--

ALTER TABLE ONLY public.dashboard_userorder_user
    ADD CONSTRAINT dashboard_userorder__client_id_1e15efb3_fk_dashboard FOREIGN KEY (client_id) REFERENCES public.dashboard_client(id) DEFERRABLE INITIALLY DEFERRED;


--
-- Name: dashboard_userorder_product dashboard_userorder__userorder_id_08ee0bcb_fk_dashboard; Type: FK CONSTRAINT; Schema: public; Owner: pi
--

ALTER TABLE ONLY public.dashboard_userorder_product
    ADD CONSTRAINT dashboard_userorder__userorder_id_08ee0bcb_fk_dashboard FOREIGN KEY (userorder_id) REFERENCES public.dashboard_userorder(id) DEFERRABLE INITIALLY DEFERRED;


--
-- Name: dashboard_userorder_user dashboard_userorder__userorder_id_6006c5fb_fk_dashboard; Type: FK CONSTRAINT; Schema: public; Owner: pi
--

ALTER TABLE ONLY public.dashboard_userorder_user
    ADD CONSTRAINT dashboard_userorder__userorder_id_6006c5fb_fk_dashboard FOREIGN KEY (userorder_id) REFERENCES public.dashboard_userorder(id) DEFERRABLE INITIALLY DEFERRED;


--
-- Name: dashboard_userorder_product dashboard_userorder__userproduct_id_e9c0eee0_fk_dashboard; Type: FK CONSTRAINT; Schema: public; Owner: pi
--

ALTER TABLE ONLY public.dashboard_userorder_product
    ADD CONSTRAINT dashboard_userorder__userproduct_id_e9c0eee0_fk_dashboard FOREIGN KEY (userproduct_id) REFERENCES public.dashboard_userproduct(id) DEFERRABLE INITIALLY DEFERRED;


--
-- Name: dashboard_userproduct_user dashboard_userproduc_client_id_d6802d90_fk_dashboard; Type: FK CONSTRAINT; Schema: public; Owner: pi
--

ALTER TABLE ONLY public.dashboard_userproduct_user
    ADD CONSTRAINT dashboard_userproduc_client_id_d6802d90_fk_dashboard FOREIGN KEY (client_id) REFERENCES public.dashboard_client(id) DEFERRABLE INITIALLY DEFERRED;


--
-- Name: dashboard_userproduct_destination dashboard_userproduc_destinations_id_e5a568c7_fk_dashboard; Type: FK CONSTRAINT; Schema: public; Owner: pi
--

ALTER TABLE ONLY public.dashboard_userproduct_destination
    ADD CONSTRAINT dashboard_userproduc_destinations_id_e5a568c7_fk_dashboard FOREIGN KEY (destinations_id) REFERENCES public.dashboard_destinations(id) DEFERRABLE INITIALLY DEFERRED;


--
-- Name: dashboard_userproduct_user dashboard_userproduc_userproduct_id_365632bb_fk_dashboard; Type: FK CONSTRAINT; Schema: public; Owner: pi
--

ALTER TABLE ONLY public.dashboard_userproduct_user
    ADD CONSTRAINT dashboard_userproduc_userproduct_id_365632bb_fk_dashboard FOREIGN KEY (userproduct_id) REFERENCES public.dashboard_userproduct(id) DEFERRABLE INITIALLY DEFERRED;


--
-- Name: dashboard_userproduct_destination dashboard_userproduc_userproduct_id_51ce21a0_fk_dashboard; Type: FK CONSTRAINT; Schema: public; Owner: pi
--

ALTER TABLE ONLY public.dashboard_userproduct_destination
    ADD CONSTRAINT dashboard_userproduc_userproduct_id_51ce21a0_fk_dashboard FOREIGN KEY (userproduct_id) REFERENCES public.dashboard_userproduct(id) DEFERRABLE INITIALLY DEFERRED;


--
-- Name: django_admin_log django_admin_log_content_type_id_c4bce8eb_fk_django_co; Type: FK CONSTRAINT; Schema: public; Owner: pi
--

ALTER TABLE ONLY public.django_admin_log
    ADD CONSTRAINT django_admin_log_content_type_id_c4bce8eb_fk_django_co FOREIGN KEY (content_type_id) REFERENCES public.django_content_type(id) DEFERRABLE INITIALLY DEFERRED;


--
-- Name: django_admin_log django_admin_log_user_id_c564eba6_fk_auth_user_id; Type: FK CONSTRAINT; Schema: public; Owner: pi
--

ALTER TABLE ONLY public.django_admin_log
    ADD CONSTRAINT django_admin_log_user_id_c564eba6_fk_auth_user_id FOREIGN KEY (user_id) REFERENCES public.auth_user(id) DEFERRABLE INITIALLY DEFERRED;


--
-- PostgreSQL database dump complete
--

